# Blender 3.5.1
# www.blender.org
mtllib water-surface2.mtl
o 立方体
v -24.999998 35.000000 -50.000000
v 25.000002 35.000000 -50.000000
v -25.000002 0.000000 -0.000002
v -25.000002 35.000000 -0.000002
v 24.999998 0.000000 0.000002
v 24.999998 35.000000 0.000002
v -24.019606 35.000000 -50.000000
v -23.039213 35.000000 -50.000000
v -22.058823 35.000000 -50.000000
v -21.078430 35.000000 -50.000000
v -20.098038 35.000000 -50.000000
v -19.117645 35.000000 -50.000000
v -18.137253 35.000000 -50.000000
v -17.156862 35.000000 -50.000000
v -16.176470 35.000000 -50.000000
v -15.196078 35.000000 -50.000000
v -14.215686 35.000000 -50.000000
v -13.235293 35.000000 -50.000000
v -12.254902 35.000000 -50.000000
v -11.274509 35.000000 -50.000000
v -10.294118 35.000000 -50.000000
v -9.313725 35.000000 -50.000000
v -8.333333 35.000000 -50.000000
v -7.352942 35.000000 -50.000000
v -6.372549 35.000000 -50.000000
v -5.392157 35.000000 -50.000000
v -4.411765 35.000000 -50.000000
v -3.431373 35.000000 -50.000000
v -2.450980 35.000000 -50.000000
v -1.470588 35.000000 -50.000000
v -0.490196 35.000000 -50.000000
v 0.490196 35.000000 -50.000000
v 1.470588 35.000000 -50.000000
v 2.450981 35.000000 -50.000000
v 3.431373 35.000000 -50.000000
v 4.411765 35.000000 -50.000000
v 5.392157 35.000000 -50.000000
v 6.372549 35.000000 -50.000000
v 7.352941 35.000000 -50.000000
v 8.333333 35.000000 -50.000000
v 9.313725 35.000000 -50.000000
v 10.294117 35.000000 -50.000000
v 11.274509 35.000000 -50.000000
v 12.254902 35.000000 -50.000000
v 13.235294 35.000000 -50.000000
v 14.215687 35.000000 -50.000000
v 15.196078 35.000000 -50.000000
v 16.176472 35.000000 -50.000000
v 17.156864 35.000000 -50.000000
v 18.137257 35.000000 -50.000000
v 19.117647 35.000000 -50.000000
v 20.098040 35.000000 -50.000000
v 21.078432 35.000000 -50.000000
v 22.058825 35.000000 -50.000000
v 23.039217 35.000000 -50.000000
v 24.019609 35.000000 -50.000000
v 25.000002 35.000000 -49.019608
v 25.000002 35.000000 -48.039215
v 25.000002 35.000000 -47.058823
v 25.000000 35.000000 -46.078430
v 25.000000 35.000000 -45.098038
v 25.000000 35.000000 -44.117645
v 25.000000 35.000000 -43.137253
v 25.000000 35.000000 -42.156860
v 25.000000 35.000000 -41.176468
v 25.000000 35.000000 -40.196079
v 25.000000 35.000000 -39.215687
v 25.000000 35.000000 -38.235294
v 25.000000 35.000000 -37.254902
v 25.000000 35.000000 -36.274509
v 25.000000 35.000000 -35.294117
v 25.000000 35.000000 -34.313725
v 25.000000 35.000000 -33.333332
v 25.000000 35.000000 -32.352943
v 25.000000 35.000000 -31.372549
v 25.000000 35.000000 -30.392157
v 25.000000 35.000000 -29.411766
v 25.000000 35.000000 -28.431374
v 25.000000 35.000000 -27.450981
v 25.000000 35.000000 -26.470589
v 25.000000 35.000000 -25.490196
v 25.000000 35.000000 -24.509804
v 25.000000 35.000000 -23.529411
v 25.000000 35.000000 -22.549019
v 25.000000 35.000000 -21.568626
v 25.000000 35.000000 -20.588236
v 25.000000 35.000000 -19.607843
v 25.000000 35.000000 -18.627451
v 25.000000 35.000000 -17.647058
v 25.000000 35.000000 -16.666668
v 25.000000 35.000000 -15.686275
v 25.000000 35.000000 -14.705883
v 25.000000 35.000000 -13.725491
v 25.000000 35.000000 -12.745098
v 25.000000 35.000000 -11.764706
v 25.000000 35.000000 -10.784313
v 25.000000 35.000000 -9.803922
v 25.000000 35.000000 -8.823528
v 25.000000 35.000000 -7.843136
v 25.000000 35.000000 -6.862743
v 25.000000 35.000000 -5.882353
v 25.000000 35.000000 -4.901960
v 25.000000 35.000000 -3.921568
v 24.999998 35.000000 -2.941175
v 24.999998 35.000000 -1.960783
v 24.999998 35.000000 -0.980391
v 24.019606 35.000000 0.000002
v 23.039213 35.000000 0.000002
v 22.058823 35.000000 0.000002
v 21.078430 35.000000 0.000000
v 20.098038 35.000000 0.000000
v 19.117645 35.000000 0.000000
v 18.137253 35.000000 0.000000
v 17.156862 35.000000 0.000000
v 16.176470 35.000000 0.000000
v 15.196078 35.000000 0.000000
v 14.215686 35.000000 0.000000
v 13.235293 35.000000 0.000000
v 12.254902 35.000000 0.000000
v 11.274509 35.000000 0.000000
v 10.294118 35.000000 0.000000
v 9.313725 35.000000 0.000000
v 8.333333 35.000000 0.000000
v 7.352942 35.000000 0.000000
v 6.372549 35.000000 0.000000
v 5.392157 35.000000 0.000000
v 4.411765 35.000000 0.000000
v 3.431373 35.000000 0.000000
v 2.450980 35.000000 0.000000
v 1.470588 35.000000 0.000000
v 0.490196 35.000000 0.000000
v -0.490196 35.000000 0.000000
v -1.470588 35.000000 0.000000
v -2.450981 35.000000 0.000000
v -3.431373 35.000000 0.000000
v -4.411765 35.000000 0.000000
v -5.392157 35.000000 0.000000
v -6.372549 35.000000 0.000000
v -7.352941 35.000000 0.000000
v -8.333333 35.000000 0.000000
v -9.313725 35.000000 0.000000
v -10.294117 35.000000 0.000000
v -11.274509 35.000000 0.000000
v -12.254902 35.000000 0.000000
v -13.235294 35.000000 0.000000
v -14.215687 35.000000 0.000000
v -15.196078 35.000000 0.000000
v -16.176472 35.000000 0.000000
v -17.156864 35.000000 0.000000
v -18.137257 35.000000 0.000000
v -19.117647 35.000000 0.000000
v -20.098040 35.000000 0.000000
v -21.078432 35.000000 0.000000
v -22.058825 35.000000 -0.000002
v -23.039217 35.000000 -0.000002
v -24.019609 35.000000 -0.000002
v -25.000002 35.000000 -0.980394
v -25.000002 35.000000 -1.960787
v -25.000002 35.000000 -2.941177
v -25.000000 35.000000 -3.921570
v -25.000000 35.000000 -4.901962
v -25.000000 35.000000 -5.882355
v -25.000000 35.000000 -6.862747
v -25.000000 35.000000 -7.843138
v -25.000000 35.000000 -8.823530
v -25.000000 35.000000 -9.803922
v -25.000000 35.000000 -10.784314
v -25.000000 35.000000 -11.764707
v -25.000000 35.000000 -12.745098
v -25.000000 35.000000 -13.725491
v -25.000000 35.000000 -14.705882
v -25.000000 35.000000 -15.686275
v -25.000000 35.000000 -16.666668
v -25.000000 35.000000 -17.647058
v -25.000000 35.000000 -18.627451
v -25.000000 35.000000 -19.607843
v -25.000000 35.000000 -20.588234
v -25.000000 35.000000 -21.568626
v -25.000000 35.000000 -22.549019
v -25.000000 35.000000 -23.529411
v -25.000000 35.000000 -24.509804
v -25.000000 35.000000 -25.490196
v -25.000000 35.000000 -26.470589
v -25.000000 35.000000 -27.450981
v -25.000000 35.000000 -28.431374
v -25.000000 35.000000 -29.411764
v -25.000000 35.000000 -30.392157
v -25.000000 35.000000 -31.372549
v -25.000000 35.000000 -32.352940
v -25.000000 35.000000 -33.333332
v -25.000000 35.000000 -34.313725
v -25.000000 35.000000 -35.294117
v -25.000000 35.000000 -36.274509
v -25.000000 35.000000 -37.254902
v -25.000000 35.000000 -38.235294
v -25.000000 35.000000 -39.215687
v -25.000000 35.000000 -40.196079
v -25.000000 35.000000 -41.176472
v -25.000000 35.000000 -42.156864
v -25.000000 35.000000 -43.137257
v -25.000000 35.000000 -44.117645
v -25.000000 35.000000 -45.098038
v -25.000000 35.000000 -46.078430
v -24.999998 35.000000 -47.058823
v -24.999998 35.000000 -48.039215
v -24.999998 35.000000 -49.019608
v 24.019606 34.425674 -0.980391
v 23.039213 34.644917 -0.980391
v 22.058823 34.831978 -0.980391
v 21.078430 34.975975 -0.980392
v 20.098038 35.115204 -0.980392
v 19.117645 35.294884 -0.980392
v 18.137253 35.435394 -0.980392
v 17.156862 35.462952 -0.980392
v 16.176470 35.349655 -0.980392
v 15.196078 35.113403 -0.980392
v 14.215686 34.903778 -0.980392
v 13.235293 34.862114 -0.980392
v 12.254902 34.871243 -0.980392
v 11.274509 34.836475 -0.980392
v 10.294118 34.692726 -0.980392
v 9.313725 34.408043 -0.980392
v 8.333333 34.114090 -0.980392
v 7.352942 33.984131 -0.980392
v 6.372549 34.042381 -0.980392
v 5.392157 34.159309 -0.980392
v 4.411765 34.135483 -0.980392
v 3.431373 34.038742 -0.980392
v 2.450981 33.823158 -0.980392
v 1.470588 33.510490 -0.980392
v 0.490196 33.220757 -0.980392
v -0.490196 33.139587 -0.980392
v -1.470588 33.215790 -0.980392
v -2.450980 33.347652 -0.980392
v -3.431373 33.460155 -0.980392
v -4.411765 33.489529 -0.980392
v -5.392157 33.385063 -0.980392
v -6.372549 33.206795 -0.980392
v -7.352941 33.120914 -0.980392
v -8.333333 33.213295 -0.980392
v -9.313725 33.474876 -0.980392
v -10.294117 33.815960 -0.980392
v -11.274509 34.275665 -0.980392
v -12.254902 34.757484 -0.980392
v -13.235294 35.166061 -0.980392
v -14.215687 35.488522 -0.980392
v -15.196078 35.785316 -0.980392
v -16.176472 35.920692 -0.980392
v -17.156864 35.963551 -0.980392
v -18.137257 36.047462 -0.980392
v -19.117647 36.208118 -0.980392
v -20.098040 36.383835 -0.980392
v -21.078432 36.507195 -0.980392
v -22.058825 36.560558 -0.980394
v -23.039217 36.551895 -0.980394
v -24.019609 36.543163 -0.980394
v 24.019606 34.274040 -1.960783
v 23.039213 34.461296 -1.960783
v 22.058823 34.653381 -1.960783
v 21.078430 34.819725 -1.960785
v 20.098038 34.957733 -1.960785
v 19.117645 35.075439 -1.960785
v 18.137253 35.139702 -1.960785
v 17.156862 35.124100 -1.960785
v 16.176470 35.021793 -1.960785
v 15.196078 34.845505 -1.960785
v 14.215686 34.718399 -1.960785
v 13.235293 34.753525 -1.960785
v 12.254902 34.814438 -1.960785
v 11.274509 34.805740 -1.960785
v 10.294118 34.680374 -1.960785
v 9.313725 34.448456 -1.960785
v 8.333333 34.258129 -1.960785
v 7.352942 34.242073 -1.960785
v 6.372549 34.391899 -1.960785
v 5.392157 34.556099 -1.960785
v 4.411765 34.510208 -1.960785
v 3.431373 34.311470 -1.960785
v 2.450981 33.994656 -1.960785
v 1.470588 33.632034 -1.960785
v 0.490196 33.354378 -1.960785
v -0.490196 33.315929 -1.960785
v -1.470588 33.403915 -1.960785
v -2.450980 33.496147 -1.960785
v -3.431373 33.529503 -1.960785
v -4.411765 33.481232 -1.960785
v -5.392157 33.364784 -1.960785
v -6.372549 33.233555 -1.960785
v -7.352941 33.212807 -1.960785
v -8.333333 33.361328 -1.960785
v -9.313725 33.652157 -1.960785
v -10.294117 33.985558 -1.960785
v -11.274509 34.396049 -1.960785
v -12.254902 34.826305 -1.960785
v -13.235294 35.208641 -1.960785
v -14.215687 35.533150 -1.960785
v -15.196078 35.838455 -1.960785
v -16.176472 35.951851 -1.960785
v -17.156864 35.932755 -1.960785
v -18.137257 35.925903 -1.960785
v -19.117647 35.993896 -1.960785
v -20.098040 36.116901 -1.960785
v -21.078432 36.192074 -1.960785
v -22.058825 36.182190 -1.960787
v -23.039217 36.123089 -1.960787
v -24.019609 36.093033 -1.960787
v 24.019606 34.136570 -2.941175
v 23.039213 34.254944 -2.941175
v 22.058823 34.413628 -2.941175
v 21.078430 34.571602 -2.941177
v 20.098038 34.690094 -2.941177
v 19.117645 34.747997 -2.941177
v 18.137253 34.766449 -2.941177
v 17.156862 34.758167 -2.941177
v 16.176470 34.723553 -2.941177
v 15.196078 34.650772 -2.941177
v 14.215686 34.626320 -2.941177
v 13.235293 34.749649 -2.941177
v 12.254902 34.863762 -2.941177
v 11.274509 34.874451 -2.941177
v 10.294118 34.758606 -2.941177
v 9.313725 34.565926 -2.941177
v 8.333333 34.438187 -2.941177
v 7.352942 34.479813 -2.941177
v 6.372549 34.666710 -2.941177
v 5.392157 34.844505 -2.941177
v 4.411765 34.781906 -2.941177
v 3.431373 34.523502 -2.941177
v 2.450981 34.175064 -2.941177
v 1.470588 33.842518 -2.941177
v 0.490196 33.642506 -2.941177
v -0.490196 33.671577 -2.941177
v -1.470588 33.770256 -2.941177
v -2.450980 33.802734 -2.941177
v -3.431373 33.725903 -2.941177
v -4.411765 33.572350 -2.941177
v -5.392157 33.435219 -2.941177
v -6.372549 33.332851 -2.941177
v -7.352941 33.345783 -2.941177
v -8.333333 33.514156 -2.941177
v -9.313725 33.803761 -2.941177
v -10.294117 34.115761 -2.941177
v -11.274509 34.463867 -2.941177
v -12.254902 34.829281 -2.941177
v -13.235294 35.176739 -2.941177
v -14.215687 35.499214 -2.941177
v -15.196078 35.809624 -2.941177
v -16.176472 35.920471 -2.941177
v -17.156864 35.879547 -2.941177
v -18.137257 35.825996 -2.941177
v -19.117647 35.835491 -2.941177
v -20.098040 35.919472 -2.941177
v -21.078432 35.958206 -2.941177
v -22.058825 35.908756 -2.941179
v -23.039217 35.829239 -2.941179
v -24.019609 35.805984 -2.941177
v 24.019608 34.006874 -3.921568
v 23.039215 34.060246 -3.921568
v 22.058825 34.179863 -3.921568
v 21.078432 34.319412 -3.921570
v 20.098040 34.412514 -3.921570
v 19.117647 34.424637 -3.921570
v 18.137255 34.430756 -3.921570
v 17.156864 34.466835 -3.921570
v 16.176472 34.528694 -3.921570
v 15.196078 34.572388 -3.921570
v 14.215686 34.646229 -3.921570
v 13.235293 34.844246 -3.921570
v 12.254902 34.995941 -3.921570
v 11.274509 35.012287 -3.921570
v 10.294118 34.895103 -3.921570
v 9.313725 34.719223 -3.921570
v 8.333333 34.594570 -3.921570
v 7.352942 34.619911 -3.921570
v 6.372549 34.779171 -3.921570
v 5.392157 34.937241 -3.921570
v 4.411765 34.876572 -3.921570
v 3.431373 34.624336 -3.921570
v 2.450981 34.325256 -3.921570
v 1.470588 34.092346 -3.921570
v 0.490196 34.008774 -3.921570
v -0.490196 34.107964 -3.921570
v -1.470588 34.221104 -3.921570
v -2.450980 34.206242 -3.921570
v -3.431373 34.036911 -3.921570
v -4.411765 33.793243 -3.921570
v -5.392157 33.635551 -3.921570
v -6.372549 33.539326 -3.921570
v -7.352941 33.550896 -3.921570
v -8.333333 33.703537 -3.921570
v -9.313725 33.966541 -3.921570
v -10.294117 34.250984 -3.921570
v -11.274509 34.540649 -3.921570
v -12.254902 34.842754 -3.921570
v -13.235294 35.148952 -3.921570
v -14.215687 35.454346 -3.921570
v -15.196078 35.750603 -3.921570
v -16.176470 35.856537 -3.921570
v -17.156862 35.811951 -3.921570
v -18.137255 35.741638 -3.921570
v -19.117645 35.722469 -3.921570
v -20.098038 35.782425 -3.921570
v -21.078430 35.806385 -3.921570
v -22.058823 35.756050 -3.921572
v -23.039215 35.697144 -3.921572
v -24.019608 35.710846 -3.921570
v 24.019608 33.860352 -4.901960
v 23.039215 33.903873 -4.901960
v 22.058825 34.024158 -4.901960
v 21.078432 34.166748 -4.901962
v 20.098040 34.246056 -4.901962
v 19.117647 34.229637 -4.901962
v 18.137255 34.236023 -4.901962
v 17.156864 34.310020 -4.901962
v 16.176472 34.442497 -4.901962
v 15.196078 34.571003 -4.901962
v 14.215686 34.715271 -4.901962
v 13.235293 34.954483 -4.901962
v 12.254902 35.117874 -4.901962
v 11.274509 35.125912 -4.901962
v 10.294118 34.999668 -4.901962
v 9.313725 34.819561 -4.901962
v 8.333333 34.653412 -4.901962
v 7.352942 34.615257 -4.901962
v 6.372549 34.713951 -4.901962
v 5.392157 34.845055 -4.901962
v 4.411765 34.814445 -4.901962
v 3.431373 34.625065 -4.901962
v 2.450981 34.420395 -4.901962
v 1.470589 34.299255 -4.901962
v 0.490196 34.312363 -4.901962
v -0.490196 34.455658 -4.901962
v -1.470588 34.591625 -4.901962
v -2.450980 34.575363 -4.901962
v -3.431373 34.381496 -4.901962
v -4.411765 34.106873 -4.901962
v -5.392157 33.939503 -4.901962
v -6.372549 33.837944 -4.901962
v -7.352941 33.835213 -4.901962
v -8.333333 33.964340 -4.901962
v -9.313725 34.200523 -4.901962
v -10.294117 34.464188 -4.901962
v -11.274509 34.715561 -4.901962
v -12.254902 34.968510 -4.901962
v -13.235294 35.226807 -4.901962
v -14.215687 35.487167 -4.901962
v -15.196078 35.733219 -4.901962
v -16.176470 35.796387 -4.901962
v -17.156862 35.718056 -4.901962
v -18.137255 35.617065 -4.901962
v -19.117645 35.570633 -4.901962
v -20.098038 35.613369 -4.901962
v -21.078430 35.644562 -4.901962
v -22.058823 35.628319 -4.901964
v -23.039215 35.620659 -4.901964
v -24.019608 35.685883 -4.901962
v 24.019608 33.674149 -5.882353
v 23.039215 33.775436 -5.882353
v 22.058825 33.959808 -5.882353
v 21.078432 34.153076 -5.882355
v 20.098040 34.246201 -5.882355
v 19.117647 34.218048 -5.882355
v 18.137255 34.222775 -5.882355
v 17.156864 34.297173 -5.882355
v 16.176472 34.432343 -5.882355
v 15.196078 34.574791 -5.882355
v 14.215686 34.733574 -5.882355
v 13.235293 34.959099 -5.882355
v 12.254902 35.105740 -5.882355
v 11.274509 35.107914 -5.882355
v 10.294118 34.987610 -5.882355
v 9.313725 34.808029 -5.882355
v 8.333333 34.615452 -5.882355
v 7.352942 34.534561 -5.882355
v 6.372549 34.593567 -5.882355
v 5.392157 34.714760 -5.882355
v 4.411765 34.731083 -5.882355
v 3.431373 34.626625 -5.882355
v 2.450981 34.516689 -5.882355
v 1.470589 34.476788 -5.882355
v 0.490196 34.537979 -5.882355
v -0.490196 34.689117 -5.882355
v -1.470588 34.834728 -5.882355
v -2.450980 34.831520 -5.882355
v -3.431373 34.647991 -5.882355
v -4.411765 34.375866 -5.882355
v -5.392157 34.201576 -5.882355
v -6.372549 34.100349 -5.882355
v -7.352941 34.099228 -5.882355
v -8.333333 34.223366 -5.882355
v -9.313725 34.444817 -5.882355
v -10.294117 34.685188 -5.882355
v -11.274509 34.903763 -5.882355
v -12.254902 35.115845 -5.882355
v -13.235294 35.325542 -5.882355
v -14.215687 35.526810 -5.882355
v -15.196078 35.698856 -5.882355
v -16.176470 35.707260 -5.882355
v -17.156862 35.594223 -5.882355
v -18.137255 35.462784 -5.882355
v -19.117645 35.382935 -5.882355
v -20.098038 35.390812 -5.882355
v -21.078430 35.409122 -5.882355
v -22.058823 35.413292 -5.882357
v -23.039215 35.448547 -5.882357
v -24.019608 35.557808 -5.882355
v 24.019608 33.491283 -6.862743
v 23.039215 33.635609 -6.862743
v 22.058825 33.875420 -6.862743
v 21.078432 34.119469 -6.862745
v 20.098040 34.233131 -6.862745
v 19.117647 34.212696 -6.862745
v 18.137255 34.240051 -6.862745
v 17.156864 34.318054 -6.862745
v 16.176472 34.429466 -6.862745
v 15.196078 34.538696 -6.862745
v 14.215686 34.659035 -6.862745
v 13.235293 34.827415 -6.862745
v 12.254902 34.947624 -6.862745
v 11.274509 34.968094 -6.862745
v 10.294118 34.886749 -6.862745
v 9.313725 34.728241 -6.862745
v 8.333333 34.549892 -6.862745
v 7.352942 34.464989 -6.862745
v 6.372549 34.506016 -6.862745
v 5.392157 34.618652 -6.862745
v 4.411765 34.673096 -6.862745
v 3.431373 34.647911 -6.862745
v 2.450981 34.626221 -6.862745
v 1.470589 34.658470 -6.862745
v 0.490196 34.758099 -6.862745
v -0.490196 34.908081 -6.862745
v -1.470588 35.037506 -6.862745
v -2.450980 35.011604 -6.862745
v -3.431372 34.802498 -6.862745
v -4.411765 34.504555 -6.862745
v -5.392157 34.309692 -6.862745
v -6.372549 34.217690 -6.862745
v -7.352941 34.235550 -6.862745
v -8.333333 34.366383 -6.862745
v -9.313725 34.569180 -6.862745
v -10.294117 34.762165 -6.862745
v -11.274509 34.923378 -6.862745
v -12.254902 35.085037 -6.862745
v -13.235294 35.253483 -6.862745
v -14.215687 35.412411 -6.862745
v -15.196078 35.522026 -6.862745
v -16.176470 35.524231 -6.862745
v -17.156862 35.445610 -6.862745
v -18.137255 35.333908 -6.862745
v -19.117645 35.231285 -6.862745
v -20.098038 35.173679 -6.862745
v -21.078430 35.129501 -6.862745
v -22.058823 35.113815 -6.862747
v -23.039215 35.173431 -6.862747
v -24.019608 35.326950 -6.862747
v 24.019608 33.351807 -7.843136
v 23.039215 33.488235 -7.843136
v 22.058825 33.726830 -7.843136
v 21.078432 33.977245 -7.843138
v 20.098040 34.095402 -7.843138
v 19.117647 34.098732 -7.843138
v 18.137255 34.174149 -7.843138
v 17.156864 34.274380 -7.843138
v 16.176472 34.364719 -7.843138
v 15.196078 34.425423 -7.843138
v 14.215686 34.484497 -7.843138
v 13.235293 34.586678 -7.843138
v 12.254902 34.689327 -7.843138
v 11.274509 34.748814 -7.843138
v 10.294118 34.722900 -7.843138
v 9.313725 34.587975 -7.843138
v 8.333333 34.436108 -7.843138
v 7.352942 34.360126 -7.843138
v 6.372549 34.389606 -7.843138
v 5.392157 34.491028 -7.843138
v 4.411765 34.572285 -7.843138
v 3.431373 34.604950 -7.843138
v 2.450981 34.644943 -7.843138
v 1.470589 34.724434 -7.843138
v 0.490197 34.847275 -7.843138
v -0.490196 34.996918 -7.843138
v -1.470588 35.115807 -7.843138
v -2.450980 35.074249 -7.843138
v -3.431372 34.846054 -7.843138
v -4.411765 34.525337 -7.843138
v -5.392157 34.308205 -7.843138
v -6.372549 34.235367 -7.843138
v -7.352941 34.289406 -7.843138
v -8.333333 34.442375 -7.843138
v -9.313725 34.632637 -7.843138
v -10.294117 34.769783 -7.843138
v -11.274509 34.862782 -7.843138
v -12.254902 34.970066 -7.843138
v -13.235294 35.101871 -7.843138
v -14.215687 35.229263 -7.843138
v -15.196078 35.287472 -7.843138
v -16.176470 35.297031 -7.843138
v -17.156862 35.261806 -7.843138
v -18.137255 35.167046 -7.843138
v -19.117645 35.027634 -7.843138
v -20.098038 34.887596 -7.843138
v -21.078430 34.767677 -7.843138
v -22.058823 34.726261 -7.843140
v -23.039215 34.813698 -7.843140
v -24.019608 35.020424 -7.843138
v 24.019608 33.269882 -8.823528
v 23.039215 33.349190 -8.823528
v 22.058825 33.527374 -8.823528
v 21.078432 33.734146 -8.823530
v 20.098040 33.836342 -8.823530
v 19.117647 33.872292 -8.823530
v 18.137255 34.011341 -8.823530
v 17.156864 34.154053 -8.823530
v 16.176472 34.242966 -8.823530
v 15.196078 34.265331 -8.823530
v 14.215686 34.266983 -8.823530
v 13.235293 34.317085 -8.823530
v 12.254902 34.415085 -8.823530
v 11.274509 34.517902 -8.823530
v 10.294118 34.540947 -8.823530
v 9.313725 34.415298 -8.823530
v 8.333333 34.273766 -8.823530
v 7.352942 34.192894 -8.823530
v 6.372550 34.200855 -8.823530
v 5.392158 34.283714 -8.823530
v 4.411766 34.380363 -8.823530
v 3.431373 34.445530 -8.823530
v 2.450981 34.517075 -8.823530
v 1.470589 34.618622 -8.823530
v 0.490197 34.752930 -8.823530
v -0.490196 34.910919 -8.823530
v -1.470588 35.046776 -8.823530
v -2.450980 35.026436 -8.823530
v -3.431372 34.815536 -8.823530
v -4.411764 34.498100 -8.823530
v -5.392156 34.266716 -8.823530
v -6.372549 34.217537 -8.823530
v -7.352941 34.314278 -8.823530
v -8.333333 34.497787 -8.823530
v -9.313725 34.684204 -8.823530
v -10.294117 34.771751 -8.823530
v -11.274509 34.801758 -8.823530
v -12.254902 34.859413 -8.823530
v -13.235294 34.959343 -8.823530
v -14.215687 35.062019 -8.823530
v -15.196078 35.080078 -8.823530
v -16.176470 35.085484 -8.823530
v -17.156862 35.061581 -8.823530
v -18.137255 34.949547 -8.823530
v -19.117645 34.751839 -8.823530
v -20.098038 34.531704 -8.823530
v -21.078430 34.354843 -8.823530
v -22.058823 34.307964 -8.823532
v -23.039215 34.439198 -8.823532
v -24.019608 34.708817 -8.823530
v 24.019608 33.233814 -9.803922
v 23.039215 33.246071 -9.803922
v 22.058825 33.347466 -9.803922
v 21.078432 33.493912 -9.803922
v 20.098040 33.573677 -9.803922
v 19.117647 33.640148 -9.803922
v 18.137255 33.837765 -9.803922
v 17.156864 34.031410 -9.803922
v 16.176472 34.143524 -9.803922
v 15.196078 34.156956 -9.803922
v 14.215686 34.127998 -9.803922
v 13.235293 34.151993 -9.803922
v 12.254902 34.247684 -9.803922
v 11.274509 34.368881 -9.803922
v 10.294118 34.405289 -9.803923
v 9.313725 34.259232 -9.803923
v 8.333333 34.083805 -9.803923
v 7.352942 33.956741 -9.803923
v 6.372550 33.915634 -9.803923
v 5.392158 33.967026 -9.803923
v 4.411766 34.069733 -9.803923
v 3.431373 34.149952 -9.803923
v 2.450981 34.236225 -9.803923
v 1.470589 34.350479 -9.803923
v 0.490197 34.497643 -9.803923
v -0.490196 34.678818 -9.803923
v -1.470588 34.870987 -9.803923
v -2.450980 34.924751 -9.803923
v -3.431372 34.783905 -9.803923
v -4.411764 34.509552 -9.803923
v -5.392156 34.279152 -9.803923
v -6.372549 34.246105 -9.803923
v -7.352941 34.370789 -9.803923
v -8.333333 34.575188 -9.803923
v -9.313725 34.761208 -9.803923
v -10.294117 34.818756 -9.803923
v -11.274509 34.809082 -9.803924
v -12.254902 34.833443 -9.803924
v -13.235294 34.909439 -9.803924
v -14.215687 34.992489 -9.803924
v -15.196078 34.983070 -9.803924
v -16.176470 34.958553 -9.803924
v -17.156862 34.893230 -9.803924
v -18.137255 34.720951 -9.803924
v -19.117645 34.453575 -9.803924
v -20.098038 34.180428 -9.803924
v -21.078430 33.992680 -9.803924
v -22.058823 33.978043 -9.803924
v -23.039215 34.171822 -9.803924
v -24.019608 34.506821 -9.803922
v 24.019608 33.262619 -10.784313
v 23.039215 33.240654 -10.784313
v 22.058825 33.278881 -10.784313
v 21.078432 33.359638 -10.784313
v 20.098040 33.409058 -10.784313
v 19.117647 33.493031 -10.784313
v 18.137255 33.723434 -10.784313
v 17.156864 33.959435 -10.784313
v 16.176472 34.113106 -10.784313
v 15.196078 34.151882 -10.784313
v 14.215686 34.122353 -10.784313
v 13.235293 34.133091 -10.784313
v 12.254902 34.206406 -10.784313
v 11.274509 34.298691 -10.784313
v 10.294118 34.301731 -10.784314
v 9.313725 34.118195 -10.784314
v 8.333333 33.895500 -10.784314
v 7.352942 33.710861 -10.784314
v 6.372550 33.610115 -10.784314
v 5.392158 33.616707 -10.784314
v 4.411766 33.704037 -10.784314
v 3.431373 33.774658 -10.784314
v 2.450981 33.859306 -10.784314
v 1.470589 33.982143 -10.784314
v 0.490197 34.146130 -10.784314
v -0.490196 34.351460 -10.784314
v -1.470588 34.600235 -10.784314
v -2.450980 34.740257 -10.784314
v -3.431372 34.697678 -10.784314
v -4.411764 34.505810 -10.784314
v -5.392156 34.313107 -10.784314
v -6.372549 34.316994 -10.784314
v -7.352941 34.476471 -10.784314
v -8.333333 34.701817 -10.784314
v -9.313725 34.891693 -10.784314
v -10.294117 34.941265 -10.784314
v -11.274509 34.917923 -10.784315
v -12.254902 34.919144 -10.784315
v -13.235294 34.962219 -10.784315
v -14.215687 35.007851 -10.784315
v -15.196078 34.965561 -10.784315
v -16.176470 34.878426 -10.784315
v -17.156862 34.736591 -10.784315
v -18.137255 34.507656 -10.784315
v -19.117645 34.221638 -10.784315
v -20.098038 33.970375 -10.784315
v -21.078430 33.828522 -10.784315
v -22.058823 33.863087 -10.784315
v -23.039215 34.096954 -10.784315
v -24.019608 34.457088 -10.784314
v 24.019608 33.364670 -11.764706
v 23.039215 33.351292 -11.764706
v 22.058825 33.329666 -11.764706
v 21.078432 33.315773 -11.764706
v 20.098040 33.307999 -11.764706
v 19.117647 33.395969 -11.764706
v 18.137255 33.634224 -11.764706
v 17.156864 33.896511 -11.764706
v 16.176472 34.092018 -11.764706
v 15.196078 34.166962 -11.764706
v 14.215686 34.138649 -11.764706
v 13.235293 34.120132 -11.764706
v 12.254902 34.146320 -11.764706
v 11.274509 34.186760 -11.764706
v 10.294118 34.147190 -11.764707
v 9.313725 33.953884 -11.764707
v 8.333333 33.756035 -11.764707
v 7.352942 33.584229 -11.764707
v 6.372550 33.462208 -11.764707
v 5.392158 33.418922 -11.764707
v 4.411766 33.452766 -11.764707
v 3.431373 33.473919 -11.764707
v 2.450981 33.528847 -11.764707
v 1.470589 33.645882 -11.764707
v 0.490197 33.817635 -11.764707
v -0.490196 34.017883 -11.764707
v -1.470588 34.243729 -11.764707
v -2.450980 34.389805 -11.764707
v -3.431372 34.402370 -11.764707
v -4.411764 34.301281 -11.764707
v -5.392156 34.196693 -11.764707
v -6.372549 34.298286 -11.764707
v -7.352941 34.534607 -11.764707
v -8.333333 34.793774 -11.764707
v -9.313725 34.979927 -11.764707
v -10.294117 35.020409 -11.764707
v -11.274509 34.996613 -11.764708
v -12.254902 34.980194 -11.764708
v -13.235294 34.977798 -11.764708
v -14.215687 34.958809 -11.764708
v -15.196078 34.857895 -11.764708
v -16.176470 34.687485 -11.764708
v -17.156862 34.487770 -11.764708
v -18.137255 34.279148 -11.764708
v -19.117645 34.090942 -11.764708
v -20.098038 33.960934 -11.764708
v -21.078430 33.893517 -11.764708
v -22.058823 33.938934 -11.764708
v -23.039215 34.130096 -11.764708
v -24.019608 34.427582 -11.764707
v 24.019608 33.428535 -12.745098
v 23.039215 33.500290 -12.745098
v 22.058825 33.489166 -12.745098
v 21.078432 33.426495 -12.745098
v 20.098040 33.376797 -12.745098
v 19.117647 33.457745 -12.745098
v 18.137255 33.679436 -12.745098
v 17.156864 33.943527 -12.745098
v 16.176472 34.164253 -12.745098
v 15.196078 34.269070 -12.745098
v 14.215686 34.238037 -12.745098
v 13.235293 34.178795 -12.745098
v 12.254902 34.144539 -12.745098
v 11.274509 34.124207 -12.745098
v 10.294118 34.043781 -12.745099
v 9.313725 33.861237 -12.745099
v 8.333333 33.723625 -12.745099
v 7.352942 33.595695 -12.745099
v 6.372550 33.467422 -12.745099
v 5.392158 33.369991 -12.745099
v 4.411766 33.336235 -12.745099
v 3.431373 33.307526 -12.745099
v 2.450981 33.344902 -12.745099
v 1.470589 33.472866 -12.745099
v 0.490197 33.661163 -12.745099
v -0.490196 33.837318 -12.745099
v -1.470588 33.980370 -12.745099
v -2.450980 34.063213 -12.745099
v -3.431372 34.078789 -12.745099
v -4.411764 34.049595 -12.745099
v -5.392156 34.047485 -12.745099
v -6.372549 34.240952 -12.745099
v -7.352941 34.519623 -12.745099
v -8.333333 34.762161 -12.745099
v -9.313725 34.899193 -12.745099
v -10.294117 34.918648 -12.745099
v -11.274509 34.920364 -12.745100
v -12.254902 34.927551 -12.745100
v -13.235294 34.918739 -12.745100
v -14.215687 34.860245 -12.745100
v -15.196078 34.706440 -12.745100
v -16.176470 34.460789 -12.745100
v -17.156862 34.235836 -12.745100
v -18.137255 34.105804 -12.745100
v -19.117645 34.084362 -12.745100
v -20.098038 34.124329 -12.745100
v -21.078430 34.137527 -12.745100
v -22.058823 34.164722 -12.745100
v -23.039215 34.262112 -12.745099
v -24.019608 34.444992 -12.745098
v 24.019608 33.399471 -13.725491
v 23.039215 33.624577 -13.725491
v 22.058825 33.712120 -13.725491
v 21.078432 33.680481 -13.725491
v 20.098040 33.628460 -13.725491
v 19.117647 33.698879 -13.725491
v 18.137255 33.890453 -13.725491
v 17.156864 34.135750 -13.725491
v 16.176472 34.359032 -13.725491
v 15.196078 34.476311 -13.725491
v 14.215686 34.434788 -13.725491
v 13.235293 34.331356 -13.725491
v 12.254902 34.237846 -13.725491
v 11.274509 34.162827 -13.725491
v 10.294118 34.052460 -13.725492
v 9.313725 33.890366 -13.725492
v 8.333333 33.810234 -13.725492
v 7.352942 33.719078 -13.725492
v 6.372550 33.579330 -13.725492
v 5.392158 33.427509 -13.725492
v 4.411766 33.334427 -13.725492
v 3.431373 33.280502 -13.725492
v 2.450981 33.331272 -13.725492
v 1.470589 33.496826 -13.725492
v 0.490197 33.714725 -13.725492
v -0.490196 33.859818 -13.725492
v -1.470588 33.898472 -13.725492
v -2.450980 33.886337 -13.725492
v -3.431372 33.869530 -13.725492
v -4.411764 33.882980 -13.725492
v -5.392156 33.966187 -13.725492
v -6.372549 34.200546 -13.725492
v -7.352941 34.447163 -13.725492
v -8.333333 34.599209 -13.725492
v -9.313725 34.634464 -13.725492
v -10.294117 34.618420 -13.725492
v -11.274509 34.669266 -13.725492
v -12.254902 34.749069 -13.725492
v -13.235294 34.793903 -13.725492
v -14.215687 34.750290 -13.725492
v -15.196078 34.574493 -13.725492
v -16.176470 34.284275 -13.725492
v -17.156862 34.067467 -13.725492
v -18.137255 34.039833 -13.725492
v -19.117645 34.193497 -13.725492
v -20.098038 34.396942 -13.725492
v -21.078430 34.478573 -13.725492
v -22.058823 34.475716 -13.725492
v -23.039215 34.469212 -13.725492
v -24.019608 34.528904 -13.725491
v 24.019608 33.283821 -14.705883
v 23.039215 33.678085 -14.705883
v 22.058825 33.917374 -14.705883
v 21.078432 33.985634 -14.705883
v 20.098040 33.975220 -14.705883
v 19.117647 34.044266 -14.705883
v 18.137255 34.213848 -14.705883
v 17.156864 34.436340 -14.705883
v 16.176472 34.644493 -14.705883
v 15.196079 34.751423 -14.705883
v 14.215687 34.688805 -14.705883
v 13.235294 34.548302 -14.705883
v 12.254903 34.414154 -14.705883
v 11.274510 34.307411 -14.705883
v 10.294119 34.186462 -14.705884
v 9.313726 34.041611 -14.705884
v 8.333334 33.980408 -14.705884
v 7.352942 33.885773 -14.705884
v 6.372550 33.714462 -14.705884
v 5.392158 33.515587 -14.705884
v 4.411766 33.391064 -14.705884
v 3.431373 33.345299 -14.705884
v 2.450981 33.435726 -14.705884
v 1.470589 33.652431 -14.705884
v 0.490197 33.902428 -14.705884
v -0.490195 34.022137 -14.705884
v -1.470588 33.989059 -14.705884
v -2.450980 33.911713 -14.705884
v -3.431372 33.868118 -14.705884
v -4.411764 33.901371 -14.705884
v -5.392156 34.027088 -14.705884
v -6.372549 34.231121 -14.705884
v -7.352941 34.371902 -14.705884
v -8.333332 34.378998 -14.705884
v -9.313725 34.284409 -14.705884
v -10.294116 34.223743 -14.705884
v -11.274508 34.328724 -14.705885
v -12.254901 34.508266 -14.705885
v -13.235293 34.655235 -14.705885
v -14.215686 34.685081 -14.705885
v -15.196077 34.535530 -14.705885
v -16.176470 34.247520 -14.705885
v -17.156862 34.060814 -14.705885
v -18.137255 34.111416 -14.705885
v -19.117645 34.377556 -14.705885
v -20.098038 34.679825 -14.705884
v -21.078430 34.802895 -14.705884
v -22.058823 34.781555 -14.705884
v -23.039215 34.708736 -14.705883
v -24.019608 34.685532 -14.705882
v 24.019608 33.124893 -15.686275
v 23.039215 33.638893 -15.686275
v 22.058825 34.013336 -15.686275
v 21.078432 34.197239 -15.686275
v 20.098040 34.251228 -15.686275
v 19.117647 34.333115 -15.686275
v 18.137255 34.501106 -15.686275
v 17.156864 34.716171 -15.686275
v 16.176472 34.915257 -15.686275
v 15.196079 35.011566 -15.686275
v 14.215687 34.940052 -15.686275
v 13.235294 34.796944 -15.686275
v 12.254903 34.658493 -15.686275
v 11.274510 34.545631 -15.686275
v 10.294119 34.425003 -15.686275
v 9.313726 34.282959 -15.686275
v 8.333334 34.189835 -15.686275
v 7.352942 34.046101 -15.686275
v 6.372550 33.827190 -15.686275
v 5.392158 33.598267 -15.686275
v 4.411766 33.473236 -15.686275
v 3.431373 33.453568 -15.686275
v 2.450981 33.585472 -15.686275
v 1.470589 33.844139 -15.686275
v 0.490197 34.117828 -15.686275
v -0.490195 34.231133 -15.686275
v -1.470588 34.205475 -15.686275
v -2.450980 34.147423 -15.686275
v -3.431372 34.124603 -15.686275
v -4.411764 34.171482 -15.686275
v -5.392156 34.287167 -15.686275
v -6.372549 34.387138 -15.686275
v -7.352941 34.368572 -15.686275
v -8.333332 34.216927 -15.686275
v -9.313725 34.010815 -15.686275
v -10.294116 33.920647 -15.686275
v -11.274508 34.056416 -15.686276
v -12.254901 34.301121 -15.686276
v -13.235293 34.531818 -15.686276
v -14.215686 34.648376 -15.686276
v -15.196077 34.573711 -15.686276
v -16.176470 34.350666 -15.686276
v -17.156862 34.214630 -15.686276
v -18.137255 34.296333 -15.686276
v -19.117645 34.576790 -15.686276
v -20.098038 34.887497 -15.686276
v -21.078430 35.034019 -15.686276
v -22.058823 35.036339 -15.686276
v -23.039215 34.966797 -15.686275
v -24.019608 34.918583 -15.686275
v 24.019608 33.019634 -16.666668
v 23.039215 33.608574 -16.666668
v 22.058825 34.065914 -16.666668
v 21.078432 34.322205 -16.666668
v 20.098040 34.419632 -16.666668
v 19.117647 34.497532 -16.666668
v 18.137255 34.636448 -16.666668
v 17.156864 34.833229 -16.666668
v 16.176472 35.041710 -16.666668
v 15.196079 35.172882 -16.666668
v 14.215687 35.157555 -16.666668
v 13.235294 35.076241 -16.666668
v 12.254903 34.963959 -16.666668
v 11.274510 34.836327 -16.666668
v 10.294119 34.692001 -16.666668
v 9.313726 34.551151 -16.666668
v 8.333334 34.443226 -16.666668
v 7.352942 34.284897 -16.666668
v 6.372550 34.061111 -16.666668
v 5.392158 33.834324 -16.666668
v 4.411766 33.707069 -16.666668
v 3.431373 33.688408 -16.666668
v 2.450981 33.833668 -16.666668
v 1.470589 34.116333 -16.666668
v 0.490197 34.412483 -16.666668
v -0.490195 34.536438 -16.666668
v -1.470588 34.548031 -16.666668
v -2.450980 34.529434 -16.666668
v -3.431372 34.526474 -16.666668
v -4.411764 34.567604 -16.666668
v -5.392156 34.646896 -16.666668
v -6.372549 34.599895 -16.666668
v -7.352941 34.398003 -16.666668
v -8.333332 34.104515 -16.666668
v -9.313725 33.838669 -16.666668
v -10.294116 33.768860 -16.666668
v -11.274508 33.908806 -16.666668
v -12.254901 34.133324 -16.666668
v -13.235293 34.348625 -16.666668
v -14.215686 34.486671 -16.666668
v -15.196077 34.503944 -16.666668
v -16.176470 34.408764 -16.666668
v -17.156862 34.372288 -16.666668
v -18.137255 34.501236 -16.666668
v -19.117645 34.782276 -16.666668
v -20.098038 35.082607 -16.666668
v -21.078430 35.273441 -16.666668
v -22.058823 35.334663 -16.666668
v -23.039215 35.280693 -16.666668
v -24.019608 35.181343 -16.666668
v 24.019608 33.119583 -17.647058
v 23.039215 33.717964 -17.647058
v 22.058825 34.178246 -17.647058
v 21.078432 34.436073 -17.647058
v 20.098040 34.537830 -17.647058
v 19.117647 34.587723 -17.647058
v 18.137255 34.657902 -17.647058
v 17.156864 34.802807 -17.647058
v 16.176472 35.007366 -17.647060
v 15.196079 35.186531 -17.647060
v 14.215687 35.261288 -17.647060
v 13.235294 35.272537 -17.647060
v 12.254903 35.199219 -17.647060
v 11.274510 35.051262 -17.647060
v 10.294119 34.873371 -17.647060
v 9.313726 34.747543 -17.647060
v 8.333334 34.673904 -17.647060
v 7.352942 34.569733 -17.647060
v 6.372550 34.409218 -17.647060
v 5.392158 34.227890 -17.647060
v 4.411766 34.094269 -17.647060
v 3.431374 34.039650 -17.647060
v 2.450981 34.150200 -17.647060
v 1.470589 34.415001 -17.647060
v 0.490197 34.711781 -17.647060
v -0.490195 34.848598 -17.647060
v -1.470588 34.889442 -17.647060
v -2.450980 34.885963 -17.647060
v -3.431372 34.868057 -17.647060
v -4.411764 34.870289 -17.647060
v -5.392156 34.899639 -17.647060
v -6.372549 34.725739 -17.647060
v -7.352941 34.394806 -17.647060
v -8.333332 34.035873 -17.647060
v -9.313725 33.783760 -17.647060
v -10.294116 33.767815 -17.647060
v -11.274508 33.891434 -17.647060
v -12.254901 34.042534 -17.647060
v -13.235293 34.180786 -17.647060
v -14.215686 34.296455 -17.647060
v -15.196077 34.406525 -17.647060
v -16.176470 34.461308 -17.647060
v -17.156862 34.538445 -17.647060
v -18.137255 34.714989 -17.647060
v -19.117645 34.986542 -17.647060
v -20.098038 35.268181 -17.647060
v -21.078430 35.503815 -17.647060
v -22.058823 35.617981 -17.647060
v -23.039215 35.558517 -17.647060
v -24.019608 35.373955 -17.647058
v 24.019608 33.459911 -18.627451
v 23.039215 34.009377 -18.627451
v 22.058825 34.401981 -18.627451
v 21.078432 34.597404 -18.627451
v 20.098040 34.664837 -18.627451
v 19.117647 34.665226 -18.627451
v 18.137255 34.635059 -18.627451
v 17.156864 34.693489 -18.627451
v 16.176472 34.864914 -18.627451
v 15.196079 35.077595 -18.627451
v 14.215687 35.241501 -18.627451
v 13.235294 35.342407 -18.627451
v 12.254903 35.306992 -18.627451
v 11.274510 35.141811 -18.627451
v 10.294119 34.937645 -18.627451
v 9.313726 34.845715 -18.627451
v 8.333334 34.853584 -18.627451
v 7.352942 34.862682 -18.627451
v 6.372550 34.818977 -18.627451
v 5.392158 34.714615 -18.627453
v 4.411766 34.571934 -18.627453
v 3.431374 34.454353 -18.627453
v 2.450981 34.491096 -18.627453
v 1.470589 34.699089 -18.627453
v 0.490197 34.970764 -18.627453
v -0.490195 35.113136 -18.627453
v -1.470587 35.156746 -18.627453
v -2.450980 35.128166 -18.627453
v -3.431372 35.054581 -18.627453
v -4.411764 34.989033 -18.627453
v -5.392156 34.966301 -18.627453
v -6.372549 34.717751 -18.627453
v -7.352941 34.341393 -18.627453
v -8.333332 34.001068 -18.627453
v -9.313725 33.818943 -18.627453
v -10.294116 33.862976 -18.627453
v -11.274508 33.960342 -18.627453
v -12.254901 34.027687 -18.627453
v -13.235293 34.078018 -18.627453
v -14.215686 34.159874 -18.627453
v -15.196077 34.350449 -18.627453
v -16.176470 34.536507 -18.627453
v -17.156862 34.706123 -18.627453
v -18.137255 34.912994 -18.627453
v -19.117645 35.165443 -18.627453
v -20.098038 35.427361 -18.627453
v -21.078430 35.695290 -18.627453
v -22.058823 35.836433 -18.627453
v -23.039215 35.745705 -18.627451
v -24.019608 35.461025 -18.627451
v 24.019608 33.952423 -19.607843
v 23.039215 34.434227 -19.607843
v 22.058825 34.737350 -19.607843
v 21.078432 34.847839 -19.607843
v 20.098040 34.860397 -19.607843
v 19.117647 34.800255 -19.607843
v 18.137255 34.663742 -19.607843
v 17.156864 34.621239 -19.607843
v 16.176472 34.732975 -19.607843
v 15.196079 34.946785 -19.607843
v 14.215687 35.165459 -19.607843
v 13.235294 35.322830 -19.607843
v 12.254903 35.314445 -19.607843
v 11.274510 35.146626 -19.607843
v 10.294119 34.940514 -19.607843
v 9.313726 34.896065 -19.607843
v 8.333334 34.999405 -19.607843
v 7.352942 35.130028 -19.607843
v 6.372550 35.203453 -19.607843
v 5.392158 35.172161 -19.607845
v 4.411766 35.020828 -19.607845
v 3.431374 34.843796 -19.607845
v 2.450981 34.806229 -19.607845
v 1.470589 34.950638 -19.607845
v 0.490197 35.187057 -19.607845
v -0.490195 35.324039 -19.607845
v -1.470587 35.342518 -19.607845
v -2.450980 35.258316 -19.607845
v -3.431372 35.108299 -19.607845
v -4.411764 34.968307 -19.607845
v -5.392156 34.902794 -19.607845
v -6.372548 34.630814 -19.607845
v -7.352940 34.268173 -19.607845
v -8.333332 33.981987 -19.607845
v -9.313725 33.868439 -19.607845
v -10.294116 33.942612 -19.607845
v -11.274508 34.019314 -19.607845
v -12.254901 34.042767 -19.607845
v -13.235293 34.052650 -19.607845
v -14.215686 34.127235 -19.607845
v -15.196077 34.374523 -19.607845
v -16.176470 34.634354 -19.607843
v -17.156862 34.843956 -19.607845
v -18.137255 35.050819 -19.607845
v -19.117645 35.278946 -19.607843
v -20.098038 35.529701 -19.607843
v -21.078430 35.815933 -19.607843
v -22.058823 35.961044 -19.607843
v -23.039215 35.834881 -19.607843
v -24.019608 35.476067 -19.607843
v 24.019608 34.391014 -20.588236
v 23.039215 34.854111 -20.588236
v 22.058825 35.130356 -20.588236
v 21.078432 35.207603 -20.588236
v 20.098040 35.182014 -20.588236
v 19.117647 35.065163 -20.588236
v 18.137255 34.845047 -20.588236
v 17.156864 34.712738 -20.588236
v 16.176472 34.748959 -20.588236
v 15.196079 34.921658 -20.588236
v 14.215687 35.131317 -20.588236
v 13.235294 35.281258 -20.588236
v 12.254903 35.274712 -20.588236
v 11.274510 35.123955 -20.588236
v 10.294119 34.953064 -20.588236
v 9.313726 34.965309 -20.588236
v 8.333334 35.146160 -20.588236
v 7.352942 35.357174 -20.588236
v 6.372550 35.496704 -20.588236
v 5.392158 35.501717 -20.588236
v 4.411766 35.349655 -20.588236
v 3.431374 35.153763 -20.588236
v 2.450981 35.082817 -20.588236
v 1.470589 35.185738 -20.588236
v 0.490197 35.384514 -20.588236
v -0.490195 35.496483 -20.588236
v -1.470587 35.472153 -20.588236
v -2.450980 35.337811 -20.588236
v -3.431372 35.143520 -20.588236
v -4.411764 34.972248 -20.588236
v -5.392156 34.890015 -20.588236
v -6.372548 34.615227 -20.588238
v -7.352940 34.255997 -20.588238
v -8.333332 33.970108 -20.588238
v -9.313725 33.844086 -20.588238
v -10.294116 33.886749 -20.588238
v -11.274508 33.960674 -20.588238
v -12.254901 34.016060 -20.588238
v -13.235293 34.076519 -20.588238
v -14.215686 34.202858 -20.588238
v -15.196077 34.484413 -20.588236
v -16.176470 34.752018 -20.588236
v -17.156862 34.946617 -20.588236
v -18.137255 35.124542 -20.588236
v -19.117645 35.324833 -20.588236
v -20.098038 35.569710 -20.588236
v -21.078430 35.856125 -20.588236
v -22.058823 35.990936 -20.588236
v -23.039215 35.850388 -20.588236
v -24.019608 35.479103 -20.588234
v 24.019608 34.650330 -21.568626
v 23.039215 35.150703 -21.568626
v 22.058825 35.476227 -21.568626
v 21.078432 35.590042 -21.568626
v 20.098040 35.562340 -21.568626
v 19.117647 35.401054 -21.568626
v 18.137255 35.117077 -21.568628
v 17.156864 34.905876 -21.568628
v 16.176472 34.859093 -21.568628
v 15.196079 34.962349 -21.568628
v 14.215687 35.106918 -21.568628
v 13.235294 35.179417 -21.568628
v 12.254903 35.132973 -21.568628
v 11.274510 34.999954 -21.568628
v 10.294119 34.892216 -21.568628
v 9.313726 34.987801 -21.568628
v 8.333334 35.274910 -21.568628
v 7.352942 35.585381 -21.568628
v 6.372550 35.797665 -21.568628
v 5.392158 35.841808 -21.568628
v 4.411766 35.709110 -21.568628
v 3.431374 35.528538 -21.568628
v 2.450981 35.434448 -21.568628
v 1.470589 35.467552 -21.568628
v 0.490197 35.573753 -21.568628
v -0.490195 35.612347 -21.568628
v -1.470587 35.523712 -21.568628
v -2.450980 35.368813 -21.568628
v -3.431372 35.208099 -21.568628
v -4.411764 35.096584 -21.568628
v -5.392156 35.042267 -21.568628
v -6.372548 34.769051 -21.568628
v -7.352940 34.383133 -21.568628
v -8.333332 34.040928 -21.568628
v -9.313725 33.842102 -21.568628
v -10.294116 33.823486 -21.568628
v -11.274508 33.880157 -21.568628
v -12.254901 33.961685 -21.568628
v -13.235293 34.077660 -21.568628
v -14.215686 34.266769 -21.568628
v -15.196077 34.589714 -21.568628
v -16.176470 34.891037 -21.568628
v -17.156862 35.102730 -21.568628
v -18.137255 35.266075 -21.568628
v -19.117645 35.425476 -21.568628
v -20.098038 35.628590 -21.568628
v -21.078430 35.870575 -21.568628
v -22.058823 35.962788 -21.568628
v -23.039215 35.799965 -21.568628
v -24.019608 35.429871 -21.568626
v 24.019608 34.779461 -22.549019
v 23.039215 35.321228 -22.549019
v 22.058825 35.706524 -22.549019
v 21.078432 35.870186 -22.549019
v 20.098040 35.852371 -22.549019
v 19.117647 35.673042 -22.549019
v 18.137255 35.378342 -22.549019
v 17.156864 35.145515 -22.549019
v 16.176472 35.057312 -22.549019
v 15.196079 35.100288 -22.549019
v 14.215687 35.154938 -22.549019
v 13.235294 35.124668 -22.549021
v 12.254903 35.029633 -22.549021
v 11.274510 34.924530 -22.549021
v 10.294119 34.896812 -22.549021
v 9.313726 35.074791 -22.549021
v 8.333334 35.440224 -22.549021
v 7.352942 35.804756 -22.549021
v 6.372550 36.042278 -22.549021
v 5.392158 36.096710 -22.549021
v 4.411766 35.997444 -22.549021
v 3.431374 35.879471 -22.549021
v 2.450982 35.808651 -22.549021
v 1.470589 35.796265 -22.549021
v 0.490197 35.805046 -22.549021
v -0.490195 35.745148 -22.549021
v -1.470587 35.577629 -22.549021
v -2.450979 35.415173 -22.549021
v -3.431372 35.327419 -22.549021
v -4.411764 35.323311 -22.549021
v -5.392156 35.321869 -22.549021
v -6.372548 35.056564 -22.549021
v -7.352940 34.635490 -22.549021
v -8.333332 34.217560 -22.549021
v -9.313725 33.926075 -22.549021
v -10.294116 33.839043 -22.549021
v -11.274508 33.845299 -22.549021
v -12.254901 33.897018 -22.549019
v -13.235293 34.011330 -22.549019
v -14.215686 34.223045 -22.549021
v -15.196077 34.579079 -22.549019
v -16.176470 34.938198 -22.549019
v -17.156862 35.200180 -22.549019
v -18.137255 35.372715 -22.549019
v -19.117645 35.496010 -22.549019
v -20.098038 35.642704 -22.549019
v -21.078430 35.831875 -22.549019
v -22.058823 35.894554 -22.549019
v -23.039215 35.738388 -22.549019
v -24.019608 35.401886 -22.549019
v 24.019608 34.850307 -23.529411
v 23.039215 35.405422 -23.529411
v 22.058825 35.818302 -23.529411
v 21.078432 36.007523 -23.529411
v 20.098040 35.995499 -23.529411
v 19.117647 35.828552 -23.529411
v 18.137255 35.583672 -23.529411
v 17.156864 35.399704 -23.529411
v 16.176472 35.330261 -23.529411
v 15.196079 35.342686 -23.529411
v 14.215687 35.309971 -23.529411
v 13.235294 35.187523 -23.529411
v 12.254903 35.056877 -23.529411
v 11.274510 34.988468 -23.529411
v 10.294119 35.039146 -23.529411
v 9.313726 35.273636 -23.529411
v 8.333334 35.652718 -23.529411
v 7.352942 35.990185 -23.529411
v 6.372550 36.178963 -23.529411
v 5.392158 36.199863 -23.529411
v 4.411766 36.138443 -23.529411
v 3.431374 36.123215 -23.529411
v 2.450982 36.133018 -23.529411
v 1.470589 36.131332 -23.529411
v 0.490197 36.078663 -23.529411
v -0.490195 35.922939 -23.529411
v -1.470587 35.673157 -23.529411
v -2.450979 35.499329 -23.529411
v -3.431372 35.480854 -23.529411
v -4.411764 35.582130 -23.529411
v -5.392156 35.635689 -23.529411
v -6.372548 35.386143 -23.529411
v -7.352940 34.941986 -23.529411
v -8.333332 34.462715 -23.529411
v -9.313725 34.093311 -23.529411
v -10.294116 33.948502 -23.529411
v -11.274508 33.876740 -23.529411
v -12.254901 33.839378 -23.529411
v -13.235293 33.883469 -23.529411
v -14.215686 34.062790 -23.529411
v -15.196077 34.432907 -23.529411
v -16.176470 34.854172 -23.529411
v -17.156862 35.178936 -23.529411
v -18.137255 35.376999 -23.529411
v -19.117645 35.479347 -23.529411
v -20.098038 35.578125 -23.529411
v -21.078430 35.736473 -23.529411
v -22.058823 35.811195 -23.529411
v -23.039215 35.708767 -23.529411
v -24.019608 35.444496 -23.529411
v 24.019608 34.950172 -24.509804
v 23.039215 35.481026 -24.509804
v 22.058825 35.873863 -24.509804
v 21.078432 36.050186 -24.509804
v 20.098040 36.034721 -24.509804
v 19.117647 35.902931 -24.509804
v 18.137255 35.743034 -24.509804
v 17.156864 35.650520 -24.509804
v 16.176472 35.642075 -24.509804
v 15.196079 35.654968 -24.509804
v 14.215687 35.560349 -24.509804
v 13.235294 35.379478 -24.509804
v 12.254903 35.231209 -24.509804
v 11.274510 35.191502 -24.509804
v 10.294119 35.291710 -24.509804
v 9.313726 35.539948 -24.509804
v 8.333334 35.866154 -24.509804
v 7.352942 36.107410 -24.509804
v 6.372550 36.192482 -24.509804
v 5.392158 36.149124 -24.509804
v 4.411766 36.118195 -24.509804
v 3.431374 36.212967 -24.509804
v 2.450982 36.334808 -24.509804
v 1.470589 36.396172 -24.509804
v 0.490197 36.336529 -24.509804
v -0.490195 36.114548 -24.509804
v -1.470587 35.792969 -24.509804
v -2.450979 35.589306 -24.509804
v -3.431372 35.594994 -24.509804
v -4.411764 35.750916 -24.509804
v -5.392156 35.838840 -24.509804
v -6.372548 35.613808 -24.509804
v -7.352940 35.177914 -24.509804
v -8.333332 34.683632 -24.509804
v -9.313725 34.283298 -24.509804
v -10.294116 34.108032 -24.509804
v -11.274508 33.958527 -24.509804
v -12.254901 33.810806 -24.509804
v -13.235293 33.750275 -24.509804
v -14.215686 33.862396 -24.509804
v -15.196077 34.227211 -24.509804
v -16.176470 34.689293 -24.509804
v -17.156862 35.057255 -24.509804
v -18.137255 35.276672 -24.509804
v -19.117645 35.372612 -24.509804
v -20.098038 35.449814 -24.509804
v -21.078430 35.616600 -24.509804
v -22.058823 35.748108 -24.509804
v -23.039215 35.735771 -24.509804
v -24.019608 35.564903 -24.509804
v 24.019608 35.135471 -25.490196
v 23.039215 35.624779 -25.490196
v 22.058825 35.974434 -25.490196
v 21.078432 36.122883 -25.490196
v 20.098040 36.110443 -25.490196
v 19.117647 36.023605 -25.490196
v 18.137255 35.933411 -25.490196
v 17.156864 35.908989 -25.490196
v 16.176472 35.945602 -25.490196
v 15.196079 35.964058 -25.490196
v 14.215687 35.841972 -25.490196
v 13.235294 35.638451 -25.490196
v 12.254903 35.477795 -25.490196
v 11.274510 35.433929 -25.490196
v 10.294119 35.529697 -25.490196
v 9.313726 35.747196 -25.490196
v 8.333334 35.990887 -25.490196
v 7.352942 36.128304 -25.490196
v 6.372550 36.120312 -25.490196
v 5.392158 36.025570 -25.490196
v 4.411766 36.010857 -25.490196
v 3.431374 36.173332 -25.490196
v 2.450982 36.378151 -25.490196
v 1.470589 36.507515 -25.490196
v 0.490197 36.476917 -25.490196
v -0.490195 36.232910 -25.490196
v -1.470587 35.868675 -25.490196
v -2.450979 35.618382 -25.490196
v -3.431372 35.583153 -25.490196
v -4.411764 35.711159 -25.490196
v -5.392156 35.791801 -25.490196
v -6.372548 35.598537 -25.490196
v -7.352940 35.214714 -25.490196
v -8.333332 34.770523 -25.490196
v -9.313725 34.400772 -25.490196
v -10.294116 34.223282 -25.490196
v -11.274508 34.030487 -25.490196
v -12.254901 33.816101 -25.490196
v -13.235293 33.686867 -25.490196
v -14.215686 33.747650 -25.490196
v -15.196077 34.094910 -25.490196
v -16.176470 34.552238 -25.490196
v -17.156862 34.917389 -25.490196
v -18.137255 35.139408 -25.490196
v -19.117645 35.245560 -25.490196
v -20.098038 35.341618 -25.490196
v -21.078430 35.553200 -25.490196
v -22.058823 35.759827 -25.490196
v -23.039215 35.837677 -25.490196
v -24.019608 35.750633 -25.490196
v 24.019608 35.223629 -26.470589
v 23.039215 35.704628 -26.470589
v 22.058825 36.065987 -26.470589
v 21.078432 36.253517 -26.470589
v 20.098040 36.301735 -26.470589
v 19.117647 36.283035 -26.470589
v 18.137255 36.242729 -26.470589
v 17.156864 36.228340 -26.470589
v 16.176472 36.235580 -26.470589
v 15.196079 36.207870 -26.470589
v 14.215687 36.049530 -26.470589
v 13.235294 35.813366 -26.470589
v 12.254903 35.627556 -26.470589
v 11.274510 35.565418 -26.470589
v 10.294119 35.643913 -26.470589
v 9.313726 35.829224 -26.470589
v 8.333334 36.021526 -26.470589
v 7.352942 36.114845 -26.470589
v 6.372550 36.086483 -26.470589
v 5.392158 35.999760 -26.470589
v 4.411766 36.014133 -26.470589
v 3.431374 36.207237 -26.470589
v 2.450982 36.426388 -26.470589
v 1.470590 36.546387 -26.470589
v 0.490197 36.485931 -26.470589
v -0.490195 36.211174 -26.470589
v -1.470587 35.845543 -26.470589
v -2.450979 35.593719 -26.470589
v -3.431372 35.536060 -26.470589
v -4.411764 35.617867 -26.470589
v -5.392156 35.651905 -26.470589
v -6.372548 35.486786 -26.470589
v -7.352940 35.172192 -26.470589
v -8.333332 34.791206 -26.470589
v -9.313725 34.443008 -26.470589
v -10.294116 34.225128 -26.470589
v -11.274508 33.983810 -26.470589
v -12.254901 33.741402 -26.470589
v -13.235293 33.602444 -26.470589
v -14.215686 33.656952 -26.470589
v -15.196077 33.975178 -26.470589
v -16.176470 34.403824 -26.470589
v -17.156862 34.777931 -26.470589
v -18.137255 35.050777 -26.470589
v -19.117645 35.233063 -26.470589
v -20.098038 35.393349 -26.470589
v -21.078430 35.639362 -26.470589
v -22.058823 35.885590 -26.470589
v -23.039215 36.027416 -26.470589
v -24.019608 36.027351 -26.470589
v 24.019608 35.237442 -27.450981
v 23.039215 35.724903 -27.450981
v 22.058825 36.124680 -27.450981
v 21.078432 36.384815 -27.450981
v 20.098040 36.521446 -27.450981
v 19.117647 36.579201 -27.450981
v 18.137255 36.573578 -27.450981
v 17.156864 36.531994 -27.450981
v 16.176472 36.463089 -27.450981
v 15.196079 36.356380 -27.450981
v 14.215687 36.154434 -27.450981
v 13.235294 35.877819 -27.450981
v 12.254903 35.661049 -27.450981
v 11.274510 35.578644 -27.450981
v 10.294119 35.641685 -27.450981
v 9.313726 35.805779 -27.450981
v 8.333334 35.983284 -27.450981
v 7.352942 36.087284 -27.450981
v 6.372550 36.097603 -27.450981
v 5.392158 36.063049 -27.450981
v 4.411766 36.114044 -27.450981
v 3.431374 36.306984 -27.450981
v 2.450982 36.482918 -27.450981
v 1.470590 36.525921 -27.450981
v 0.490197 36.379936 -27.450981
v -0.490195 36.056065 -27.450981
v -1.470587 35.703224 -27.450981
v -2.450979 35.471008 -27.450981
v -3.431372 35.401817 -27.450981
v -4.411764 35.430077 -27.450981
v -5.392156 35.396423 -27.450981
v -6.372548 35.254478 -27.450981
v -7.352940 35.012306 -27.450981
v -8.333332 34.693550 -27.450981
v -9.313725 34.354679 -27.450981
v -10.294116 34.073982 -27.450981
v -11.274508 33.796585 -27.450981
v -12.254901 33.575893 -27.450981
v -13.235293 33.492134 -27.450981
v -14.215686 33.590885 -27.450981
v -15.196077 33.881062 -27.450981
v -16.176470 34.264816 -27.450981
v -17.156862 34.648918 -27.450981
v -18.137255 34.992577 -27.450981
v -19.117645 35.281536 -27.450981
v -20.098038 35.528542 -27.450981
v -21.078430 35.791439 -27.450981
v -22.058823 36.034874 -27.450981
v -23.039215 36.202168 -27.450981
v -24.019608 36.273289 -27.450981
v 24.019608 35.248226 -28.431374
v 23.039215 35.731174 -28.431374
v 22.058825 36.154945 -28.431374
v 21.078432 36.472710 -28.431374
v 20.098040 36.684586 -28.431374
v 19.117647 36.806763 -28.431374
v 18.137255 36.822948 -28.431374
v 17.156864 36.742409 -28.431374
v 16.176472 36.589058 -28.431374
v 15.196079 36.401207 -28.431374
v 14.215687 36.159767 -28.431374
v 13.235294 35.848320 -28.431374
v 12.254903 35.607349 -28.431374
v 11.274510 35.512581 -28.431374
v 10.294119 35.569435 -28.431374
v 9.313726 35.726582 -28.431374
v 8.333334 35.914543 -28.431374
v 7.352942 36.058548 -28.431374
v 6.372550 36.133293 -28.431374
v 5.392158 36.165535 -28.431374
v 4.411766 36.249611 -28.431374
v 3.431374 36.421879 -28.431374
v 2.450982 36.524582 -28.431374
v 1.470590 36.458900 -28.431374
v 0.490197 36.202076 -28.431374
v -0.490195 35.815651 -28.431374
v -1.470587 35.463341 -28.431374
v -2.450979 35.238453 -28.431374
v -3.431371 35.147079 -28.431374
v -4.411764 35.114773 -28.431374
v -5.392156 35.011528 -28.431374
v -6.372548 34.889992 -28.431374
v -7.352940 34.716484 -28.431374
v -8.333332 34.457123 -28.431374
v -9.313725 34.127537 -28.431374
v -10.294116 33.789909 -28.431374
v -11.274508 33.505135 -28.431374
v -12.254901 33.351959 -28.431374
v -13.235293 33.372093 -28.431374
v -14.215686 33.551918 -28.431374
v -15.196077 33.824181 -28.431374
v -16.176470 34.154564 -28.431374
v -17.156862 34.534035 -28.431374
v -18.137255 34.933205 -28.431374
v -19.117645 35.318157 -28.431374
v -20.098038 35.650597 -28.431374
v -21.078430 35.919365 -28.431374
v -22.058823 36.132290 -28.431374
v -23.039215 36.291718 -28.431374
v -24.019608 36.405930 -28.431374
v 24.019608 35.331879 -29.411766
v 23.039215 35.776382 -29.411766
v 22.058825 36.171921 -29.411766
v 21.078432 36.486668 -29.411766
v 20.098040 36.720963 -29.411766
v 19.117647 36.875717 -29.411766
v 18.137255 36.904846 -29.411766
v 17.156864 36.801224 -29.411766
v 16.176472 36.595543 -29.411766
v 15.196079 36.356129 -29.411766
v 14.215687 36.091530 -29.411766
v 13.235294 35.766663 -29.411766
v 12.254903 35.523926 -29.411766
v 11.274510 35.437496 -29.411766
v 10.294119 35.506538 -29.411766
v 9.313726 35.671864 -29.411766
v 8.333334 35.873734 -29.411766
v 7.352942 36.047203 -29.411766
v 6.372550 36.165142 -29.411766
v 5.392158 36.240814 -29.411766
v 4.411766 36.344505 -29.411766
v 3.431374 36.495872 -29.411766
v 2.450982 36.537529 -29.411766
v 1.470590 36.382439 -29.411766
v 0.490197 36.030815 -29.411766
v -0.490195 35.577789 -29.411766
v -1.470587 35.192444 -29.411766
v -2.450979 34.935322 -29.411766
v -3.431371 34.795197 -29.411766
v -4.411764 34.699356 -29.411766
v -5.392156 34.544716 -29.411766
v -6.372548 34.444832 -29.411766
v -7.352940 34.332016 -29.411766
v -8.333332 34.129681 -29.411766
v -9.313725 33.822247 -29.411766
v -10.294116 33.458969 -29.411766
v -11.274508 33.195290 -29.411766
v -12.254901 33.125065 -29.411766
v -13.235293 33.253635 -29.411766
v -14.215686 33.516529 -29.411766
v -15.196077 33.783974 -29.411766
v -16.176470 34.066257 -29.411766
v -17.156862 34.422203 -29.411766
v -18.137255 34.838886 -29.411766
v -19.117645 35.277317 -29.411766
v -20.098038 35.672295 -29.411766
v -21.078430 35.948982 -29.411766
v -22.058823 36.134460 -29.411766
v -23.039215 36.277191 -29.411766
v -24.019608 36.410316 -29.411764
v 24.019608 35.551651 -30.392157
v 23.039215 35.904633 -30.392157
v 22.058825 36.187721 -30.392157
v 21.078432 36.400471 -30.392157
v 20.098040 36.572517 -30.392157
v 19.117647 36.715485 -30.392157
v 18.137255 36.758739 -30.392157
v 17.156864 36.679214 -30.392157
v 16.176472 36.495209 -30.392159
v 15.196079 36.266037 -30.392159
v 14.215687 36.006042 -30.392159
v 13.235294 35.699081 -30.392159
v 12.254903 35.483292 -30.392159
v 11.274510 35.428459 -30.392159
v 10.294119 35.530018 -30.392159
v 9.313726 35.718571 -30.392159
v 8.333334 35.918396 -30.392159
v 7.352942 36.074795 -30.392159
v 6.372550 36.171314 -30.392159
v 5.392158 36.230774 -30.392159
v 4.411766 36.330246 -30.392159
v 3.431374 36.483387 -30.392159
v 2.450982 36.523994 -30.392159
v 1.470590 36.356735 -30.392159
v 0.490198 35.973812 -30.392159
v -0.490195 35.463779 -30.392159
v -1.470587 35.000481 -30.392159
v -2.450979 34.653801 -30.392159
v -3.431371 34.426384 -30.392159
v -4.411764 34.264648 -30.392159
v -5.392156 34.088661 -30.392159
v -6.372548 34.012756 -30.392159
v -7.352940 33.950439 -30.392159
v -8.333332 33.806915 -30.392159
v -9.313725 33.548965 -30.392159
v -10.294116 33.211754 -30.392159
v -11.274508 32.982315 -30.392159
v -12.254901 32.959507 -30.392159
v -13.235293 33.136124 -30.392159
v -14.215686 33.432838 -30.392159
v -15.196077 33.703148 -30.392159
v -16.176470 33.961803 -30.392159
v -17.156862 34.289330 -30.392159
v -18.137255 34.687729 -30.392159
v -19.117645 35.128216 -30.392159
v -20.098038 35.550743 -30.392159
v -21.078430 35.852222 -30.392159
v -22.058823 36.049202 -30.392159
v -23.039215 36.200157 -30.392157
v -24.019608 36.343998 -30.392157
v 24.019608 35.769516 -31.372549
v 23.039215 36.006725 -31.372549
v 22.058825 36.135185 -31.372549
v 21.078432 36.198692 -31.372549
v 20.098040 36.278557 -31.372549
v 19.117647 36.407776 -31.372549
v 18.137255 36.484322 -31.372549
v 17.156864 36.474419 -31.372549
v 16.176472 36.374992 -31.372549
v 15.196079 36.212914 -31.372549
v 14.215687 35.980831 -31.372549
v 13.235294 35.679054 -31.372549
v 12.254903 35.446232 -31.372549
v 11.274510 35.366241 -31.372549
v 10.294119 35.463291 -31.372549
v 9.313726 35.695831 -31.372549
v 8.333334 35.954002 -31.372549
v 7.352943 36.154678 -31.372549
v 6.372550 36.265434 -31.372549
v 5.392159 36.304176 -31.372551
v 4.411767 36.361053 -31.372551
v 3.431374 36.493034 -31.372551
v 2.450982 36.543129 -31.372551
v 1.470590 36.403770 -31.372551
v 0.490198 36.036304 -31.372551
v -0.490195 35.489441 -31.372551
v -1.470587 34.952599 -31.372551
v -2.450979 34.502548 -31.372551
v -3.431371 34.156372 -31.372551
v -4.411763 33.889908 -31.372551
v -5.392155 33.661652 -31.372551
v -6.372548 33.574181 -31.372551
v -7.352940 33.541050 -31.372551
v -8.333332 33.463139 -31.372551
v -9.313725 33.287193 -31.372551
v -10.294116 33.014534 -31.372551
v -11.274508 32.826817 -31.372551
v -12.254901 32.825714 -31.372551
v -13.235293 33.005016 -31.372551
v -14.215686 33.291565 -31.372551
v -15.196077 33.550213 -31.372551
v -16.176470 33.808914 -31.372551
v -17.156862 34.153194 -31.372551
v -18.137255 34.583908 -31.372551
v -19.117645 35.065918 -31.372551
v -20.098038 35.527550 -31.372551
v -21.078430 35.846832 -31.372551
v -22.058823 36.042732 -31.372549
v -23.039215 36.185368 -31.372549
v -24.019608 36.324062 -31.372549
v 24.019608 35.878708 -32.352943
v 23.039215 36.044781 -32.352943
v 22.058825 36.069614 -32.352943
v 21.078432 36.027119 -32.352943
v 20.098040 36.040604 -32.352943
v 19.117647 36.152531 -32.352943
v 18.137255 36.234879 -32.352943
v 17.156864 36.265125 -32.352943
v 16.176472 36.233795 -32.352943
v 15.196079 36.143250 -32.352943
v 14.215687 35.958584 -32.352943
v 13.235294 35.674248 -32.352943
v 12.254903 35.422112 -32.352943
v 11.274510 35.302292 -32.352943
v 10.294119 35.379063 -32.352943
v 9.313726 35.663513 -32.352943
v 8.333334 36.022141 -32.352943
v 7.352943 36.316704 -32.352943
v 6.372550 36.477242 -32.352943
v 5.392159 36.501987 -32.352943
v 4.411767 36.489601 -32.352943
v 3.431374 36.563538 -32.352943
v 2.450982 36.597061 -32.352943
v 1.470590 36.479469 -32.352943
v 0.490198 36.138947 -32.352943
v -0.490195 35.576691 -32.352943
v -1.470587 35.008438 -32.352943
v -2.450979 34.497196 -32.352943
v -3.431371 34.056801 -32.352943
v -4.411763 33.684299 -32.352943
v -5.392155 33.377823 -32.352943
v -6.372548 33.240971 -32.352943
v -7.352940 33.206360 -32.352943
v -8.333332 33.181038 -32.352943
v -9.313725 33.092377 -32.352943
v -10.294116 32.898628 -32.352943
v -11.274508 32.761822 -32.352943
v -12.254901 32.782276 -32.352943
v -13.235293 32.955395 -32.352943
v -14.215686 33.218021 -32.352943
v -15.196077 33.453304 -32.352943
v -16.176470 33.707741 -32.352943
v -17.156862 34.072617 -32.352943
v -18.137255 34.545502 -32.352943
v -19.117645 35.079403 -32.352943
v -20.098038 35.582191 -32.352943
v -21.078430 35.912628 -32.352943
v -22.058823 36.099586 -32.352943
v -23.039215 36.228348 -32.352943
v -24.019608 36.361328 -32.352943
v 24.019608 35.857647 -33.333332
v 23.039215 36.023392 -33.333332
v 22.058825 36.035225 -33.333332
v 21.078432 35.969620 -33.333332
v 20.098040 35.964493 -33.333332
v 19.117647 36.051178 -33.333332
v 18.137255 36.090111 -33.333332
v 17.156864 36.094925 -33.333332
v 16.176472 36.073330 -33.333332
v 15.196079 36.025429 -33.333332
v 14.215687 35.900295 -33.333332
v 13.235294 35.667824 -33.333332
v 12.254903 35.437553 -33.333332
v 11.274510 35.311829 -33.333332
v 10.294119 35.382141 -33.333336
v 9.313726 35.711666 -33.333336
v 8.333334 36.167976 -33.333336
v 7.352943 36.556301 -33.333336
v 6.372550 36.766621 -33.333336
v 5.392159 36.775902 -33.333336
v 4.411767 36.687214 -33.333336
v 3.431374 36.681770 -33.333336
v 2.450982 36.672695 -33.333336
v 1.470590 36.556404 -33.333336
v 0.490198 36.237057 -33.333336
v -0.490195 35.677834 -33.333336
v -1.470587 35.126427 -33.333336
v -2.450979 34.614693 -33.333336
v -3.431371 34.134727 -33.333336
v -4.411763 33.687889 -33.333336
v -5.392155 33.299271 -33.333336
v -6.372548 33.091419 -33.333336
v -7.352940 33.028954 -33.333336
v -8.333332 33.032124 -33.333336
v -9.313725 33.014629 -33.333336
v -10.294116 32.895859 -33.333336
v -11.274508 32.816296 -33.333336
v -12.254901 32.869213 -33.333336
v -13.235293 33.046577 -33.333336
v -14.215686 33.290520 -33.333336
v -15.196077 33.497833 -33.333336
v -16.176470 33.723625 -33.333336
v -17.156862 34.070297 -33.333336
v -18.137255 34.543243 -33.333336
v -19.117645 35.093971 -33.333336
v -20.098038 35.619469 -33.333336
v -21.078430 35.959862 -33.333336
v -22.058823 36.147007 -33.333336
v -23.039215 36.276024 -33.333336
v -24.019608 36.416679 -33.333336
v 24.019608 35.744682 -34.313725
v 23.039215 35.958313 -34.313725
v 22.058825 36.028240 -34.313725
v 21.078432 36.010635 -34.313725
v 20.098040 36.031059 -34.313725
v 19.117647 36.093277 -34.313725
v 18.137255 36.059029 -34.313725
v 17.156864 35.989227 -34.313725
v 16.176472 35.924187 -34.313725
v 15.196079 35.881550 -34.313725
v 14.215687 35.814137 -34.313725
v 13.235294 35.665802 -34.313725
v 12.254903 35.510689 -34.313725
v 11.274510 35.433563 -34.313725
v 10.294119 35.526535 -34.313728
v 9.313726 35.881935 -34.313728
v 8.333334 36.391129 -34.313728
v 7.352943 36.825424 -34.313728
v 6.372550 37.051353 -34.313728
v 5.392159 37.036087 -34.313728
v 4.411767 36.886848 -34.313728
v 3.431374 36.812569 -34.313728
v 2.450982 36.758141 -34.313728
v 1.470590 36.630646 -34.313728
v 0.490198 36.322884 -34.313728
v -0.490195 35.778244 -34.313728
v -1.470587 35.273193 -34.313728
v -2.450979 34.804176 -34.313728
v -3.431371 34.333443 -34.313728
v -4.411763 33.852211 -34.313728
v -5.392155 33.395584 -34.313728
v -6.372548 33.119492 -34.313728
v -7.352940 33.020508 -34.313728
v -8.333332 33.031464 -34.313728
v -9.313725 33.058884 -34.313728
v -10.294116 32.996780 -34.313728
v -11.274508 32.974197 -34.313728
v -12.254901 33.073429 -34.313728
v -13.235293 33.275436 -34.313728
v -14.215686 33.517609 -34.313728
v -15.196077 33.697582 -34.313728
v -16.176470 33.860840 -34.313728
v -17.156862 34.127983 -34.313728
v -18.137255 34.529537 -34.313728
v -19.117645 35.034695 -34.313728
v -20.098038 35.550552 -34.313728
v -21.078430 35.900146 -34.313728
v -22.058823 36.102692 -34.313725
v -23.039215 36.253002 -34.313725
v -24.019608 36.418068 -34.313725
v 24.019608 35.626839 -35.294117
v 23.039215 35.870888 -35.294117
v 22.058825 36.000603 -35.294117
v 21.078432 36.048550 -35.294117
v 20.098040 36.114979 -35.294117
v 19.117647 36.173271 -35.294117
v 18.137255 36.090477 -35.294117
v 17.156864 35.958916 -35.294117
v 16.176472 35.844734 -35.294117
v 15.196079 35.785660 -35.294117
v 14.215687 35.756084 -35.294117
v 13.235294 35.697807 -35.294117
v 12.254903 35.648552 -35.294117
v 11.274510 35.661217 -35.294117
v 10.294119 35.801399 -35.294121
v 9.313726 36.151855 -35.294121
v 8.333334 36.632164 -35.294121
v 7.352943 37.024258 -35.294121
v 6.372550 37.205109 -35.294121
v 5.392159 37.153923 -35.294121
v 4.411767 36.985756 -35.294121
v 3.431374 36.897282 -35.294121
v 2.450982 36.836441 -35.294121
v 1.470590 36.712181 -35.294121
v 0.490198 36.415604 -35.294121
v -0.490195 35.889015 -35.294121
v -1.470587 35.419647 -35.294121
v -2.450979 34.986328 -35.294121
v -3.431371 34.534512 -35.294121
v -4.411763 34.044510 -35.294121
v -5.392155 33.549507 -35.294121
v -6.372548 33.237434 -35.294121
v -7.352940 33.118980 -35.294121
v -8.333332 33.129910 -35.294121
v -9.313725 33.174999 -35.294121
v -10.294116 33.143173 -35.294121
v -11.274508 33.171673 -35.294121
v -12.254901 33.330498 -35.294121
v -13.235293 33.581779 -35.294121
v -14.215686 33.845810 -35.294121
v -15.196077 34.003918 -35.294121
v -16.176470 34.071533 -35.294121
v -17.156862 34.193237 -35.294121
v -18.137255 34.442200 -35.294121
v -19.117645 34.827648 -35.294121
v -20.098038 35.293732 -35.294121
v -21.078430 35.650101 -35.294121
v -22.058823 35.882366 -35.294117
v -23.039215 36.071526 -35.294117
v -24.019608 36.270271 -35.294117
v 24.019608 35.462681 -36.274509
v 23.039215 35.713169 -36.274509
v 22.058825 35.929733 -36.274509
v 21.078432 36.105125 -36.274509
v 20.098040 36.270142 -36.274509
v 19.117647 36.341782 -36.274509
v 18.137255 36.224190 -36.274509
v 17.156864 36.040962 -36.274509
v 16.176472 35.884384 -36.274509
v 15.196080 35.813484 -36.274509
v 14.215688 35.818401 -36.274509
v 13.235295 35.821148 -36.274509
v 12.254904 35.823532 -36.274509
v 11.274511 35.856514 -36.274509
v 10.294120 35.978104 -36.274509
v 9.313727 36.267609 -36.274509
v 8.333335 36.655762 -36.274509
v 7.352943 36.973991 -36.274509
v 6.372550 37.125767 -36.274509
v 5.392159 37.091030 -36.274509
v 4.411767 36.957588 -36.274509
v 3.431374 36.889164 -36.274509
v 2.450982 36.835754 -36.274509
v 1.470590 36.717110 -36.274509
v 0.490198 36.441628 -36.274509
v -0.490195 35.963234 -36.274509
v -1.470587 35.521935 -36.274509
v -2.450979 35.103092 -36.274509
v -3.431371 34.663921 -36.274509
v -4.411763 34.189713 -36.274509
v -5.392155 33.708496 -36.274509
v -6.372548 33.376869 -36.274509
v -7.352940 33.212856 -36.274509
v -8.333331 33.174442 -36.274509
v -9.313724 33.194759 -36.274509
v -10.294115 33.195713 -36.274509
v -11.274508 33.308487 -36.274513
v -12.254900 33.567093 -36.274513
v -13.235292 33.905350 -36.274513
v -14.215685 34.221306 -36.274513
v -15.196076 34.378510 -36.274513
v -16.176470 34.342827 -36.274513
v -17.156862 34.276745 -36.274513
v -18.137255 34.308990 -36.274513
v -19.117645 34.511158 -36.274513
v -20.098038 34.896370 -36.274513
v -21.078430 35.287022 -36.274509
v -22.058823 35.595993 -36.274509
v -23.039215 35.850319 -36.274509
v -24.019608 36.069080 -36.274509
v 24.019608 35.297649 -37.254902
v 23.039215 35.507893 -37.254902
v 22.058825 35.793564 -37.254902
v 21.078432 36.108215 -37.254902
v 20.098040 36.393661 -37.254902
v 19.117647 36.500946 -37.254902
v 18.137255 36.389454 -37.254902
v 17.156864 36.204254 -37.254902
v 16.176472 36.052074 -37.254902
v 15.196080 35.999886 -37.254902
v 14.215688 36.038750 -37.254902
v 13.235295 36.063396 -37.254902
v 12.254904 36.045845 -37.254902
v 11.274511 36.012077 -37.254902
v 10.294120 36.040279 -37.254902
v 9.313727 36.226585 -37.254902
v 8.333335 36.497894 -37.254902
v 7.352943 36.750477 -37.254902
v 6.372550 36.913818 -37.254902
v 5.392159 36.949028 -37.254902
v 4.411767 36.884972 -37.254902
v 3.431374 36.853287 -37.254902
v 2.450982 36.813148 -37.254902
v 1.470590 36.703861 -37.254902
v 0.490198 36.463066 -37.254902
v -0.490194 36.059258 -37.254902
v -1.470587 35.636436 -37.254902
v -2.450979 35.205086 -37.254902
v -3.431371 34.758972 -37.254902
v -4.411763 34.306435 -37.254902
v -5.392155 33.875233 -37.254902
v -6.372548 33.537567 -37.254902
v -7.352940 33.313828 -37.254902
v -8.333331 33.198647 -37.254902
v -9.313724 33.172775 -37.254902
v -10.294115 33.211246 -37.254902
v -11.274508 33.398270 -37.254906
v -12.254900 33.722393 -37.254906
v -13.235292 34.104370 -37.254906
v -14.215685 34.440041 -37.254906
v -15.196076 34.599926 -37.254906
v -16.176470 34.510708 -37.254906
v -17.156862 34.327454 -37.254906
v -18.137255 34.210167 -37.254906
v -19.117645 34.275139 -37.254906
v -20.098038 34.593658 -37.254906
v -21.078430 35.032349 -37.254902
v -22.058823 35.430771 -37.254902
v -23.039215 35.740990 -37.254902
v -24.019608 35.944069 -37.254902
v 24.019608 35.204964 -38.235294
v 23.039215 35.317139 -38.235294
v 22.058825 35.606773 -38.235294
v 21.078432 36.008492 -38.235294
v 20.098040 36.391754 -38.235294
v 19.117647 36.556358 -38.235294
v 18.137255 36.510197 -38.235294
v 17.156864 36.397224 -38.235294
v 16.176472 36.316002 -38.235294
v 15.196080 36.318890 -38.235294
v 14.215688 36.386116 -38.235294
v 13.235295 36.401539 -38.235294
v 12.254904 36.317867 -38.235294
v 11.274511 36.168289 -38.235294
v 10.294120 36.065552 -38.235294
v 9.313727 36.133575 -38.235294
v 8.333335 36.288803 -38.235294
v 7.352943 36.489830 -38.235294
v 6.372550 36.686615 -38.235294
v 5.392159 36.812088 -38.235294
v 4.411767 36.827728 -38.235294
v 3.431374 36.842827 -38.235294
v 2.450982 36.826576 -38.235294
v 1.470590 36.737347 -38.235294
v 0.490198 36.541809 -38.235294
v -0.490194 36.219112 -38.235294
v -1.470587 35.799046 -38.235294
v -2.450979 35.327850 -38.235294
v -3.431371 34.849586 -38.235294
v -4.411763 34.407722 -38.235294
v -5.392155 34.037865 -38.235294
v -6.372548 33.711536 -38.235294
v -7.352940 33.443459 -38.235294
v -8.333331 33.262272 -38.235294
v -9.313724 33.194786 -38.235294
v -10.294115 33.265648 -38.235294
v -11.274508 33.474541 -38.235294
v -12.254900 33.775524 -38.235294
v -13.235292 34.106339 -38.235294
v -14.215685 34.391678 -38.235294
v -15.196076 34.541592 -38.235294
v -16.176470 34.472977 -38.235294
v -17.156862 34.303677 -38.235294
v -18.137255 34.180672 -38.235294
v -19.117645 34.222198 -38.235294
v -20.098038 34.517067 -38.235294
v -21.078430 34.995918 -38.235294
v -22.058823 35.458038 -38.235294
v -23.039215 35.787399 -38.235294
v -24.019608 35.937595 -38.235294
v 24.019608 35.226936 -39.215687
v 23.039215 35.211617 -39.215687
v 22.058825 35.440071 -39.215687
v 21.078432 35.852859 -39.215687
v 20.098040 36.284760 -39.215687
v 19.117647 36.511398 -39.215687
v 18.137255 36.565727 -39.215687
v 17.156864 36.571262 -39.215687
v 16.176472 36.600945 -39.215687
v 15.196080 36.676811 -39.215687
v 14.215688 36.765755 -39.215687
v 13.235295 36.764904 -39.215687
v 12.254904 36.615799 -39.215687
v 11.274511 36.360031 -39.215687
v 10.294120 36.139652 -39.215687
v 9.313727 36.103249 -39.215687
v 8.333335 36.161526 -39.215687
v 7.352943 36.319397 -39.215687
v 6.372550 36.541050 -39.215687
v 5.392159 36.736504 -39.215687
v 4.411767 36.815674 -39.215687
v 3.431375 36.874496 -39.215687
v 2.450982 36.887993 -39.215687
v 1.470590 36.826469 -39.215687
v 0.490198 36.676003 -39.215687
v -0.490194 36.419357 -39.215687
v -1.470587 35.991077 -39.215687
v -2.450979 35.470795 -39.215687
v -3.431371 34.948925 -39.215687
v -4.411763 34.503513 -39.215687
v -5.392155 34.183304 -39.215687
v -6.372548 33.881546 -39.215687
v -7.352940 33.601318 -39.215687
v -8.333331 33.390068 -39.215687
v -9.313724 33.302658 -39.215687
v -10.294115 33.392365 -39.215687
v -11.274508 33.562294 -39.215687
v -12.254900 33.754585 -39.215687
v -13.235292 33.949627 -39.215687
v -14.215685 34.123871 -39.215687
v -15.196076 34.247696 -39.215687
v -16.176470 34.256081 -39.215687
v -17.156862 34.212334 -39.215687
v -18.137255 34.214165 -39.215687
v -19.117645 34.342201 -39.215687
v -20.098038 34.660034 -39.215687
v -21.078430 35.160263 -39.215687
v -22.058823 35.644081 -39.215687
v -23.039215 35.954224 -39.215687
v -24.019608 36.034180 -39.215687
v 24.019608 35.372849 -40.196079
v 23.039215 35.265270 -40.196079
v 22.058825 35.412720 -40.196079
v 21.078432 35.776451 -40.196079
v 20.098040 36.199638 -40.196079
v 19.117647 36.460831 -40.196079
v 18.137255 36.586487 -40.196079
v 17.156864 36.679050 -40.196079
v 16.176472 36.788956 -40.196079
v 15.196080 36.914421 -40.196079
v 14.215688 37.021645 -40.196079
v 13.235295 37.036915 -40.196079
v 12.254904 36.889877 -40.196079
v 11.274511 36.614929 -40.196079
v 10.294120 36.353107 -40.196079
v 9.313727 36.256317 -40.196079
v 8.333335 36.248367 -40.196079
v 7.352943 36.355499 -40.196079
v 6.372550 36.553131 -40.196079
v 5.392159 36.751770 -40.196079
v 4.411767 36.850014 -40.196079
v 3.431375 36.928764 -40.196079
v 2.450982 36.961563 -40.196079
v 1.470590 36.920403 -40.196079
v 0.490198 36.795273 -40.196079
v -0.490194 36.567051 -40.196079
v -1.470587 36.135754 -40.196079
v -2.450979 35.594185 -40.196079
v -3.431371 35.051094 -40.196079
v -4.411763 34.599312 -40.196079
v -5.392155 34.296650 -40.196079
v -6.372548 34.020027 -40.196079
v -7.352940 33.762177 -40.196079
v -8.333331 33.566826 -40.196079
v -9.313724 33.487980 -40.196079
v -10.294115 33.576042 -40.196079
v -11.274508 33.671761 -40.196079
v -12.254900 33.730560 -40.196079
v -13.235292 33.777946 -40.196079
v -14.215685 33.837776 -40.196079
v -15.196076 33.930130 -40.196079
v -16.176470 34.015343 -40.196079
v -17.156862 34.113373 -40.196079
v -18.137255 34.270954 -40.196079
v -19.117645 34.521767 -40.196079
v -20.098038 34.887047 -40.196079
v -21.078430 35.388016 -40.196079
v -22.058823 35.855618 -40.196079
v -23.039215 36.130531 -40.196079
v -24.019608 36.162842 -40.196079
v 24.019608 35.545132 -41.176468
v 23.039215 35.365211 -41.176468
v 22.058825 35.427261 -41.176468
v 21.078432 35.718414 -41.176472
v 20.098040 36.105431 -41.176472
v 19.117647 36.374352 -41.176472
v 18.137255 36.530418 -41.176472
v 17.156864 36.662361 -41.176472
v 16.176472 36.809242 -41.176472
v 15.196080 36.960052 -41.176472
v 14.215688 37.091934 -41.176472
v 13.235295 37.158607 -41.176472
v 12.254904 37.075531 -41.176472
v 11.274511 36.857780 -41.176472
v 10.294120 36.623100 -41.176472
v 9.313727 36.514259 -41.176472
v 8.333335 36.484184 -41.176472
v 7.352943 36.553150 -41.176472
v 6.372550 36.699463 -41.176472
v 5.392159 36.848518 -41.176472
v 4.411767 36.913742 -41.176472
v 3.431375 36.950272 -41.176472
v 2.450982 36.936493 -41.176472
v 1.470590 36.853775 -41.176472
v 0.490198 36.701385 -41.176472
v -0.490194 36.470589 -41.176472
v -1.470587 36.068184 -41.176472
v -2.450979 35.572853 -41.176472
v -3.431371 35.076118 -41.176472
v -4.411763 34.652637 -41.176472
v -5.392155 34.346649 -41.176472
v -6.372548 34.069374 -41.176472
v -7.352940 33.816662 -41.176472
v -8.333331 33.624695 -41.176472
v -9.313724 33.540894 -41.176472
v -10.294115 33.607803 -41.176472
v -11.274508 33.641766 -41.176472
v -12.254900 33.627254 -41.176472
v -13.235292 33.621002 -41.176472
v -14.215685 33.662609 -41.176472
v -15.196076 33.774406 -41.176472
v -16.176470 33.956482 -41.176472
v -17.156862 34.199623 -41.176472
v -18.137255 34.496605 -41.176472
v -19.117645 34.841236 -41.176472
v -20.098038 35.228897 -41.176472
v -21.078430 35.673248 -41.176472
v -22.058823 36.056587 -41.176476
v -23.039215 36.268299 -41.176476
v -24.019608 36.281853 -41.176476
v 24.019608 35.656898 -42.156860
v 23.039215 35.433235 -42.156860
v 22.058825 35.441113 -42.156860
v 21.078432 35.684307 -42.156864
v 20.098040 36.041962 -42.156864
v 19.117647 36.300625 -42.156864
v 18.137255 36.452618 -42.156864
v 17.156864 36.582809 -42.156864
v 16.176472 36.730728 -42.156864
v 15.196080 36.890160 -42.156864
v 14.215688 37.045433 -42.156864
v 13.235295 37.152512 -42.156864
v 12.254904 37.123444 -42.156864
v 11.274511 36.962646 -42.156864
v 10.294120 36.769905 -42.156864
v 9.313727 36.681080 -42.156864
v 8.333335 36.666245 -42.156864
v 7.352943 36.720329 -42.156864
v 6.372551 36.815651 -42.156864
v 5.392159 36.894691 -42.156864
v 4.411767 36.899231 -42.156864
v 3.431375 36.871181 -42.156864
v 2.450982 36.793022 -42.156864
v 1.470590 36.653648 -42.156864
v 0.490198 36.459469 -42.156864
v -0.490194 36.214542 -42.156864
v -1.470587 35.855118 -42.156864
v -2.450979 35.437233 -42.156864
v -3.431371 35.020287 -42.156864
v -4.411763 34.644897 -42.156864
v -5.392155 34.328125 -42.156864
v -6.372547 34.034950 -42.156864
v -7.352939 33.771263 -42.156864
v -8.333331 33.566719 -42.156864
v -9.313724 33.463856 -42.156864
v -10.294115 33.501293 -42.156864
v -11.274508 33.499588 -42.156864
v -12.254900 33.480015 -42.156864
v -13.235292 33.516277 -42.156864
v -14.215685 33.635315 -42.156864
v -15.196076 33.820297 -42.156864
v -16.176470 34.105915 -42.156864
v -17.156862 34.462845 -42.156864
v -18.137255 34.838039 -42.156864
v -19.117645 35.206451 -42.156864
v -20.098038 35.570885 -42.156864
v -21.078430 35.915771 -42.156864
v -22.058823 36.175251 -42.156868
v -23.039215 36.314957 -42.156868
v -24.019608 36.336662 -42.156868
v 24.019608 35.681725 -43.137253
v 23.039215 35.467720 -43.137253
v 22.058825 35.482018 -43.137253
v 21.078432 35.726555 -43.137253
v 20.098040 36.074112 -43.137253
v 19.117647 36.304985 -43.137253
v 18.137255 36.415932 -43.137253
v 17.156864 36.500355 -43.137253
v 16.176472 36.611343 -43.137253
v 15.196080 36.761276 -43.137253
v 14.215688 36.932182 -43.137253
v 13.235295 37.048523 -43.137253
v 12.254904 37.033821 -43.137253
v 11.274511 36.897831 -43.137253
v 10.294120 36.737938 -43.137253
v 9.313727 36.687904 -43.137253
v 8.333335 36.708420 -43.137253
v 7.352943 36.760910 -43.137253
v 6.372551 36.808407 -43.137253
v 5.392159 36.810505 -43.137253
v 4.411767 36.748257 -43.137253
v 3.431375 36.678162 -43.137253
v 2.450982 36.575424 -43.137253
v 1.470590 36.420677 -43.137253
v 0.490198 36.211185 -43.137253
v -0.490194 35.951744 -43.137253
v -1.470586 35.626709 -43.137253
v -2.450979 35.276276 -43.137253
v -3.431371 34.930080 -43.137253
v -4.411763 34.596329 -43.137253
v -5.392155 34.266228 -43.137253
v -6.372547 33.961082 -43.137253
v -7.352939 33.694572 -43.137253
v -8.333331 33.486473 -43.137253
v -9.313724 33.371033 -43.137253
v -10.294115 33.381306 -43.137253
v -11.274508 33.366547 -43.137253
v -12.254900 33.386959 -43.137253
v -13.235292 33.521454 -43.137253
v -14.215685 33.768578 -43.137253
v -15.196076 34.052208 -43.137253
v -16.176470 34.412399 -43.137253
v -17.156862 34.809002 -43.137253
v -18.137255 35.169037 -43.137253
v -19.117645 35.478310 -43.137253
v -20.098038 35.780235 -43.137253
v -21.078430 36.019211 -43.137253
v -22.058823 36.161163 -43.137257
v -23.039215 36.246811 -43.137257
v -24.019608 36.299706 -43.137257
v 24.019608 35.626175 -44.117645
v 23.039215 35.467026 -44.117645
v 22.058825 35.537659 -44.117645
v 21.078432 35.822914 -44.117645
v 20.098040 36.175262 -44.117645
v 19.117647 36.366459 -44.117645
v 18.137255 36.413197 -44.117645
v 17.156864 36.425739 -44.117645
v 16.176472 36.478363 -44.117645
v 15.196080 36.609093 -44.117645
v 14.215688 36.790470 -44.117645
v 13.235295 36.893909 -44.117645
v 12.254904 36.862186 -44.117645
v 11.274511 36.721554 -44.117645
v 10.294120 36.580730 -44.117645
v 9.313727 36.574509 -44.117645
v 8.333335 36.630234 -44.117645
v 7.352943 36.681007 -44.117645
v 6.372551 36.683636 -44.117645
v 5.392159 36.613541 -44.117645
v 4.411767 36.494442 -44.117645
v 3.431375 36.422993 -44.117645
v 2.450983 36.354637 -44.117645
v 1.470590 36.244392 -44.117645
v 0.490198 36.062389 -44.117645
v -0.490194 35.797371 -44.117645
v -1.470586 35.486618 -44.117645
v -2.450979 35.169327 -44.117645
v -3.431371 34.859421 -44.117645
v -4.411763 34.546448 -44.117645
v -5.392155 34.207100 -44.117645
v -6.372547 33.907024 -44.117645
v -7.352939 33.660355 -44.117645
v -8.333331 33.472721 -44.117645
v -9.313724 33.364979 -44.117645
v -10.294115 33.359653 -44.117645
v -11.274508 33.342220 -44.117645
v -12.254900 33.408157 -44.117645
v -13.235292 33.638103 -44.117645
v -14.215685 34.005081 -44.117645
v -15.196076 34.381279 -44.117645
v -16.176470 34.779789 -44.117645
v -17.156862 35.153133 -44.117645
v -18.137255 35.433151 -44.117645
v -19.117645 35.636055 -44.117645
v -20.098038 35.860168 -44.117645
v -21.078430 36.014214 -44.117645
v -22.058823 36.071190 -44.117649
v -23.039215 36.124374 -44.117649
v -24.019608 36.208374 -44.117649
v 24.019608 35.528862 -45.098038
v 23.039215 35.429157 -45.098038
v 22.058825 35.556030 -45.098038
v 21.078432 35.877296 -45.098038
v 20.098040 36.228333 -45.098038
v 19.117647 36.379021 -45.098038
v 18.137255 36.368759 -45.098038
v 17.156864 36.321938 -45.098038
v 16.176472 36.329521 -45.098038
v 15.196080 36.448975 -45.098038
v 14.215688 36.646633 -45.098038
v 13.235295 36.752174 -45.098038
v 12.254904 36.717579 -45.098038
v 11.274511 36.580025 -45.098038
v 10.294120 36.459183 -45.098038
v 9.313727 36.487804 -45.098038
v 8.333335 36.555565 -45.098038
v 7.352943 36.587753 -45.098038
v 6.372551 36.545319 -45.098038
v 5.392159 36.417725 -45.098038
v 4.411767 36.262520 -45.098038
v 3.431375 36.222122 -45.098038
v 2.450983 36.228062 -45.098038
v 1.470590 36.203148 -45.098038
v 0.490198 36.083038 -45.098038
v -0.490194 35.828880 -45.098038
v -1.470586 35.512230 -45.098038
v -2.450979 35.186638 -45.098038
v -3.431371 34.870468 -45.098038
v -4.411763 34.554901 -45.098038
v -5.392155 34.218407 -45.098038
v -6.372547 33.946899 -45.098038
v -7.352939 33.746773 -45.098038
v -8.333331 33.607876 -45.098038
v -9.313724 33.534424 -45.098038
v -10.294115 33.532684 -45.098038
v -11.274508 33.502457 -45.098038
v -12.254900 33.564659 -45.098038
v -13.235292 33.811981 -45.098038
v -14.215685 34.218742 -45.098038
v -15.196076 34.646843 -45.098038
v -16.176470 35.068005 -45.098038
v -17.156862 35.419350 -45.098038
v -18.137255 35.642605 -45.098038
v -19.117645 35.775150 -45.098038
v -20.098038 35.947372 -45.098038
v -21.078430 36.055698 -45.098038
v -22.058823 36.066925 -45.098042
v -23.039215 36.090324 -45.098042
v -24.019608 36.163910 -45.098042
v 24.019608 35.369251 -46.078430
v 23.039215 35.344818 -46.078430
v 22.058825 35.520912 -46.078430
v 21.078432 35.857689 -46.078430
v 20.098040 36.195988 -46.078430
v 19.117647 36.341293 -46.078430
v 18.137255 36.338661 -46.078430
v 17.156864 36.280998 -46.078430
v 16.176472 36.251709 -46.078430
v 15.196080 36.324932 -46.078430
v 14.215688 36.485680 -46.078430
v 13.235295 36.565361 -46.078430
v 12.254904 36.540802 -46.078430
v 11.274511 36.452438 -46.078430
v 10.294120 36.400307 -46.078430
v 9.313727 36.471153 -46.078430
v 8.333335 36.529785 -46.078430
v 7.352943 36.526886 -46.078430
v 6.372551 36.446049 -46.078430
v 5.392159 36.294579 -46.078430
v 4.411767 36.149460 -46.078430
v 3.431375 36.169617 -46.078430
v 2.450983 36.258335 -46.078430
v 1.470590 36.313042 -46.078430
v 0.490198 36.250965 -46.078430
v -0.490194 36.025139 -46.078430
v -1.470586 35.721294 -46.078430
v -2.450979 35.394569 -46.078430
v -3.431371 35.066757 -46.078430
v -4.411763 34.737785 -46.078430
v -5.392155 34.397354 -46.078430
v -6.372547 34.120491 -46.078430
v -7.352939 33.915024 -46.078430
v -8.333331 33.773857 -46.078430
v -9.313724 33.700108 -46.078430
v -10.294115 33.695995 -46.078430
v -11.274508 33.670059 -46.078430
v -12.254900 33.738678 -46.078430
v -13.235292 33.989670 -46.078430
v -14.215685 34.399288 -46.078430
v -15.196076 34.837055 -46.078430
v -16.176470 35.251015 -46.078430
v -17.156862 35.575352 -46.078430
v -18.137255 35.763573 -46.078430
v -19.117645 35.860458 -46.078430
v -20.098038 35.999496 -46.078430
v -21.078430 36.085403 -46.078430
v -22.058823 36.085659 -46.078434
v -23.039215 36.102310 -46.078434
v -24.019608 36.165779 -46.078434
v 24.019609 35.225510 -47.058823
v 23.039217 35.280910 -47.058823
v 22.058826 35.486858 -47.058823
v 21.078434 35.810120 -47.058823
v 20.098042 36.124191 -47.058823
v 19.117649 36.302658 -47.058823
v 18.137257 36.366169 -47.058823
v 17.156866 36.331089 -47.058823
v 16.176474 36.253258 -47.058823
v 15.196080 36.228714 -47.058823
v 14.215688 36.290092 -47.058823
v 13.235295 36.309845 -47.058823
v 12.254904 36.310612 -47.058823
v 11.274511 36.327988 -47.058823
v 10.294120 36.405045 -47.058823
v 9.313727 36.534897 -47.058823
v 8.333335 36.581192 -47.058823
v 7.352943 36.543156 -47.058823
v 6.372551 36.439438 -47.058823
v 5.392159 36.298492 -47.058823
v 4.411767 36.199913 -47.058823
v 3.431375 36.269882 -47.058823
v 2.450983 36.390663 -47.058823
v 1.470590 36.457760 -47.058823
v 0.490198 36.404419 -47.058823
v -0.490194 36.213226 -47.058823
v -1.470586 35.959885 -47.058823
v -2.450979 35.672180 -47.058823
v -3.431371 35.359451 -47.058823
v -4.411763 35.023567 -47.058823
v -5.392155 34.665592 -47.058823
v -6.372547 34.341789 -47.058823
v -7.352939 34.074120 -47.058823
v -8.333331 33.874027 -47.058823
v -9.313724 33.756355 -47.058823
v -10.294115 33.731136 -47.058823
v -11.274508 33.736771 -47.058823
v -12.254900 33.860516 -47.058823
v -13.235292 34.156456 -47.058823
v -14.215685 34.583458 -47.058823
v -15.196076 35.009888 -47.058823
v -16.176468 35.395477 -47.058823
v -17.156860 35.692650 -47.058823
v -18.137253 35.863319 -47.058823
v -19.117643 35.947449 -47.058823
v -20.098036 36.060699 -47.058823
v -21.078428 36.117207 -47.058823
v -22.058821 36.102474 -47.058826
v -23.039213 36.115162 -47.058826
v -24.019606 36.177574 -47.058826
v 24.019609 35.197025 -48.039215
v 23.039217 35.296181 -48.039215
v 22.058826 35.484024 -48.039215
v 21.078434 35.751595 -48.039215
v 20.098042 36.026520 -48.039215
v 19.117649 36.256088 -48.039215
v 18.137257 36.407413 -48.039215
v 17.156866 36.406647 -48.039215
v 16.176474 36.276192 -48.039215
v 15.196080 36.135735 -48.039215
v 14.215688 36.082779 -48.039215
v 13.235295 36.054626 -48.039215
v 12.254904 36.116367 -48.039215
v 11.274511 36.285347 -48.039215
v 10.294120 36.524780 -48.039215
v 9.313727 36.717140 -48.039215
v 8.333335 36.752930 -48.039215
v 7.352943 36.687012 -48.039215
v 6.372551 36.574883 -48.039215
v 5.392159 36.464611 -48.039215
v 4.411767 36.421265 -48.039215
v 3.431375 36.493782 -48.039215
v 2.450983 36.563469 -48.039215
v 1.470590 36.554077 -48.039215
v 0.490198 36.448780 -48.039215
v -0.490194 36.289001 -48.039215
v -1.470586 36.109230 -48.039215
v -2.450979 35.889896 -48.039215
v -3.431371 35.617069 -48.039215
v -4.411763 35.286942 -48.039215
v -5.392155 34.909187 -48.039215
v -6.372547 34.535248 -48.039215
v -7.352939 34.203671 -48.039215
v -8.333331 33.942528 -48.039215
v -9.313724 33.775856 -48.039215
v -10.294115 33.719719 -48.039215
v -11.274508 33.757469 -48.039215
v -12.254900 33.943542 -48.039215
v -13.235292 34.289452 -48.039215
v -14.215685 34.731033 -48.039215
v -15.196076 35.134136 -48.039215
v -16.176468 35.503647 -48.039215
v -17.156860 35.815872 -48.039215
v -18.137253 36.024719 -48.039215
v -19.117643 36.145660 -48.039215
v -20.098036 36.253799 -48.039215
v -21.078428 36.266270 -48.039215
v -22.058821 36.204163 -48.039215
v -23.039213 36.177250 -48.039215
v -24.019606 36.212383 -48.039215
v 24.019609 35.303471 -49.019608
v 23.039217 35.397545 -49.019608
v 22.058826 35.524246 -49.019608
v 21.078434 35.709396 -49.019608
v 20.098042 35.939964 -49.019608
v 19.117649 36.218563 -49.019608
v 18.137257 36.445210 -49.019608
v 17.156866 36.472462 -49.019608
v 16.176474 36.296242 -49.019608
v 15.196080 36.056931 -49.019608
v 14.215688 35.914932 -49.019608
v 13.235295 35.872623 -49.019608
v 12.254904 36.019287 -49.019608
v 11.274511 36.345207 -49.019608
v 10.294120 36.735138 -49.019608
v 9.313727 36.976997 -49.019608
v 8.333335 37.004875 -49.019608
v 7.352943 36.920494 -49.019608
v 6.372551 36.808651 -49.019608
v 5.392159 36.732113 -49.019608
v 4.411767 36.732391 -49.019608
v 3.431375 36.763496 -49.019608
v 2.450983 36.723961 -49.019608
v 1.470590 36.584114 -49.019608
v 0.490198 36.392044 -49.019608
v -0.490194 36.255096 -49.019608
v -1.470586 36.146893 -49.019608
v -2.450979 35.998440 -49.019608
v -3.431371 35.772079 -49.019608
v -4.411763 35.455154 -49.019608
v -5.392155 35.063622 -49.019608
v -6.372547 34.666039 -49.019608
v -7.352939 34.310036 -49.019608
v -8.333331 34.025799 -49.019608
v -9.313724 33.833488 -49.019608
v -10.294115 33.743977 -49.019608
v -11.274508 33.788136 -49.019608
v -12.254900 34.001976 -49.019608
v -13.235292 34.366032 -49.019608
v -14.215685 34.801506 -49.019608
v -15.196076 35.177467 -49.019608
v -16.176468 35.557575 -49.019608
v -17.156860 35.933231 -49.019608
v -18.137253 36.233627 -49.019608
v -19.117643 36.435493 -49.019608
v -20.098036 36.561508 -49.019608
v -21.078428 36.522926 -49.019608
v -22.058821 36.384171 -49.019608
v -23.039213 36.280003 -49.019608
v -24.019606 36.256458 -49.019608
vn -0.0000 -0.0000 1.0000
vn -0.6191 0.4831 -0.6191
vn -0.0000 1.0000 -0.0000
vn -0.8196 0.5207 -0.2391
vn -0.7306 0.6553 -0.1919
vn -0.6333 0.7703 -0.0748
vn -0.5869 0.8094 -0.0206
vn -0.5700 0.8147 -0.1064
vn -0.4845 0.8515 -0.2005
vn -0.3033 0.9095 -0.2844
vn -0.0208 0.9998 -0.0000
vn 0.2847 0.9586 -0.0000
vn 0.4494 0.8933 -0.0000
vn 0.4844 0.8748 -0.0000
vn 0.5042 0.8635 0.0153
vn 0.4913 0.8678 0.0743
vn 0.4287 0.8921 0.1425
vn 0.2979 0.9287 0.2208
vn 0.0828 0.9966 -0.0000
vn -0.1819 0.9833 -0.0000
vn -0.3564 0.9343 -0.0000
vn -0.4255 0.9049 -0.0000
vn -0.4368 0.8996 -0.0000
vn -0.4386 0.8975 -0.0451
vn -0.4014 0.9155 -0.0261
vn -0.3793 0.9253 -0.0000
vn -0.4129 0.9108 -0.0000
vn -0.4993 0.8665 -0.0000
vn -0.6079 0.7940 -0.0000
vn -0.7234 0.6904 -0.0000
vn -0.7923 0.6101 -0.0000
vn -0.8203 0.5720 -0.0000
vn -0.8205 0.5704 -0.0386
vn -0.8078 0.5893 -0.0120
vn -0.8037 0.5951 -0.0000
vn -0.8115 0.5844 -0.0000
vn -0.8223 0.5691 -0.0000
vn -0.8196 0.5666 -0.0854
vn -0.7855 0.6062 -0.1244
vn -0.7343 0.6734 -0.0859
vn -0.6936 0.7203 -0.0048
vn -0.6912 0.7227 -0.0000
vn -0.7257 0.6880 -0.0000
vn -0.7645 0.6446 -0.0000
vn -0.7943 0.6075 -0.0000
vn -0.8062 0.5913 -0.0223
vn -0.7971 0.6013 -0.0560
vn -0.7762 0.6298 -0.0286
vn -0.7648 0.6442 -0.0000
vn -0.7653 0.6436 -0.0000
vn -0.7685 0.6398 -0.0000
vn -0.7776 0.6288 -0.0000
vn -0.0000 0.9402 -0.3405
vn -0.0000 0.9856 -0.1689
vn -0.0000 0.9997 -0.0245
vn -0.0000 0.9932 0.1167
vn -0.0000 0.9576 0.2880
vn -0.0000 0.9139 0.4059
vn -0.0000 0.9419 0.3359
vn -0.0000 0.9934 0.1149
vn -0.0000 0.9952 -0.0977
vn -0.0000 0.9915 -0.1302
vn -0.0000 0.9864 -0.1645
vn -0.0000 0.9542 -0.2991
vn -0.0000 0.8561 -0.5169
vn -0.0000 0.7420 -0.6704
vn -0.0000 0.7154 -0.6987
vn -0.0000 0.7591 -0.6509
vn -0.0000 0.7500 -0.6614
vn -0.0000 0.7140 -0.7001
vn -0.0000 0.6401 -0.7683
vn -0.0000 0.5498 -0.8353
vn -0.0000 0.4826 -0.8758
vn -0.0000 0.4816 -0.8764
vn -0.0000 0.5103 -0.8600
vn -0.0000 0.5371 -0.8435
vn -0.0000 0.5444 -0.8388
vn -0.0000 0.5189 -0.8548
vn -0.0000 0.4797 -0.8774
vn -0.0000 0.4811 -0.8767
vn -0.0000 0.5407 -0.8412
vn -0.0000 0.6378 -0.7702
vn -0.0000 0.8043 -0.5942
vn -0.0000 0.9707 -0.2401
vn -0.0000 0.9860 0.1670
vn -0.0000 0.8950 0.4460
vn -0.0000 0.7805 0.6252
vn -0.0000 0.7290 0.6846
vn -0.0000 0.7132 0.7010
vn -0.0000 0.6833 0.7301
vn -0.0000 0.6301 0.7765
vn -0.0000 0.5781 0.8160
vn -0.0000 0.5453 0.8383
vn -0.0000 0.5341 0.8454
vn -0.0000 0.5362 0.8441
vn -0.5055 0.8628 -0.0000
vn 0.2147 0.9600 -0.1798
vn 0.1845 0.9669 -0.1761
vn 0.1435 0.9773 -0.1558
vn 0.1389 0.9778 -0.1571
vn 0.1761 0.9606 -0.2150
vn 0.1359 0.9485 -0.2861
vn 0.0266 0.9448 -0.3265
vn -0.1086 0.9396 -0.3247
vn -0.2228 0.9245 -0.3092
vn -0.2020 0.9447 -0.2582
vn -0.0417 0.9817 -0.1856
vn 0.0093 0.9983 -0.0578
vn -0.0354 0.9977 -0.0578
vn -0.1450 0.9889 -0.0310
vn -0.2786 0.9596 0.0396
vn -0.2844 0.9485 0.1394
vn -0.1272 0.9592 0.2524
vn 0.0574 0.9655 0.2540
vn 0.1116 0.9360 0.3337
vn -0.0227 0.9339 0.3569
vn -0.0946 0.9591 0.2668
vn -0.2117 0.9627 0.1684
vn -0.3017 0.9461 0.1173
vn -0.2810 0.9509 0.1296
vn -0.0812 0.9810 0.1764
vn 0.0763 0.9813 0.1765
vn 0.1310 0.9736 0.1868
vn 0.1127 0.9824 0.1488
vn 0.0299 0.9995 -0.0085
vn -0.1060 0.9943 -0.0084
vn -0.1788 0.9835 0.0268
vn -0.0869 0.9919 0.0930
vn 0.0934 0.9913 0.0929
vn 0.2551 0.9561 0.1444
vn 0.3239 0.9310 0.1683
vn 0.4194 0.8945 0.1547
vn 0.4384 0.8921 0.1095
vn 0.3839 0.9211 0.0647
vn 0.3122 0.9491 0.0412
vn 0.2895 0.9562 0.0435
vn 0.1366 0.9892 0.0536
vn 0.0436 0.9985 0.0317
vn 0.0846 0.9888 -0.1226
vn 0.1581 0.9647 -0.2108
vn 0.1704 0.9508 -0.2589
vn 0.1189 0.9453 -0.3038
vn 0.0507 0.9317 -0.3596
vn -0.0082 0.9329 -0.3600
vn -0.0082 0.9162 -0.4007
vn -0.5951 0.8037 -0.0000
vn 0.1837 0.9619 -0.2025
vn 0.1870 0.9542 -0.2334
vn 0.1623 0.9566 -0.2421
vn 0.1346 0.9559 -0.2610
vn 0.1131 0.9424 -0.3148
vn 0.0611 0.9328 -0.3551
vn -0.0149 0.9345 -0.3558
vn -0.0973 0.9324 -0.3480
vn -0.1695 0.9429 -0.2868
vn -0.1261 0.9730 -0.1933
vn 0.0358 0.9994 -0.0040
vn 0.0620 0.9981 -0.0039
vn -0.0089 0.9987 0.0502
vn -0.1264 0.9888 0.0789
vn -0.2287 0.9666 0.1158
vn -0.1876 0.9661 0.1774
vn -0.0161 0.9834 0.1806
vn 0.1469 0.9613 0.2331
vn 0.1592 0.9506 0.2665
vn -0.0451 0.9627 0.2668
vn -0.1944 0.9588 0.2074
vn -0.3029 0.9373 0.1725
vn -0.3401 0.9194 0.1974
vn -0.2622 0.9259 0.2721
vn -0.0368 0.9394 0.3408
vn 0.0841 0.9367 0.3398
vn 0.0878 0.9331 0.3487
vn 0.0333 0.9800 0.1963
vn -0.0490 0.9945 0.0924
vn -0.1176 0.9905 0.0712
vn -0.1320 0.9862 0.0999
vn -0.0210 0.9907 0.1344
vn 0.1485 0.9799 0.1329
vn 0.2813 0.9482 0.1478
vn 0.3186 0.9368 0.1449
vn 0.3834 0.9156 0.1216
vn 0.4011 0.9139 0.0632
vn 0.3632 0.9312 -0.0303
vn 0.3141 0.9488 -0.0328
vn 0.2972 0.9544 -0.0281
vn 0.1148 0.9929 -0.0318
vn -0.0195 0.9993 -0.0320
vn -0.0070 0.9985 -0.0542
vn 0.0683 0.9849 -0.1591
vn 0.1221 0.9730 -0.1959
vn 0.0744 0.9700 -0.2314
vn -0.0098 0.9727 -0.2320
vn -0.0580 0.9616 -0.2682
vn -0.0294 0.9575 -0.2870
vn -0.6609 0.7505 -0.0000
vn 0.1176 0.9740 -0.1934
vn 0.1555 0.9609 -0.2291
vn 0.1542 0.9569 -0.2461
vn 0.1155 0.9557 -0.2706
vn 0.0560 0.9482 -0.3127
vn 0.0178 0.9459 -0.3239
vn -0.0081 0.9585 -0.2848
vn -0.0346 0.9802 -0.1948
vn -0.0726 0.9782 -0.1944
vn -0.0249 0.9995 0.0203
vn 0.1248 0.9920 0.0201
vn 0.1151 0.9888 0.0954
vn 0.0108 0.9910 0.1336
vn -0.1162 0.9837 0.1370
vn -0.1906 0.9699 0.1517
vn -0.1276 0.9794 0.1562
vn 0.0419 0.9866 0.1574
vn 0.1854 0.9728 0.1390
vn 0.1773 0.9777 0.1122
vn -0.0634 0.9934 0.0959
vn -0.2536 0.9622 0.0990
vn -0.3314 0.9326 0.1429
vn -0.3123 0.9206 0.2346
vn -0.1877 0.9201 0.3437
vn 0.0278 0.9364 0.3498
vn 0.0916 0.9097 0.4049
vn 0.0301 0.9081 0.4176
vn -0.0745 0.9505 0.3015
vn -0.1510 0.9644 0.2173
vn -0.1358 0.9707 0.1983
vn -0.1016 0.9735 0.2050
vn 0.0129 0.9785 0.2061
vn 0.1658 0.9653 0.2019
vn 0.2786 0.9430 0.1822
vn 0.2995 0.9412 0.1563
vn 0.3318 0.9345 0.1289
vn 0.3483 0.9345 0.0732
vn 0.3339 0.9422 -0.0267
vn 0.3122 0.9490 -0.0434
vn 0.3014 0.9518 -0.0573
vn 0.1121 0.9916 -0.0647
vn -0.0416 0.9970 -0.0650
vn -0.0544 0.9962 -0.0687
vn 0.0097 0.9963 -0.0857
vn 0.0845 0.9868 -0.1379
vn 0.0390 0.9875 -0.1529
vn -0.0498 0.9870 -0.1528
vn -0.0799 0.9849 -0.1534
vn -0.0235 0.9908 -0.1335
vn -0.7117 0.7025 -0.0000
vn 0.0537 0.9861 -0.1573
vn 0.1196 0.9805 -0.1557
vn 0.1393 0.9785 -0.1524
vn 0.0932 0.9816 -0.1667
vn 0.0122 0.9858 -0.1674
vn 0.0061 0.9808 -0.1948
vn 0.0363 0.9868 -0.1578
vn 0.0627 0.9942 -0.0874
vn 0.0445 0.9990 -0.0014
vn 0.0751 0.9972 -0.0014
vn 0.1975 0.9779 0.0689
vn 0.1520 0.9822 0.1104
vn 0.0165 0.9922 0.1234
vn -0.1180 0.9874 0.1053
vn -0.1757 0.9793 0.1002
vn -0.1259 0.9903 0.0594
vn 0.0258 0.9997 -0.0047
vn 0.1600 0.9849 -0.0655
vn 0.1585 0.9830 -0.0924
vn -0.0615 0.9937 -0.0934
vn -0.2487 0.9666 -0.0613
vn -0.2905 0.9524 0.0924
vn -0.2264 0.9530 0.2011
vn -0.0812 0.9521 0.2948
vn 0.0962 0.9508 0.2944
vn 0.1081 0.9370 0.3323
vn -0.0142 0.9358 0.3523
vn -0.1608 0.9311 0.3273
vn -0.2304 0.9268 0.2965
vn -0.1518 0.9441 0.2927
vn -0.0935 0.9524 0.2901
vn 0.0113 0.9565 0.2914
vn 0.1479 0.9499 0.2755
vn 0.2510 0.9355 0.2489
vn 0.2716 0.9361 0.2234
vn 0.2774 0.9388 0.2042
vn 0.2903 0.9421 0.1681
vn 0.2959 0.9475 0.1215
vn 0.2966 0.9520 0.0756
vn 0.2891 0.9568 0.0320
vn 0.1072 0.9924 -0.0609
vn -0.0453 0.9971 -0.0612
vn -0.0712 0.9929 -0.0951
vn -0.0194 0.9918 -0.1260
vn 0.0602 0.9837 -0.1696
vn 0.0241 0.9864 -0.1628
vn -0.0506 0.9854 -0.1627
vn -0.0595 0.9899 -0.1290
vn 0.0140 0.9996 -0.0254
vn -0.7581 0.6522 -0.0000
vn 0.0440 0.9906 -0.1298
vn 0.1215 0.9905 -0.0650
vn 0.1439 0.9895 -0.0138
vn 0.0806 0.9967 0.0001
vn -0.0167 0.9999 0.0002
vn 0.0065 0.9999 -0.0135
vn 0.0753 0.9971 -0.0131
vn 0.1339 0.9909 -0.0103
vn 0.1300 0.9915 0.0038
vn 0.1456 0.9893 0.0038
vn 0.2370 0.9713 0.0181
vn 0.1644 0.9863 -0.0122
vn 0.0082 0.9998 -0.0184
vn -0.1277 0.9916 -0.0182
vn -0.1807 0.9835 -0.0121
vn -0.1671 0.9859 -0.0116
vn -0.0389 0.9985 -0.0387
vn 0.0994 0.9876 -0.1213
vn 0.1314 0.9827 -0.1306
vn -0.0309 0.9908 -0.1317
vn -0.1890 0.9784 -0.0832
vn -0.2034 0.9744 0.0957
vn -0.1207 0.9768 0.1769
vn 0.0131 0.9839 0.1782
vn 0.1410 0.9648 0.2220
vn 0.1337 0.9641 0.2296
vn -0.0160 0.9674 0.2528
vn -0.1874 0.9479 0.2577
vn -0.2608 0.9310 0.2554
vn -0.1627 0.9532 0.2548
vn -0.0996 0.9612 0.2573
vn -0.0027 0.9656 0.2600
vn 0.1262 0.9579 0.2580
vn 0.2268 0.9416 0.2488
vn 0.2525 0.9389 0.2339
vn 0.2426 0.9464 0.2133
vn 0.2456 0.9520 0.1828
vn 0.2521 0.9569 0.1438
vn 0.2555 0.9620 0.0969
vn 0.2432 0.9692 0.0392
vn 0.0640 0.9938 -0.0904
vn -0.0793 0.9928 -0.0902
vn -0.1017 0.9870 -0.1247
vn -0.0467 0.9868 -0.1553
vn 0.0425 0.9743 -0.2212
vn 0.0309 0.9719 -0.2334
vn -0.0161 0.9722 -0.2335
vn -0.0077 0.9849 -0.1729
vn 0.0658 0.9894 -0.1293
vn -0.8041 0.5946 -0.0000
vn 0.1017 0.9848 -0.1405
vn 0.1842 0.9793 -0.0843
vn 0.1933 0.9806 -0.0336
vn 0.0946 0.9954 -0.0133
vn -0.0287 0.9995 -0.0133
vn 0.0048 1.0000 -0.0055
vn 0.0757 0.9970 0.0176
vn 0.1366 0.9904 0.0211
vn 0.1437 0.9890 -0.0364
vn 0.1594 0.9844 -0.0748
vn 0.2223 0.9663 -0.1298
vn 0.1461 0.9767 -0.1575
vn 0.0022 0.9900 -0.1412
vn -0.1206 0.9828 -0.1402
vn -0.1793 0.9786 -0.1007
vn -0.1921 0.9781 -0.0796
vn -0.0820 0.9944 -0.0665
vn 0.0598 0.9943 -0.0888
vn 0.1221 0.9878 -0.0968
vn 0.0166 0.9981 -0.0590
vn -0.1058 0.9927 -0.0587
vn -0.1108 0.9877 0.1103
vn -0.0400 0.9825 0.1821
vn 0.0613 0.9814 0.1819
vn 0.1487 0.9649 0.2166
vn 0.1435 0.9659 0.2157
vn -0.0032 0.9835 0.1807
vn -0.1818 0.9713 0.1531
vn -0.2653 0.9560 0.1255
vn -0.1740 0.9788 0.1079
vn -0.1020 0.9877 0.1182
vn -0.0011 0.9929 0.1188
vn 0.1244 0.9828 0.1367
vn 0.2181 0.9657 0.1409
vn 0.2363 0.9639 0.1223
vn 0.2170 0.9732 0.0764
vn 0.2113 0.9769 -0.0307
vn 0.2086 0.9754 -0.0717
vn 0.1998 0.9732 -0.1136
vn 0.1702 0.9698 -0.1749
vn 0.0084 0.9830 -0.1835
vn -0.1126 0.9768 -0.1824
vn -0.1314 0.9801 -0.1486
vn -0.0805 0.9883 -0.1299
vn 0.0079 0.9882 -0.1529
vn 0.0182 0.9762 -0.2162
vn 0.0041 0.9616 -0.2743
vn 0.0346 0.9622 -0.2700
vn 0.1078 0.9677 -0.2279
vn -0.8385 0.5449 -0.0000
vn 0.1441 0.9786 -0.1471
vn 0.2351 0.9610 -0.1457
vn 0.2392 0.9609 -0.1394
vn 0.1141 0.9838 -0.1382
vn -0.0206 0.9901 -0.1391
vn 0.0278 0.9974 -0.0670
vn 0.0792 0.9959 -0.0444
vn 0.1127 0.9915 -0.0655
vn 0.1100 0.9874 -0.1141
vn 0.1200 0.9774 -0.1740
vn 0.1645 0.9579 -0.2352
vn 0.1177 0.9603 -0.2530
vn 0.0204 0.9757 -0.2182
vn -0.0807 0.9727 -0.2176
vn -0.1575 0.9740 -0.1628
vn -0.1772 0.9742 -0.1394
vn -0.0857 0.9897 -0.1149
vn 0.0415 0.9922 -0.1178
vn 0.1132 0.9853 -0.1283
vn 0.0552 0.9932 -0.1021
vn -0.0257 0.9987 -0.0438
vn -0.0221 0.9996 0.0191
vn 0.0329 0.9993 0.0191
vn 0.1009 0.9927 0.0668
vn 0.1506 0.9845 0.0896
vn 0.1303 0.9874 0.0895
vn -0.0264 0.9976 0.0638
vn -0.2084 0.9771 0.0434
vn -0.2907 0.9566 0.0203
vn -0.1949 0.9808 -0.0015
vn -0.0934 0.9955 0.0179
vn 0.0182 0.9997 0.0180
vn 0.1321 0.9897 0.0544
vn 0.2020 0.9765 0.0757
vn 0.1928 0.9792 0.0634
vn 0.1620 0.9849 -0.0609
vn 0.1616 0.9801 -0.1149
vn 0.1674 0.9743 -0.1507
vn 0.1574 0.9707 -0.1813
vn 0.1081 0.9669 -0.2313
vn 0.0022 0.9742 -0.2258
vn -0.0779 0.9712 -0.2251
vn -0.1113 0.9768 -0.1831
vn -0.1026 0.9806 -0.1669
vn -0.0574 0.9775 -0.2030
vn -0.0432 0.9591 -0.2799
vn -0.0150 0.9380 -0.3462
vn 0.0570 0.9373 -0.3439
vn 0.1478 0.9440 -0.2951
vn -0.8594 0.5112 -0.0000
vn 0.1365 0.9808 -0.1391
vn 0.2320 0.9532 -0.1939
vn 0.2406 0.9421 -0.2336
vn 0.1157 0.9603 -0.2538
vn 0.0033 0.9743 -0.2250
vn 0.0757 0.9837 -0.1634
vn 0.1010 0.9875 -0.1212
vn 0.0911 0.9883 -0.1227
vn 0.0610 0.9851 -0.1609
vn 0.0587 0.9746 -0.2162
vn 0.1000 0.9594 -0.2638
vn 0.1003 0.9582 -0.2680
vn 0.0590 0.9717 -0.2289
vn -0.0257 0.9730 -0.2292
vn -0.1341 0.9743 -0.1808
vn -0.1508 0.9736 -0.1715
vn -0.0762 0.9837 -0.1629
vn 0.0295 0.9815 -0.1890
vn 0.1007 0.9734 -0.2058
vn 0.0811 0.9781 -0.1915
vn 0.0329 0.9865 -0.1604
vn 0.0404 0.9908 -0.1292
vn 0.0804 0.9910 -0.1070
vn 0.1238 0.9877 -0.0951
vn 0.1503 0.9849 -0.0864
vn 0.1201 0.9903 -0.0697
vn -0.0422 0.9966 -0.0702
vn -0.2264 0.9729 -0.0474
vn -0.3108 0.9500 -0.0296
vn -0.2162 0.9760 -0.0271
vn -0.0740 0.9964 -0.0422
vn 0.0550 0.9983 -0.0182
vn 0.1541 0.9877 0.0251
vn 0.1902 0.9802 0.0554
vn 0.1384 0.9890 0.0520
vn 0.0943 0.9936 -0.0618
vn 0.1081 0.9879 -0.1115
vn 0.1319 0.9810 -0.1426
vn 0.1271 0.9778 -0.1668
vn 0.0580 0.9767 -0.2066
vn 0.0095 0.9775 -0.2109
vn -0.0351 0.9769 -0.2108
vn -0.0943 0.9754 -0.1992
vn -0.1375 0.9670 -0.2145
vn -0.1362 0.9537 -0.2683
vn -0.1142 0.9338 -0.3390
vn -0.0389 0.9209 -0.3878
vn 0.0830 0.9309 -0.3556
vn 0.1970 0.9343 -0.2970
vn -0.8700 0.4930 -0.0000
vn 0.0802 0.9913 -0.1043
vn 0.1760 0.9682 -0.1777
vn 0.2007 0.9515 -0.2332
vn 0.1002 0.9611 -0.2575
vn 0.0357 0.9725 -0.2303
vn 0.1383 0.9752 -0.1727
vn 0.1430 0.9821 -0.1229
vn 0.0899 0.9909 -0.1005
vn 0.0227 0.9937 -0.1098
vn 0.0017 0.9939 -0.1099
vn 0.0503 0.9849 -0.1658
vn 0.0981 0.9810 -0.1675
vn 0.1031 0.9834 -0.1495
vn 0.0233 0.9903 -0.1370
vn -0.1259 0.9827 -0.1360
vn -0.1411 0.9777 -0.1556
vn -0.0807 0.9785 -0.1896
vn 0.0079 0.9722 -0.2342
vn 0.0802 0.9485 -0.3064
vn 0.0936 0.9491 -0.3007
vn 0.0635 0.9555 -0.2881
vn 0.0700 0.9590 -0.2747
vn 0.0994 0.9598 -0.2625
vn 0.1314 0.9593 -0.2498
vn 0.1549 0.9614 -0.2276
vn 0.1351 0.9753 -0.1749
vn -0.0206 0.9945 -0.1031
vn -0.2092 0.9726 -0.1009
vn -0.3079 0.9509 -0.0307
vn -0.2297 0.9732 0.0124
vn -0.0501 0.9983 0.0291
vn 0.0982 0.9947 0.0290
vn 0.1837 0.9814 0.0566
vn 0.1862 0.9795 0.0773
vn 0.0887 0.9930 0.0780
vn 0.0306 0.9984 0.0479
vn 0.0587 0.9979 -0.0264
vn 0.1013 0.9936 -0.0506
vn 0.1039 0.9921 -0.0704
vn 0.0183 0.9950 -0.0985
vn 0.0055 0.9951 -0.0985
vn -0.0242 0.9914 -0.1284
vn -0.1119 0.9794 -0.1682
vn -0.1927 0.9556 -0.2228
vn -0.2100 0.9354 -0.2846
vn -0.1674 0.9281 -0.3325
vn -0.0448 0.9371 -0.3462
vn 0.1281 0.9568 -0.2609
vn 0.2601 0.9457 -0.1949
vn -0.8742 0.4853 0.0143
vn 0.0125 0.9999 -0.0055
vn 0.1026 0.9923 -0.0694
vn 0.1464 0.9801 -0.1342
vn 0.0800 0.9830 -0.1651
vn 0.0669 0.9867 -0.1481
vn 0.1963 0.9739 -0.1136
vn 0.1933 0.9785 -0.0718
vn 0.1136 0.9931 -0.0308
vn 0.0137 0.9999 -0.0052
vn -0.0295 0.9996 -0.0052
vn 0.0245 0.9995 -0.0193
vn 0.0971 0.9944 -0.0419
vn 0.1224 0.9899 -0.0709
vn 0.0369 0.9938 -0.1050
vn -0.1466 0.9837 -0.1039
vn -0.1744 0.9746 -0.1402
vn -0.1263 0.9742 -0.1871
vn -0.0406 0.9692 -0.2431
vn 0.0493 0.9405 -0.3361
vn 0.0977 0.9325 -0.3478
vn 0.0762 0.9312 -0.3565
vn 0.0819 0.9303 -0.3576
vn 0.1084 0.9306 -0.3496
vn 0.1399 0.9321 -0.3342
vn 0.1727 0.9343 -0.3120
vn 0.1857 0.9472 -0.2616
vn 0.0538 0.9813 -0.1847
vn -0.1398 0.9731 -0.1831
vn -0.2685 0.9596 -0.0844
vn -0.2286 0.9729 0.0337
vn -0.0336 0.9968 0.0721
vn 0.1258 0.9895 0.0715
vn 0.2030 0.9735 0.1049
vn 0.1849 0.9747 0.1259
vn 0.0581 0.9896 0.1317
vn -0.0098 0.9938 0.1103
vn 0.0247 0.9936 0.1103
vn 0.0770 0.9932 0.0868
vn 0.0843 0.9950 0.0536
vn -0.0096 0.9998 0.0157
vn -0.0250 0.9995 -0.0178
vn -0.0663 0.9945 -0.0813
vn -0.1710 0.9729 -0.1554
vn -0.2575 0.9442 -0.2054
vn -0.2617 0.9392 -0.2222
vn -0.1841 0.9611 -0.2059
vn -0.0148 0.9931 -0.1164
vn 0.1934 0.9783 -0.0747
vn 0.3230 0.9452 -0.0479
vn -0.8698 0.4908 0.0511
vn -0.0223 0.9934 0.1121
vn 0.0387 0.9929 0.1121
vn 0.0820 0.9953 0.0516
vn 0.0501 0.9935 -0.1024
vn 0.0849 0.9915 -0.0982
vn 0.2279 0.9697 -0.0882
vn 0.2336 0.9703 -0.0623
vn 0.1548 0.9877 -0.0212
vn 0.0395 0.9991 0.0154
vn -0.0301 0.9994 0.0166
vn 0.0109 0.9999 -0.0132
vn 0.0744 0.9954 -0.0610
vn 0.0931 0.9892 -0.1129
vn 0.0031 0.9935 -0.1134
vn -0.1818 0.9713 -0.1531
vn -0.2186 0.9624 -0.1613
vn -0.1833 0.9733 -0.1384
vn -0.1014 0.9867 -0.1274
vn 0.0067 0.9888 -0.1492
vn 0.0860 0.9651 -0.2474
vn 0.0687 0.9538 -0.2926
vn 0.0815 0.9445 -0.3183
vn 0.1177 0.9393 -0.3222
vn 0.1566 0.9365 -0.3138
vn 0.1945 0.9286 -0.3160
vn 0.2320 0.9142 -0.3324
vn 0.1333 0.9332 -0.3336
vn -0.0409 0.9409 -0.3363
vn -0.1842 0.9411 -0.2835
vn -0.1889 0.9613 -0.2005
vn 0.0040 0.9998 -0.0191
vn 0.1605 0.9869 -0.0188
vn 0.2236 0.9730 0.0577
vn 0.1893 0.9776 0.0917
vn 0.0503 0.9947 0.0895
vn -0.0237 0.9965 0.0800
vn 0.0012 0.9981 0.0622
vn 0.0438 0.9971 0.0621
vn 0.0464 0.9977 -0.0499
vn -0.0430 0.9978 -0.0499
vn -0.0880 0.9902 -0.1087
vn -0.1406 0.9718 -0.1893
vn -0.2208 0.9454 -0.2399
vn -0.2733 0.9368 -0.2184
vn -0.2462 0.9607 -0.1281
vn -0.1429 0.9876 0.0655
vn 0.0352 0.9972 0.0661
vn 0.2314 0.9700 0.0750
vn 0.3446 0.9382 0.0317
vn -0.8572 0.5139 0.0335
vn -0.0136 0.9978 0.0650
vn -0.0218 0.9868 0.1605
vn -0.0141 0.9936 0.1122
vn -0.0079 0.9975 0.0700
vn 0.0892 0.9936 0.0697
vn 0.2357 0.9699 0.0611
vn 0.2582 0.9651 0.0445
vn 0.1954 0.9796 0.0470
vn 0.0760 0.9944 0.0733
vn -0.0287 0.9945 0.1008
vn -0.0188 0.9980 0.0597
vn 0.0267 0.9996 -0.0018
vn 0.0411 0.9971 -0.0636
vn -0.0402 0.9972 -0.0636
vn -0.1924 0.9759 -0.1029
vn -0.1970 0.9761 -0.0922
vn -0.1725 0.9845 -0.0325
vn -0.1235 0.9923 0.0053
vn -0.0441 0.9990 0.0053
vn 0.0343 0.9924 -0.1180
vn 0.0214 0.9928 -0.1180
vn 0.0550 0.9814 -0.1841
vn 0.1168 0.9780 -0.1726
vn 0.1705 0.9730 -0.1553
vn 0.1969 0.9642 -0.1776
vn 0.2172 0.9427 -0.2532
vn 0.1400 0.9394 -0.3129
vn 0.0122 0.9495 -0.3134
vn -0.0975 0.9451 -0.3119
vn -0.1028 0.9635 -0.2473
vn 0.1029 0.9930 -0.0581
vn 0.2343 0.9720 -0.0149
vn 0.2554 0.9663 -0.0312
vn 0.1859 0.9792 -0.0806
vn 0.0410 0.9938 -0.1031
vn -0.0241 0.9944 -0.1032
vn -0.0167 0.9969 -0.0775
vn -0.0024 0.9986 -0.0536
vn -0.0193 0.9980 -0.0601
vn -0.1019 0.9898 -0.0995
vn -0.1693 0.9740 -0.1505
vn -0.1947 0.9557 -0.2210
vn -0.2019 0.9486 -0.2438
vn -0.1857 0.9676 -0.1711
vn -0.1297 0.9781 0.1630
vn -0.0666 0.9682 0.2410
vn 0.0449 0.9694 0.2413
vn 0.1867 0.9574 0.2205
vn 0.2880 0.9491 0.1278
vn -0.8484 0.5293 -0.0000
vn 0.0730 0.9969 -0.0296
vn -0.0113 0.9920 0.1258
vn -0.0618 0.9662 0.2503
vn -0.0490 0.9674 0.2483
vn 0.0797 0.9655 0.2478
vn 0.2145 0.9485 0.2333
vn 0.2547 0.9454 0.2035
vn 0.2157 0.9582 0.1879
vn 0.1043 0.9755 0.1938
vn -0.0310 0.9800 0.1967
vn -0.0596 0.9864 0.1535
vn -0.0348 0.9949 0.0947
vn -0.0207 0.9990 0.0394
vn -0.0818 0.9966 0.0088
vn -0.1830 0.9827 0.0292
vn -0.1385 0.9865 0.0872
vn -0.1284 0.9840 0.1238
vn -0.1289 0.9853 0.1125
vn -0.0987 0.9934 0.0583
vn -0.0344 0.9994 -0.0018
vn -0.0293 0.9996 -0.0018
vn 0.0381 0.9992 -0.0139
vn 0.1294 0.9915 -0.0138
vn 0.1886 0.9818 0.0240
vn 0.1766 0.9828 0.0537
vn 0.1439 0.9862 -0.0824
vn 0.0829 0.9807 -0.1769
vn 0.0156 0.9840 -0.1775
vn -0.0291 0.9776 -0.2086
vn -0.0021 0.9966 -0.0826
vn 0.1934 0.9803 -0.0404
vn 0.2727 0.9595 -0.0709
vn 0.2371 0.9583 -0.1593
vn 0.1337 0.9568 -0.2583
vn 0.0190 0.9560 -0.2928
vn 0.0017 0.9687 -0.2481
vn 0.0072 0.9838 -0.1791
vn -0.0089 0.9920 -0.1263
vn -0.0591 0.9903 -0.1261
vn -0.1540 0.9819 -0.1101
vn -0.2410 0.9619 -0.1295
vn -0.2203 0.9600 -0.1728
vn -0.1296 0.9773 -0.1678
vn -0.0218 0.9975 -0.0671
vn 0.0405 0.9930 0.1105
vn 0.0130 0.9634 0.2679
vn 0.0262 0.9442 0.3284
vn 0.0943 0.9489 0.3010
vn 0.1795 0.9625 0.2033
vn -0.8527 0.5223 -0.0000
vn 0.2235 0.9733 0.0531
vn 0.0888 0.9946 0.0543
vn -0.0316 0.9783 0.2048
vn -0.0500 0.9416 0.3330
vn 0.0676 0.9406 0.3327
vn 0.1813 0.9276 0.3268
vn 0.2312 0.9239 0.3048
vn 0.2128 0.9342 0.2864
vn 0.1141 0.9539 0.2777
vn -0.0410 0.9672 0.2506
vn -0.1025 0.9712 0.2149
vn -0.0935 0.9799 0.1762
vn -0.0755 0.9865 0.1455
vn -0.1109 0.9847 0.1346
vn -0.1613 0.9754 0.1505
vn -0.0803 0.9821 0.1705
vn -0.0913 0.9817 0.1669
vn -0.1398 0.9809 0.1352
vn -0.1524 0.9843 0.0884
vn -0.0944 0.9939 0.0574
vn -0.0548 0.9963 0.0659
vn 0.0516 0.9965 0.0659
vn 0.1656 0.9806 0.1045
vn 0.2144 0.9647 0.1531
vn 0.1438 0.9719 0.1861
vn 0.0389 0.9858 0.1632
vn -0.0124 0.9996 0.0259
vn -0.0171 0.9999 -0.0014
vn 0.0137 0.9999 -0.0014
vn 0.0846 0.9962 0.0187
vn 0.2321 0.9708 0.0603
vn 0.2433 0.9671 -0.0742
vn 0.1496 0.9647 -0.2167
vn 0.0351 0.9751 -0.2190
vn -0.0154 0.9417 -0.3362
vn 0.0489 0.9435 -0.3277
vn 0.0788 0.9681 -0.2378
vn 0.0452 0.9891 -0.1399
vn -0.0440 0.9892 -0.1399
vn -0.1761 0.9822 -0.0653
vn -0.2836 0.9582 -0.0381
vn -0.2158 0.9758 -0.0366
vn -0.0282 0.9996 -0.0068
vn 0.1544 0.9854 0.0719
vn 0.1998 0.9630 0.1808
vn 0.0797 0.9577 0.2763
vn -0.0028 0.9546 0.2978
vn -0.0064 0.9714 0.2373
vn 0.0590 0.9697 0.2369
vn -0.8683 0.4960 -0.0000
vn 0.3729 0.9272 -0.0371
vn 0.2369 0.9707 -0.0388
vn 0.0691 0.9929 0.0972
vn -0.0104 0.9774 0.2110
vn 0.0676 0.9604 0.2704
vn 0.1637 0.9463 0.2788
vn 0.2128 0.9377 0.2747
vn 0.2000 0.9422 0.2689
vn 0.1046 0.9586 0.2648
vn -0.0618 0.9668 0.2478
vn -0.1376 0.9601 0.2435
vn -0.1316 0.9619 0.2397
vn -0.1052 0.9663 0.2348
vn -0.1190 0.9647 0.2347
vn -0.1420 0.9612 0.2366
vn -0.0609 0.9761 0.2085
vn -0.0948 0.9824 0.1607
vn -0.1710 0.9788 0.1125
vn -0.1981 0.9767 0.0824
vn -0.1256 0.9886 0.0829
vn -0.0463 0.9929 0.1096
vn 0.0913 0.9898 0.1093
vn 0.2135 0.9657 0.1475
vn 0.2428 0.9521 0.1862
vn 0.1184 0.9698 0.2131
vn -0.0329 0.9760 0.2154
vn -0.0765 0.9694 0.2331
vn -0.0430 0.9665 0.2529
vn 0.0328 0.9669 0.2530
vn 0.1227 0.9568 0.2636
vn 0.1972 0.9476 0.2514
vn 0.1404 0.9778 0.1556
vn 0.0072 1.0000 -0.0034
vn -0.0948 0.9822 -0.1624
vn -0.0595 0.9615 -0.2683
vn 0.1026 0.9584 -0.2662
vn 0.1764 0.9631 -0.2035
vn 0.1471 0.9814 -0.1235
vn 0.0304 0.9988 -0.0374
vn -0.1507 0.9878 0.0385
vn -0.2804 0.9546 0.1004
vn -0.1849 0.9709 0.1523
vn 0.0509 0.9866 0.1548
vn 0.2577 0.9495 0.1791
vn 0.2892 0.9381 0.1906
vn 0.1219 0.9710 0.2057
vn -0.0211 0.9676 0.2515
vn -0.0716 0.9646 0.2539
vn -0.0230 0.9726 0.2312
vn -0.8862 0.4633 -0.0000
vn 0.4642 0.8853 -0.0274
vn 0.3566 0.9338 -0.0289
vn 0.1841 0.9815 0.0526
vn 0.0545 0.9905 0.1263
vn 0.0820 0.9822 0.1687
vn 0.1666 0.9724 0.1631
vn 0.2124 0.9680 0.1336
vn 0.1977 0.9734 0.1162
vn 0.0970 0.9871 0.1273
vn -0.0710 0.9738 0.2160
vn -0.1390 0.9524 0.2713
vn -0.1336 0.9462 0.2948
vn -0.1097 0.9530 0.2826
vn -0.1179 0.9581 0.2609
vn -0.1384 0.9553 0.2613
vn -0.0916 0.9641 0.2492
vn -0.1410 0.9619 0.2343
vn -0.2122 0.9505 0.2268
vn -0.2214 0.9481 0.2283
vn -0.1231 0.9653 0.2302
vn -0.0195 0.9723 0.2329
vn 0.1297 0.9643 0.2310
vn 0.2478 0.9392 0.2378
vn 0.2598 0.9305 0.2583
vn 0.1100 0.9519 0.2861
vn -0.0247 0.9437 0.3298
vn -0.0551 0.9303 0.3625
vn -0.0215 0.9251 0.3792
vn 0.0442 0.9244 0.3789
vn 0.1088 0.9217 0.3724
vn 0.0953 0.9345 0.3429
vn -0.0189 0.9994 0.0300
vn -0.1528 0.9878 0.0297
vn -0.2045 0.9725 -0.1115
vn -0.0902 0.9809 -0.1722
vn 0.1357 0.9797 -0.1475
vn 0.2389 0.9571 -0.1638
vn 0.2254 0.9577 -0.1790
vn 0.1165 0.9799 -0.1616
vn -0.0749 0.9839 -0.1623
vn -0.2213 0.9727 -0.0692
vn -0.1357 0.9782 0.1573
vn 0.0820 0.9840 0.1582
vn 0.2696 0.9426 0.1970
vn 0.2963 0.9348 0.1959
vn 0.1450 0.9704 0.1931
vn 0.0023 0.9714 0.2372
vn -0.0674 0.9502 0.3042
vn -0.0474 0.9648 0.2586
vn -0.8953 0.4432 0.0452
vn 0.5130 0.8540 0.0871
vn 0.4206 0.9016 0.1006
vn 0.2514 0.9616 0.1102
vn 0.0982 0.9885 0.1148
vn 0.0786 0.9897 0.1193
vn 0.1397 0.9860 0.0907
vn 0.1967 0.9800 -0.0304
vn 0.2079 0.9776 -0.0342
vn 0.1326 0.9911 0.0138
vn -0.0156 0.9998 0.0139
vn -0.0811 0.9773 0.1957
vn -0.1107 0.9664 0.2319
vn -0.1262 0.9690 0.2124
vn -0.1433 0.9732 0.1800
vn -0.1395 0.9709 0.1945
vn -0.1065 0.9679 0.2277
vn -0.1533 0.9489 0.2757
vn -0.2103 0.9213 0.3271
vn -0.2099 0.9073 0.3642
vn -0.1199 0.9234 0.3647
vn -0.0179 0.9413 0.3372
vn 0.1381 0.9324 0.3340
vn 0.2646 0.9177 0.2963
vn 0.2776 0.9190 0.2800
vn 0.1201 0.9495 0.2899
vn 0.0113 0.9528 0.3034
vn -0.0178 0.9396 0.3417
vn -0.0029 0.9443 0.3290
vn 0.0396 0.9436 0.3288
vn 0.0770 0.9527 0.2941
vn -0.0475 0.9907 0.1272
vn -0.2017 0.9794 -0.0032
vn -0.2868 0.9580 -0.0031
vn -0.2611 0.9629 -0.0674
vn -0.0709 0.9959 -0.0558
vn 0.1413 0.9898 -0.0175
vn 0.2223 0.9708 -0.0899
vn 0.2116 0.9633 -0.1649
vn 0.1369 0.9724 -0.1887
vn 0.0175 0.9949 -0.0989
vn -0.0962 0.9905 -0.0984
vn -0.0371 0.9979 0.0535
vn 0.1286 0.9778 0.1657
vn 0.2697 0.9408 0.2051
vn 0.2873 0.9377 0.1954
vn 0.1878 0.9651 0.1827
vn 0.0607 0.9717 0.2283
vn -0.0529 0.9608 0.2723
vn -0.0989 0.9764 0.1918
vn -0.8755 0.4565 0.1585
vn 0.4995 0.8184 0.2841
vn 0.4104 0.8741 0.2598
vn 0.2484 0.9444 0.2155
vn 0.1019 0.9816 0.1615
vn 0.0504 0.9905 0.1283
vn 0.0712 0.9944 0.0786
vn 0.1453 0.9833 -0.1096
vn 0.2022 0.9692 -0.1408
vn 0.1787 0.9779 -0.1087
vn 0.0760 0.9969 -0.0201
vn 0.0115 0.9997 -0.0202
vn -0.0741 0.9913 0.1090
vn -0.1486 0.9847 0.0910
vn -0.1782 0.9819 0.0644
vn -0.1267 0.9870 0.0988
vn -0.0737 0.9809 0.1798
vn -0.1013 0.9532 0.2848
vn -0.1494 0.9123 0.3813
vn -0.1634 0.8837 0.4387
vn -0.1216 0.8923 0.4347
vn -0.0512 0.9198 0.3891
vn 0.1033 0.9161 0.3875
vn 0.2472 0.9152 0.3182
vn 0.2792 0.9223 0.2673
vn 0.1337 0.9582 0.2531
vn 0.0402 0.9647 0.2603
vn -0.0034 0.9708 0.2398
vn -0.0179 0.9822 0.1869
vn 0.0023 0.9927 0.1202
vn 0.0297 0.9923 0.1202
vn -0.1746 0.9846 -0.0080
vn -0.3198 0.9474 -0.0077
vn -0.3433 0.9378 -0.0511
vn -0.2489 0.9679 0.0347
vn -0.0163 0.9992 0.0359
vn 0.1245 0.9876 0.0959
vn 0.1520 0.9860 0.0693
vn 0.1389 0.9849 -0.1032
vn 0.1161 0.9837 -0.1371
vn 0.1114 0.9922 -0.0568
vn 0.0557 0.9968 -0.0570
vn 0.0782 0.9940 0.0762
vn 0.1748 0.9705 0.1660
vn 0.2620 0.9460 0.1911
vn 0.2720 0.9467 0.1727
vn 0.2308 0.9604 0.1559
vn 0.1135 0.9751 0.1904
vn -0.0595 0.9805 0.1872
vn -0.1843 0.9790 0.0870
vn -0.8145 0.5185 0.2605
vn 0.4478 0.7990 0.4014
vn 0.3449 0.8613 0.3732
vn 0.1853 0.9298 0.3181
vn 0.0665 0.9667 0.2469
vn 0.0004 0.9906 0.1364
vn -0.0307 0.9991 0.0292
vn 0.0593 0.9955 -0.0734
vn 0.1707 0.9765 -0.1314
vn 0.2102 0.9691 -0.1293
vn 0.1644 0.9834 -0.0763
vn 0.1024 0.9945 -0.0199
vn -0.0361 0.9991 -0.0200
vn -0.1661 0.9861 0.0048
vn -0.2039 0.9790 0.0029
vn -0.0932 0.9943 0.0511
vn 0.0080 0.9987 0.0513
vn 0.0092 0.9891 0.1471
vn -0.0430 0.9639 0.2628
vn -0.0960 0.9020 0.4210
vn -0.1312 0.9014 0.4127
vn -0.1108 0.9236 0.3669
vn 0.0357 0.9514 0.3058
vn 0.1980 0.9332 0.3000
vn 0.2592 0.9355 0.2400
vn 0.1404 0.9668 0.2133
vn 0.0434 0.9767 0.2101
vn -0.0289 0.9909 0.1315
vn -0.0747 0.9957 0.0546
vn -0.0667 0.9976 -0.0211
vn -0.0232 0.9995 -0.0211
vn -0.2453 0.9674 -0.0627
vn -0.3572 0.9304 -0.0825
vn -0.3271 0.9424 -0.0704
vn -0.1824 0.9820 0.0496
vn 0.0448 0.9977 0.0504
vn 0.0985 0.9919 0.0806
vn 0.0684 0.9959 0.0599
vn 0.0513 0.9984 -0.0258
vn 0.0832 0.9960 -0.0332
vn 0.1908 0.9813 0.0241
vn 0.1864 0.9822 0.0241
vn 0.1697 0.9806 0.0979
vn 0.2045 0.9693 0.1363
vn 0.2471 0.9596 0.1349
vn 0.2565 0.9601 0.1112
vn 0.2623 0.9598 0.1002
vn 0.1415 0.9825 0.1209
vn -0.0918 0.9917 0.0902
vn -0.2788 0.9602 0.0147
vn -0.6982 0.6535 0.2923
vn 0.4093 0.8329 0.3726
vn 0.2734 0.8842 0.3787
vn 0.1040 0.9232 0.3701
vn 0.0122 0.9501 0.3117
vn -0.0591 0.9637 0.2604
vn -0.1357 0.9742 0.1802
vn -0.0431 0.9947 0.0928
vn 0.1128 0.9893 0.0923
vn 0.2130 0.9767 -0.0250
vn 0.2176 0.9755 -0.0340
vn 0.1583 0.9865 -0.0418
vn -0.0085 0.9991 -0.0424
vn -0.1686 0.9849 -0.0399
vn -0.2057 0.9784 -0.0226
vn -0.0452 0.9965 0.0704
vn 0.1046 0.9920 0.0701
vn 0.1306 0.9805 0.1468
vn 0.0728 0.9716 0.2251
vn -0.0302 0.9474 0.3185
vn -0.1448 0.9381 0.3146
vn -0.1697 0.9397 0.2971
vn -0.0369 0.9618 0.2713
vn 0.1404 0.9529 0.2688
vn 0.2283 0.9467 0.2270
vn 0.1357 0.9712 0.1956
vn 0.0187 0.9912 0.1311
vn -0.0853 0.9931 0.0805
vn -0.1512 0.9879 0.0355
vn -0.1414 0.9900 0.0040
vn -0.0667 0.9978 0.0040
vn -0.2673 0.9635 -0.0126
vn -0.3469 0.9378 -0.0149
vn -0.2802 0.9599 -0.0119
vn -0.1150 0.9933 -0.0120
vn 0.0753 0.9955 -0.0567
vn 0.0779 0.9952 -0.0595
vn 0.0239 0.9993 -0.0272
vn 0.0101 0.9997 0.0243
vn 0.0758 0.9968 0.0243
vn 0.2439 0.9669 0.0746
vn 0.2547 0.9610 0.1077
vn 0.2076 0.9712 0.1166
vn 0.2054 0.9734 0.1019
vn 0.2260 0.9714 0.0731
vn 0.2475 0.9678 0.0453
vn 0.2800 0.9592 0.0391
vn 0.1463 0.9884 0.0405
vn -0.1276 0.9917 0.0157
vn -0.3437 0.9391 0.0029
vn -0.5148 0.8288 0.2192
vn 0.4154 0.8794 0.2326
vn 0.2604 0.9241 0.2796
vn 0.0741 0.9404 0.3318
vn -0.0243 0.9320 0.3616
vn -0.1120 0.9401 0.3221
vn -0.2115 0.9418 0.2613
vn -0.1313 0.9727 0.1916
vn 0.0367 0.9931 0.1116
vn 0.1724 0.9789 0.1100
vn 0.2090 0.9771 0.0406
vn 0.1504 0.9833 -0.1021
vn -0.0066 0.9946 -0.1033
vn -0.1505 0.9784 -0.1415
vn -0.1704 0.9776 -0.1236
vn 0.0125 0.9997 0.0229
vn 0.1814 0.9832 0.0226
vn 0.2087 0.9697 0.1273
vn 0.1373 0.9647 0.2246
vn 0.0049 0.9560 0.2935
vn -0.1441 0.9291 0.3406
vn -0.1835 0.9182 0.3510
vn -0.0680 0.9391 0.3368
vn 0.0983 0.9367 0.3360
vn 0.1913 0.9433 0.2712
vn 0.1114 0.9758 0.1883
vn -0.0248 0.9983 0.0525
vn -0.1357 0.9903 0.0313
vn -0.1940 0.9789 0.0645
vn -0.1708 0.9775 0.1240
vn -0.0826 0.9848 0.1529
vn -0.2669 0.9521 0.1494
vn -0.3415 0.9321 0.1209
vn -0.2793 0.9577 0.0692
vn -0.1275 0.9918 -0.0020
vn 0.0434 0.9970 -0.0643
vn 0.0749 0.9938 -0.0816
vn 0.0563 0.9969 -0.0553
vn 0.0616 0.9981 0.0012
vn 0.1278 0.9918 0.0012
vn 0.2755 0.9593 0.0625
vn 0.2619 0.9596 0.1031
vn 0.1928 0.9715 0.1378
vn 0.1764 0.9721 0.1548
vn 0.1982 0.9701 0.1400
vn 0.2411 0.9654 0.0991
vn 0.2800 0.9583 0.0575
vn 0.1362 0.9903 -0.0284
vn -0.1418 0.9895 -0.0284
vn -0.3538 0.9341 -0.0480
vn -0.3334 0.9347 0.1231
vn 0.4515 0.8846 0.1165
vn 0.3109 0.9364 0.1629
vn 0.1123 0.9673 0.2272
vn -0.0271 0.9586 0.2836
vn -0.1566 0.9517 0.2640
vn -0.2695 0.9305 0.2480
vn -0.2048 0.9508 0.2324
vn -0.0467 0.9791 0.1980
vn 0.1027 0.9750 0.1971
vn 0.1445 0.9799 0.1379
vn 0.0736 0.9957 -0.0556
vn -0.0472 0.9973 -0.0557
vn -0.1337 0.9856 -0.1039
vn -0.1089 0.9911 -0.0762
vn 0.0970 0.9953 0.0047
vn 0.2800 0.9562 0.0849
vn 0.2981 0.9413 0.1587
vn 0.2067 0.9548 0.2136
vn 0.0436 0.9693 0.2419
vn -0.1288 0.9514 0.2798
vn -0.1709 0.9277 0.3321
vn -0.0893 0.9305 0.3552
vn 0.0315 0.9338 0.3564
vn 0.1022 0.9432 0.3162
vn 0.0390 0.9902 0.1341
vn -0.0899 0.9944 0.0547
vn -0.1559 0.9867 0.0467
vn -0.1606 0.9798 0.1193
vn -0.1101 0.9684 0.2239
vn -0.0532 0.9603 0.2739
vn -0.2583 0.9270 0.2719
vn -0.3562 0.9049 0.2329
vn -0.3249 0.9308 0.1677
vn -0.1981 0.9766 0.0837
vn -0.0190 0.9997 0.0159
vn 0.0577 0.9977 -0.0355
vn 0.0827 0.9944 -0.0656
vn 0.1172 0.9908 -0.0670
vn 0.1892 0.9810 -0.0437
vn 0.3128 0.9497 -0.0103
vn 0.2938 0.9558 -0.0104
vn 0.2108 0.9764 0.0470
vn 0.1636 0.9817 0.0976
vn 0.1596 0.9814 0.1068
vn 0.2024 0.9768 0.0703
vn 0.2395 0.9702 -0.0383
vn 0.0934 0.9932 -0.0691
vn -0.1634 0.9842 -0.0685
vn -0.3526 0.9339 -0.0587
vn -0.2189 0.9732 0.0703
vn 0.4827 0.8735 0.0631
vn 0.3646 0.9277 0.0797
vn 0.1636 0.9802 0.1117
vn -0.0180 0.9894 0.1444
vn -0.1778 0.9719 0.1542
vn -0.2822 0.9390 0.1967
vn -0.2240 0.9434 0.2446
vn -0.0864 0.9598 0.2672
vn 0.0422 0.9625 0.2680
vn 0.0540 0.9694 0.2397
vn -0.0308 0.9975 0.0639
vn -0.0964 0.9950 0.0276
vn -0.1064 0.9922 0.0647
vn -0.0282 0.9975 0.0651
vn 0.1768 0.9740 0.1414
vn 0.3431 0.9205 0.1867
vn 0.3415 0.9185 0.1991
vn 0.2316 0.9559 0.1808
vn 0.0549 0.9889 0.1379
vn -0.0997 0.9849 0.1416
vn -0.1160 0.9639 0.2396
vn -0.0684 0.9472 0.3134
vn -0.0120 0.9462 0.3234
vn 0.0086 0.9632 0.2688
vn -0.0600 0.9822 0.1781
vn -0.1677 0.9812 0.0956
vn -0.1629 0.9830 0.0844
vn -0.0881 0.9841 0.1540
vn -0.0041 0.9880 0.1546
vn -0.0014 0.9669 0.2553
vn -0.2485 0.9182 0.3087
vn -0.3793 0.8831 0.2761
vn -0.3822 0.8965 0.2242
vn -0.2813 0.9460 0.1614
vn -0.0879 0.9900 0.1105
vn 0.0064 0.9995 0.0321
vn 0.0526 0.9969 -0.0586
vn 0.1149 0.9850 -0.1285
vn 0.2084 0.9652 -0.1578
vn 0.3380 0.9308 -0.1388
vn 0.3428 0.9360 -0.0802
vn 0.2581 0.9659 -0.0209
vn 0.1733 0.9849 0.0043
vn 0.1248 0.9920 -0.0169
vn 0.1477 0.9869 -0.0650
vn 0.1886 0.9774 -0.0951
vn 0.0636 0.9944 -0.0846
vn -0.1568 0.9841 -0.0837
vn -0.3244 0.9450 0.0411
vn -0.1502 0.9836 0.1002
vn 0.4908 0.8668 0.0883
vn 0.3871 0.9193 0.0709
vn 0.1892 0.9804 0.0556
vn -0.0123 0.9991 0.0400
vn -0.1674 0.9831 0.0746
vn -0.2394 0.9583 0.1558
vn -0.1789 0.9532 0.2439
vn -0.0673 0.9508 0.3024
vn 0.0121 0.9529 0.3031
vn -0.0323 0.9684 0.2473
vn -0.1217 0.9741 0.1907
vn -0.1301 0.9762 0.1736
vn -0.0682 0.9769 0.2023
vn 0.0506 0.9780 0.2025
vn 0.2256 0.9434 0.2430
vn 0.3496 0.9041 0.2456
vn 0.3188 0.9261 0.2016
vn 0.1878 0.9753 0.1166
vn 0.0213 0.9997 0.0138
vn -0.0624 0.9967 -0.0516
vn -0.0155 0.9997 -0.0206
vn 0.0100 0.9958 0.0912
vn -0.0017 0.9795 0.2016
vn -0.0519 0.9658 0.2540
vn -0.1540 0.9697 0.1895
vn -0.2452 0.9623 0.1176
vn -0.1739 0.9806 0.0900
vn -0.0187 0.9931 0.1156
vn 0.1021 0.9881 0.1150
vn 0.0538 0.9841 0.1694
vn -0.2407 0.9455 0.2196
vn -0.4031 0.8898 0.2141
vn -0.4305 0.8805 0.1984
vn -0.3469 0.9208 0.1784
vn -0.1443 0.9767 0.1589
vn -0.0728 0.9939 0.0829
vn -0.0381 0.9989 -0.0291
vn 0.0449 0.9986 -0.0291
vn 0.1764 0.9644 -0.1971
vn 0.3466 0.9180 -0.1926
vn 0.3902 0.9080 -0.1527
vn 0.3123 0.9428 -0.1170
vn 0.1970 0.9753 -0.0998
vn 0.1032 0.9888 -0.1076
vn 0.0994 0.9866 -0.1291
vn 0.1583 0.9801 -0.1198
vn 0.0758 0.9951 -0.0640
vn -0.1037 0.9926 -0.0639
vn -0.2585 0.9588 0.1178
vn -0.0508 0.9987 -0.0000
vn 0.4697 0.8675 0.1640
vn 0.3685 0.9198 0.1349
vn 0.1761 0.9792 0.1004
vn -0.0157 0.9969 0.0770
vn -0.1323 0.9838 0.1211
vn -0.1581 0.9693 0.1882
vn -0.0909 0.9630 0.2539
vn -0.0083 0.9669 0.2549
vn 0.0126 0.9552 0.2957
vn -0.0924 0.9570 0.2749
vn -0.1756 0.9518 0.2514
vn -0.1451 0.9595 0.2413
vn -0.0393 0.9700 0.2399
vn 0.0987 0.9660 0.2389
vn 0.2389 0.9436 0.2291
vn 0.3095 0.9303 0.1967
vn 0.2371 0.9637 0.1226
vn 0.0862 0.9936 -0.0731
vn -0.0441 0.9963 -0.0733
vn -0.0313 0.9917 -0.1250
vn 0.0961 0.9946 -0.0402
vn 0.1232 0.9916 -0.0401
vn 0.0624 0.9971 0.0441
vn -0.0601 0.9881 0.1415
vn -0.2193 0.9686 0.1169
vn -0.3108 0.9476 0.0732
vn -0.2033 0.9787 0.0290
vn 0.0058 0.9999 -0.0121
vn 0.1569 0.9868 -0.0400
vn 0.0892 0.9949 -0.0477
vn -0.2235 0.9736 -0.0467
vn -0.4060 0.9132 0.0343
vn -0.4488 0.8902 0.0789
vn -0.3757 0.9201 0.1103
vn -0.1748 0.9779 0.1150
vn -0.1504 0.9860 0.0724
vn -0.1490 0.9888 0.0053
vn -0.0616 0.9981 0.0054
vn 0.1129 0.9869 -0.1155
vn 0.3460 0.9298 -0.1255
vn 0.4230 0.8974 -0.1255
vn 0.3483 0.9280 -0.1324
vn 0.2164 0.9669 -0.1354
vn 0.0966 0.9871 -0.1279
vn 0.0780 0.9909 -0.1094
vn 0.1674 0.9838 -0.0636
vn 0.1329 0.9911 0.0118
vn -0.0126 0.9998 0.0119
vn -0.1688 0.9684 0.1835
vn 0.1369 0.9906 -0.0000
vn 0.4451 0.8919 0.0802
vn 0.3349 0.9391 0.0765
vn 0.1491 0.9845 0.0919
vn -0.0126 0.9912 0.1321
vn -0.0853 0.9632 0.2549
vn -0.0874 0.9500 0.2997
vn -0.0237 0.9506 0.3096
vn 0.0355 0.9502 0.3095
vn 0.0183 0.9703 0.2413
vn -0.1209 0.9711 0.2056
vn -0.2002 0.9645 0.1721
vn -0.1599 0.9758 0.1491
vn -0.0443 0.9902 0.1328
vn 0.0964 0.9865 0.1323
vn 0.2152 0.9700 0.1130
vn 0.2404 0.9673 0.0809
vn 0.1387 0.9898 0.0309
vn -0.0082 0.9999 -0.0137
vn -0.0961 0.9948 -0.0343
vn -0.0150 0.9995 -0.0263
vn 0.1635 0.9865 0.0033
vn 0.2044 0.9783 0.0338
vn 0.1307 0.9902 0.0487
vn -0.0312 0.9995 0.0092
vn -0.2415 0.9704 0.0089
vn -0.3482 0.9372 -0.0208
vn -0.2473 0.9687 -0.0229
vn -0.0359 0.9990 -0.0251
vn 0.1289 0.9872 -0.0939
vn 0.0812 0.9867 -0.1408
vn -0.1915 0.9716 -0.1386
vn -0.3625 0.9260 -0.1055
vn -0.4124 0.9102 -0.0395
vn -0.3526 0.9349 0.0403
vn -0.1781 0.9840 0.0019
vn -0.1930 0.9812 0.0019
vn -0.2134 0.9759 -0.0465
vn -0.1303 0.9886 -0.0753
vn 0.0616 0.9939 -0.0919
vn 0.3317 0.9364 -0.1144
vn 0.4188 0.8978 -0.1359
vn 0.3460 0.9289 -0.1321
vn 0.2200 0.9715 -0.0878
vn 0.1076 0.9941 -0.0127
vn 0.0975 0.9952 -0.0127
vn 0.2107 0.9762 0.0515
vn 0.2055 0.9749 0.0857
vn 0.0785 0.9888 0.1268
vn -0.0851 0.9589 0.2707
vn 0.2224 0.9750 -0.0000
vn 0.4404 0.8977 0.0126
vn 0.3458 0.9381 0.0194
vn 0.1876 0.9805 0.0587
vn 0.0487 0.9900 0.1326
vn -0.0186 0.9756 0.2186
vn -0.0389 0.9468 0.3195
vn -0.0140 0.9551 0.2958
vn 0.0072 0.9741 0.2260
vn -0.0279 0.9883 0.1497
vn -0.1586 0.9817 0.1050
vn -0.2337 0.9702 0.0638
vn -0.1861 0.9820 0.0335
vn -0.0632 0.9979 0.0135
vn 0.0798 0.9967 0.0134
vn 0.1857 0.9823 -0.0235
vn 0.1923 0.9806 -0.0383
vn 0.0947 0.9951 -0.0280
vn -0.0289 0.9992 -0.0281
vn -0.0879 0.9941 0.0642
vn 0.0146 0.9978 0.0644
vn 0.1923 0.9763 0.0995
vn 0.2171 0.9711 0.0988
vn 0.1213 0.9910 0.0571
vn -0.0615 0.9979 -0.0208
vn -0.2684 0.9577 -0.1035
vn -0.3457 0.9268 -0.1466
vn -0.2464 0.9591 -0.1392
vn -0.0583 0.9906 -0.1240
vn 0.0817 0.9789 -0.1875
vn 0.0336 0.9671 -0.2520
vn -0.1609 0.9551 -0.2489
vn -0.2980 0.9288 -0.2201
vn -0.3581 0.9215 -0.1503
vn -0.3332 0.9382 -0.0935
vn -0.2161 0.9724 -0.0876
vn -0.2364 0.9603 -0.1480
vn -0.2360 0.9545 -0.1823
vn -0.1384 0.9766 -0.1649
vn 0.0554 0.9962 -0.0671
vn 0.3075 0.9472 -0.0909
vn 0.3973 0.9086 -0.1288
vn 0.3539 0.9273 -0.1220
vn 0.2677 0.9618 -0.0571
vn 0.1826 0.9820 0.0485
vn 0.1612 0.9857 0.0487
vn 0.2412 0.9614 0.1326
vn 0.2409 0.9591 0.1488
vn 0.1416 0.9786 0.1490
vn -0.0001 0.9845 0.1755
vn 0.2354 0.9719 -0.0000
vn 0.4452 0.8954 0.0098
vn 0.3776 0.9260 0.0059
vn 0.2564 0.9661 0.0298
vn 0.1375 0.9865 0.0884
vn 0.0580 0.9848 0.1639
vn -0.0056 0.9741 0.2261
vn -0.0414 0.9769 0.2097
vn -0.0695 0.9894 0.1271
vn -0.1081 0.9931 0.0454
vn -0.2017 0.9794 0.0053
vn -0.2715 0.9624 0.0052
vn -0.2158 0.9760 -0.0294
vn -0.0836 0.9950 -0.0545
vn 0.0640 0.9953 -0.0734
vn 0.1646 0.9832 -0.0794
vn 0.1777 0.9817 -0.0688
vn 0.1054 0.9940 -0.0291
vn 0.0105 0.9995 -0.0293
vn -0.0350 0.9940 0.1039
vn 0.0517 0.9933 0.1038
vn 0.1913 0.9723 0.1344
vn 0.1755 0.9778 0.1146
vn 0.0438 0.9981 0.0424
vn -0.1469 0.9868 -0.0675
vn -0.3091 0.9357 -0.1698
vn -0.3300 0.9168 -0.2248
vn -0.2242 0.9466 -0.2316
vn -0.0685 0.9707 -0.2303
vn 0.0279 0.9675 -0.2514
vn -0.0327 0.9515 -0.3060
vn -0.1336 0.9225 -0.3622
vn -0.2256 0.9132 -0.3395
vn -0.2972 0.9141 -0.2758
vn -0.3185 0.9215 -0.2222
vn -0.2687 0.9384 -0.2174
vn -0.2623 0.9269 -0.2686
vn -0.2109 0.9370 -0.2785
vn -0.0830 0.9715 -0.2219
vn 0.1001 0.9942 -0.0395
vn 0.2834 0.9574 -0.0555
vn 0.3625 0.9261 -0.1041
vn 0.3626 0.9256 -0.1085
vn 0.3303 0.9422 -0.0571
vn 0.2825 0.9586 0.0358
vn 0.2441 0.9691 0.0362
vn 0.2572 0.9590 0.1194
vn 0.2391 0.9628 0.1256
vn 0.1674 0.9811 0.0975
vn 0.0721 0.9933 0.0907
vn 0.2454 0.9694 -0.0000
vn 0.4406 0.8944 0.0763
vn 0.3964 0.9171 0.0423
vn 0.3083 0.9512 0.0165
vn 0.2112 0.9773 0.0139
vn 0.1236 0.9917 0.0368
vn 0.0165 0.9974 0.0701
vn -0.0817 0.9949 0.0597
vn -0.1545 0.9880 0.0065
vn -0.1882 0.9821 0.0065
vn -0.2389 0.9700 -0.0446
vn -0.3021 0.9510 -0.0662
vn -0.2379 0.9679 -0.0806
vn -0.0959 0.9918 -0.0844
vn 0.0578 0.9963 -0.0639
vn 0.1580 0.9859 -0.0550
vn 0.1881 0.9813 -0.0408
vn 0.1453 0.9893 -0.0114
vn 0.0760 0.9970 -0.0115
vn 0.0329 0.9989 0.0325
vn 0.0852 0.9934 0.0763
vn 0.1723 0.9805 0.0949
vn 0.1039 0.9918 0.0748
vn -0.0668 0.9977 0.0132
vn -0.2527 0.9646 -0.0752
vn -0.3619 0.9183 -0.1604
vn -0.3297 0.9175 -0.2226
vn -0.2159 0.9412 -0.2601
vn -0.0887 0.9516 -0.2942
vn -0.0310 0.9408 -0.3377
vn -0.0965 0.9165 -0.3883
vn -0.1112 0.8973 -0.4272
vn -0.1591 0.8989 -0.4082
vn -0.2391 0.9040 -0.3545
vn -0.3038 0.9037 -0.3018
vn -0.3124 0.9070 -0.2824
vn -0.2653 0.9135 -0.3084
vn -0.1474 0.9431 -0.2981
vn 0.0204 0.9926 -0.1199
vn 0.1803 0.9830 -0.0355
vn 0.2674 0.9628 -0.0395
vn 0.3182 0.9442 -0.0850
vn 0.3589 0.9273 -0.1058
vn 0.3756 0.9225 -0.0888
vn 0.3652 0.9301 -0.0387
vn 0.3211 0.9468 0.0210
vn 0.2643 0.9642 0.0213
vn 0.2121 0.9768 0.0295
vn 0.1605 0.9869 -0.0146
vn 0.1157 0.9933 0.0044
vn 0.3206 0.9472 -0.0000
vn 0.4046 0.8924 0.2000
vn 0.3714 0.9206 0.1204
vn 0.3046 0.9488 -0.0834
vn 0.2300 0.9622 -0.1457
vn 0.1539 0.9751 -0.1594
vn 0.0294 0.9886 -0.1473
vn -0.1040 0.9837 -0.1466
vn -0.2038 0.9715 -0.1209
vn -0.2361 0.9667 -0.0989
vn -0.2595 0.9617 -0.0884
vn -0.3135 0.9460 -0.0825
vn -0.2398 0.9685 -0.0668
vn -0.0877 0.9953 -0.0413
vn 0.0702 0.9975 -0.0092
vn 0.1662 0.9858 0.0236
vn 0.2015 0.9784 0.0466
vn 0.1741 0.9837 0.0448
vn 0.1194 0.9925 0.0279
vn 0.0769 0.9970 -0.0102
vn 0.1052 0.9943 -0.0145
vn 0.1526 0.9882 -0.0126
vn 0.0425 0.9990 -0.0138
vn -0.1562 0.9876 -0.0136
vn -0.3375 0.9410 -0.0247
vn -0.4189 0.9065 -0.0527
vn -0.3637 0.9253 -0.1076
vn -0.2493 0.9504 -0.1861
vn -0.1361 0.9522 -0.2734
vn -0.0911 0.9321 -0.3506
vn -0.1427 0.9048 -0.4012
vn -0.0920 0.9029 -0.4200
vn -0.1047 0.9100 -0.4011
vn -0.1889 0.9151 -0.3562
vn -0.2855 0.9103 -0.2997
vn -0.3362 0.9072 -0.2529
vn -0.2524 0.9383 -0.2366
vn -0.0698 0.9748 -0.2118
vn 0.1291 0.9846 -0.1180
vn 0.2581 0.9626 -0.0822
vn 0.2623 0.9617 -0.0793
vn 0.2753 0.9560 -0.1018
vn 0.3385 0.9324 -0.1264
vn 0.3873 0.9112 -0.1405
vn 0.4044 0.9042 -0.1375
vn 0.3712 0.9215 -0.1142
vn 0.2704 0.9581 -0.0946
vn 0.1852 0.9790 -0.0851
vn 0.1436 0.9866 -0.0775
vn 0.1343 0.9887 -0.0669
vn 0.4904 0.8715 -0.0000
vn 0.3316 0.9210 0.2047
vn 0.2760 0.9560 0.0995
vn 0.2079 0.9581 -0.1972
vn 0.1658 0.9446 -0.2832
vn 0.1378 0.9450 -0.2966
vn 0.0424 0.9621 -0.2693
vn -0.0779 0.9601 -0.2687
vn -0.1807 0.9628 -0.2011
vn -0.2260 0.9669 -0.1186
vn -0.2560 0.9653 -0.0523
vn -0.2987 0.9540 -0.0245
vn -0.2149 0.9764 -0.0199
vn -0.0558 0.9977 -0.0377
vn 0.1028 0.9924 -0.0675
vn 0.1888 0.9817 -0.0228
vn 0.1997 0.9796 -0.0227
vn 0.1574 0.9869 0.0359
vn 0.0977 0.9919 0.0808
vn 0.0603 0.9936 0.0954
vn 0.1007 0.9921 0.0743
vn 0.1543 0.9875 0.0310
vn 0.0414 0.9991 0.0098
vn -0.1680 0.9847 0.0472
vn -0.3632 0.9298 0.0593
vn -0.4614 0.8869 0.0232
vn -0.4271 0.9039 0.0237
vn -0.3330 0.9418 -0.0460
vn -0.2235 0.9633 -0.1486
vn -0.1571 0.9521 -0.2622
vn -0.1654 0.9212 -0.3521
vn -0.0708 0.9145 -0.3983
vn -0.0579 0.9113 -0.4077
vn -0.1339 0.9145 -0.3819
vn -0.2410 0.9159 -0.3211
vn -0.3154 0.9169 -0.2448
vn -0.2236 0.9555 -0.1922
vn -0.0230 0.9874 -0.1566
vn 0.1758 0.9757 -0.1305
vn 0.2870 0.9481 -0.1366
vn 0.2628 0.9533 -0.1487
vn 0.2522 0.9561 -0.1491
vn 0.3141 0.9404 -0.1306
vn 0.3747 0.9220 -0.0976
vn 0.4091 0.9106 -0.0579
vn 0.3957 0.9181 -0.0217
vn 0.2939 0.9558 -0.0053
vn 0.1970 0.9804 -0.0065
vn 0.1522 0.9882 -0.0149
vn 0.1451 0.9892 -0.0201
vn 0.6174 0.7866 -0.0000
vn 0.2338 0.9663 0.1076
vn 0.1296 0.9894 -0.0662
vn 0.0637 0.9830 -0.1720
vn 0.0789 0.9688 -0.2351
vn 0.1265 0.9600 -0.2499
vn 0.0754 0.9664 -0.2459
vn -0.0099 0.9779 -0.2088
vn -0.0987 0.9732 -0.2078
vn -0.1615 0.9768 -0.1407
vn -0.2298 0.9708 -0.0690
vn -0.2941 0.9555 -0.0217
vn -0.2310 0.9729 -0.0048
vn -0.0813 0.9964 -0.0245
vn 0.0981 0.9915 -0.0852
vn 0.2307 0.9725 -0.0321
vn 0.2545 0.9665 -0.0319
vn 0.2001 0.9774 0.0679
vn 0.1108 0.9805 0.1621
vn 0.0386 0.9767 0.2110
vn 0.0568 0.9787 0.1975
vn 0.1323 0.9828 0.1289
vn 0.0509 0.9961 0.0716
vn -0.1403 0.9872 0.0762
vn -0.3493 0.9319 0.0976
vn -0.4857 0.8707 0.0775
vn -0.4797 0.8760 0.0499
vn -0.4172 0.9088 -0.0050
vn -0.3330 0.9429 -0.0051
vn -0.2610 0.9604 -0.0975
vn -0.2222 0.9542 -0.2001
vn -0.0854 0.9570 -0.2771
vn -0.0320 0.9463 -0.3216
vn -0.0750 0.9437 -0.3222
vn -0.1700 0.9470 -0.2725
vn -0.2632 0.9463 -0.1880
vn -0.1868 0.9756 -0.1153
vn -0.0011 0.9990 -0.0443
vn 0.1797 0.9825 -0.0497
vn 0.2798 0.9574 -0.0718
vn 0.2539 0.9625 -0.0951
vn 0.2539 0.9621 -0.0993
vn 0.3303 0.9407 -0.0773
vn 0.4020 0.9150 -0.0358
vn 0.4412 0.8973 0.0123
vn 0.4260 0.9047 0.0124
vn 0.3092 0.9495 0.0529
vn 0.1955 0.9785 0.0657
vn 0.1437 0.9880 0.0573
vn 0.1399 0.9892 0.0434
vn 0.6673 0.7446 -0.0160
vn 0.1670 0.9857 -0.0215
vn 0.0253 0.9991 -0.0350
vn -0.0433 0.9984 -0.0350
vn 0.0137 0.9969 -0.0774
vn 0.1128 0.9883 -0.1022
vn 0.0828 0.9859 -0.1456
vn 0.0304 0.9848 -0.1710
vn -0.0315 0.9848 -0.1710
vn -0.0908 0.9828 -0.1609
vn -0.1838 0.9759 -0.1173
vn -0.2781 0.9589 -0.0570
vn -0.2490 0.9684 0.0153
vn -0.1213 0.9926 0.0097
vn 0.0781 0.9969 0.0097
vn 0.2786 0.9604 0.0030
vn 0.3432 0.9381 0.0461
vn 0.2849 0.9481 0.1410
vn 0.1571 0.9594 0.2345
vn 0.0242 0.9588 0.2830
vn -0.0124 0.9802 0.1976
vn 0.0737 0.9776 0.1971
vn 0.0339 0.9922 0.1197
vn -0.1187 0.9899 0.0777
vn -0.3267 0.9404 0.0941
vn -0.4955 0.8640 0.0891
vn -0.4988 0.8605 0.1036
vn -0.4598 0.8817 0.1057
vn -0.4087 0.9098 0.0723
vn -0.3552 0.9348 0.0034
vn -0.2984 0.9544 0.0035
vn -0.1378 0.9873 -0.0791
vn -0.0349 0.9880 -0.1507
vn -0.0254 0.9837 -0.1780
vn -0.0891 0.9847 -0.1496
vn -0.1933 0.9781 -0.0776
vn -0.1380 0.9889 0.0549
vn 0.0208 0.9982 0.0555
vn 0.1732 0.9810 0.0870
vn 0.2577 0.9621 0.0895
vn 0.2328 0.9699 0.0717
vn 0.2510 0.9670 0.0439
vn 0.3488 0.9371 0.0152
vn 0.4344 0.9007 -0.0021
vn 0.4783 0.8782 -0.0020
vn 0.4563 0.8897 0.0132
vn 0.3192 0.9470 0.0360
vn 0.1871 0.9812 0.0473
vn 0.1301 0.9903 0.0479
vn 0.1343 0.9898 0.0481
vn 0.6560 0.7498 -0.0864
vn 0.1663 0.9839 -0.0653
vn 0.0121 0.9999 -0.0071
vn -0.0667 0.9969 0.0417
vn -0.0052 0.9991 0.0418
vn 0.0879 0.9938 0.0675
vn 0.0396 0.9983 0.0429
vn 0.0049 0.9995 -0.0317
vn -0.0219 0.9940 -0.1072
vn -0.0482 0.9875 -0.1502
vn -0.1253 0.9816 -0.1441
vn -0.2299 0.9695 -0.0852
vn -0.2281 0.9710 0.0724
vn -0.1262 0.9844 0.1222
vn 0.0710 0.9899 0.1229
vn 0.3155 0.9388 0.1383
vn 0.4168 0.8956 0.1555
vn 0.3603 0.9096 0.2070
vn 0.2026 0.9443 0.2592
vn 0.0092 0.9665 0.2565
vn -0.0883 0.9761 0.1988
vn -0.0055 0.9912 0.1322
vn -0.0092 0.9962 0.0868
vn -0.1175 0.9902 0.0750
vn -0.3087 0.9476 0.0829
vn -0.4935 0.8652 0.0886
vn -0.4861 0.8643 0.1294
vn -0.4561 0.8738 0.1689
vn -0.4326 0.8836 0.1791
vn -0.4100 0.8995 0.1508
vn -0.3670 0.9258 0.0910
vn -0.2073 0.9779 0.0280
vn -0.0636 0.9979 -0.0086
vn 0.0032 1.0000 -0.0007
vn -0.0178 0.9998 -0.0007
vn -0.1196 0.9876 0.1017
vn -0.0799 0.9841 0.1585
vn 0.0532 0.9859 0.1588
vn 0.1744 0.9640 0.2008
vn 0.2355 0.9464 0.2209
vn 0.2018 0.9542 0.2210
vn 0.2201 0.9558 0.1947
vn 0.3305 0.9347 0.1308
vn 0.4339 0.8994 0.0529
vn 0.4891 0.8707 -0.0526
vn 0.4715 0.8797 -0.0618
vn 0.3275 0.9431 -0.0574
vn 0.1873 0.9813 -0.0444
vn 0.1304 0.9912 -0.0233
vn 0.1420 0.9899 0.0014
vn 0.6021 0.7927 -0.0953
vn 0.2121 0.9734 -0.0868
vn 0.0711 0.9971 -0.0281
vn -0.0179 0.9994 -0.0282
vn 0.0208 0.9990 0.0386
vn 0.0631 0.9944 0.0851
vn -0.0349 0.9989 0.0320
vn -0.0710 0.9970 -0.0308
vn -0.0662 0.9973 -0.0308
vn -0.0433 0.9958 -0.0807
vn -0.0683 0.9929 -0.0971
vn -0.1493 0.9871 -0.0584
vn -0.1548 0.9783 0.1376
vn -0.0764 0.9712 0.2255
vn 0.0920 0.9700 0.2252
vn 0.3296 0.9091 0.2549
vn 0.4477 0.8621 0.2373
vn 0.3952 0.8920 0.2193
vn 0.2203 0.9560 0.1939
vn -0.0155 0.9927 0.1193
vn -0.1497 0.9837 0.0992
vn -0.0753 0.9935 0.0858
vn -0.0553 0.9953 0.0795
vn -0.1285 0.9883 0.0822
vn -0.2983 0.9502 0.0899
vn -0.4833 0.8699 0.0983
vn -0.4540 0.8812 0.1316
vn -0.4256 0.8897 0.1653
vn -0.4256 0.8864 0.1818
vn -0.4340 0.8841 0.1734
vn -0.4180 0.8975 0.1409
vn -0.2693 0.9562 0.1150
vn -0.1000 0.9900 0.0994
vn 0.0111 0.9949 0.0999
vn 0.0278 0.9946 0.0999
vn -0.0625 0.9871 0.1474
vn -0.0228 0.9888 0.1476
vn 0.0987 0.9755 0.1965
vn 0.1955 0.9486 0.2487
vn 0.2295 0.9290 0.2903
vn 0.1715 0.9342 0.3127
vn 0.1570 0.9427 0.2945
vn 0.2574 0.9447 0.2030
vn 0.3777 0.9223 -0.0822
vn 0.4502 0.8737 -0.1845
vn 0.4536 0.8621 -0.2258
vn 0.3266 0.9159 -0.2336
vn 0.1976 0.9564 -0.2149
vn 0.1491 0.9723 -0.1800
vn 0.1642 0.9754 -0.1470
vn 0.5334 0.8343 -0.1397
vn 0.2387 0.9588 -0.1542
vn 0.1308 0.9888 -0.0715
vn 0.0488 0.9972 0.0575
vn 0.0675 0.9961 0.0575
vn 0.0586 0.9860 0.1560
vn -0.0834 0.9874 0.1347
vn -0.1325 0.9877 0.0827
vn -0.1156 0.9925 0.0401
vn -0.0601 0.9978 0.0283
vn -0.0301 0.9975 0.0634
vn -0.0589 0.9905 0.1246
vn -0.0494 0.9832 0.1755
vn 0.0127 0.9844 0.1757
vn 0.1389 0.9712 0.1935
vn 0.3319 0.9284 0.1673
vn 0.4375 0.8930 0.1054
vn 0.3709 0.9274 -0.0475
vn 0.1808 0.9803 -0.0793
vn -0.0520 0.9954 -0.0806
vn -0.1687 0.9836 -0.0631
vn -0.0898 0.9955 -0.0286
vn -0.0619 0.9980 -0.0083
vn -0.1257 0.9921 0.0050
vn -0.2895 0.9569 0.0254
vn -0.4721 0.8790 0.0665
vn -0.4299 0.8980 0.0937
vn -0.4019 0.9093 0.1083
vn -0.4156 0.9017 0.1190
vn -0.4432 0.8867 0.1313
vn -0.4461 0.8835 0.1433
vn -0.3006 0.9443 0.1343
vn -0.1194 0.9883 0.0946
vn 0.0111 0.9989 0.0454
vn 0.0459 0.9979 0.0453
vn -0.0324 0.9980 0.0535
vn 0.0290 0.9981 0.0535
vn 0.1584 0.9779 0.1365
vn 0.2418 0.9433 0.2276
vn 0.2478 0.9200 0.3036
vn 0.1489 0.9234 0.3537
vn 0.0643 0.9322 0.3562
vn 0.1188 0.9570 0.2648
vn 0.2440 0.9609 -0.1306
vn 0.3504 0.8913 -0.2877
vn 0.4032 0.8481 -0.3437
vn 0.3226 0.8876 -0.3287
vn 0.2217 0.9360 -0.2734
vn 0.1850 0.9586 -0.2163
vn 0.1948 0.9608 -0.1972
vn 0.4219 0.8940 -0.1505
vn 0.2426 0.9495 -0.1988
vn 0.2137 0.9676 -0.1344
vn 0.1761 0.9844 0.0031
vn 0.1660 0.9861 0.0031
vn 0.0723 0.9896 0.1247
vn -0.1175 0.9793 0.1651
vn -0.1813 0.9701 0.1616
vn -0.1555 0.9737 0.1665
vn -0.0709 0.9799 0.1863
vn 0.0049 0.9824 0.1868
vn 0.0027 0.9757 0.2193
vn 0.0024 0.9752 0.2211
vn 0.0332 0.9871 0.1566
vn 0.1216 0.9803 0.1556
vn 0.2827 0.9573 0.0607
vn 0.3641 0.9195 -0.1481
vn 0.3017 0.9295 -0.2119
vn 0.1496 0.9664 -0.2089
vn -0.0350 0.9891 -0.1433
vn -0.1335 0.9808 -0.1421
vn -0.0694 0.9949 -0.0737
vn -0.0544 0.9979 -0.0365
vn -0.1201 0.9925 -0.0229
vn -0.2705 0.9625 0.0210
vn -0.4368 0.8953 0.0877
vn -0.4082 0.9068 0.1059
vn -0.3911 0.9154 0.0952
vn -0.4072 0.9091 0.0881
vn -0.4330 0.8951 0.1066
vn -0.4356 0.8874 0.1509
vn -0.3166 0.9361 0.1534
vn -0.1642 0.9812 0.1011
vn -0.0391 0.9989 0.0247
vn 0.0207 0.9995 -0.0224
vn 0.0010 0.9999 0.0158
vn 0.1143 0.9933 0.0157
vn 0.2541 0.9632 0.0882
vn 0.3226 0.9349 0.1481
vn 0.3012 0.9345 0.1897
vn 0.1546 0.9643 0.2151
vn -0.0359 0.9850 0.1687
vn -0.0672 0.9964 0.0515
vn 0.0328 0.9981 0.0516
vn 0.1966 0.9533 -0.2295
vn 0.3515 0.8945 -0.2762
vn 0.3598 0.9030 -0.2346
vn 0.2968 0.9417 -0.1587
vn 0.2496 0.9624 -0.1073
vn 0.2161 0.9685 -0.1235
vn 0.2893 0.9530 -0.0901
vn 0.2060 0.9605 -0.1869
vn 0.2752 0.9444 -0.1799
vn 0.3042 0.9477 -0.0964
vn 0.2795 0.9601 -0.0019
vn 0.1088 0.9941 -0.0019
vn -0.1122 0.9862 0.1215
vn -0.1822 0.9647 0.1899
vn -0.1482 0.9550 0.2571
vn -0.0506 0.9497 0.3090
vn 0.0377 0.9503 0.3092
vn 0.0237 0.9423 0.3339
vn -0.0172 0.9635 0.2673
vn -0.0340 0.9870 0.1573
vn 0.0287 0.9993 0.0258
vn 0.1859 0.9782 -0.0928
vn 0.2612 0.9440 -0.2013
vn 0.2416 0.9378 -0.2493
vn 0.1602 0.9616 -0.2229
vn 0.0355 0.9898 -0.1383
vn -0.0646 0.9883 -0.1380
vn -0.0322 0.9978 -0.0583
vn -0.0409 0.9991 0.0137
vn -0.1107 0.9933 0.0339
vn -0.2378 0.9682 0.0778
vn -0.3766 0.9143 0.1491
vn -0.3915 0.9078 0.1506
vn -0.4001 0.9094 0.1139
vn -0.4127 0.9070 0.0838
vn -0.4173 0.9040 0.0934
vn -0.3980 0.9050 0.1501
vn -0.3212 0.9325 0.1655
vn -0.2207 0.9669 0.1278
vn -0.1164 0.9911 0.0643
vn -0.0264 0.9994 0.0224
vn 0.0392 0.9990 0.0224
vn 0.1871 0.9808 0.0544
vn 0.3130 0.9469 0.0737
vn 0.3626 0.9306 0.0504
vn 0.3236 0.9451 -0.0466
vn 0.1607 0.9853 -0.0586
vn -0.0905 0.9941 -0.0592
vn -0.1836 0.9823 -0.0378
vn -0.1187 0.9926 -0.0241
vn 0.0660 0.9964 -0.0538
vn 0.3081 0.9485 -0.0741
vn 0.4082 0.9123 -0.0339
vn 0.3764 0.9261 0.0258
vn 0.3016 0.9531 0.0265
vn 0.2026 0.9782 0.0463
vn 0.2046 0.9788 -0.0000
vn 0.1130 0.9879 -0.1063
vn 0.2796 0.9465 -0.1609
vn 0.3751 0.9155 -0.1453
vn 0.3622 0.9266 -0.1011
vn 0.1654 0.9852 -0.0452
vn -0.0470 0.9978 -0.0458
vn -0.1127 0.9783 0.1737
vn -0.0793 0.9572 0.2782
vn 0.0028 0.9603 0.2791
vn 0.0643 0.9374 0.3422
vn 0.0147 0.9324 0.3611
vn -0.0814 0.9536 0.2898
vn -0.1481 0.9706 0.1898
vn -0.1039 0.9918 0.0750
vn 0.0690 0.9948 0.0752
vn 0.1551 0.9797 -0.1272
vn 0.1980 0.9657 -0.1679
vn 0.1947 0.9702 -0.1441
vn 0.1266 0.9890 -0.0763
vn 0.0159 0.9998 -0.0123
vn 0.0154 0.9998 -0.0123
vn -0.0165 0.9979 0.0625
vn -0.0903 0.9918 0.0902
vn -0.1939 0.9720 0.1330
vn -0.3069 0.9325 0.1905
vn -0.3876 0.9046 0.1772
vn -0.4295 0.8936 0.1303
vn -0.4366 0.8951 0.0907
vn -0.4093 0.9081 0.0887
vn -0.3496 0.9267 0.1375
vn -0.3116 0.9362 0.1624
vn -0.2606 0.9532 0.1535
vn -0.1803 0.9754 0.1271
vn -0.0683 0.9917 0.1091
vn 0.0717 0.9914 0.1091
vn 0.2067 0.9703 0.1254
vn 0.2924 0.9525 0.0853
vn 0.3161 0.9368 -0.1497
vn 0.2703 0.9287 -0.2537
vn 0.1449 0.9478 -0.2841
vn -0.0669 0.9557 -0.2865
vn -0.1663 0.9628 -0.2130
vn -0.1240 0.9880 -0.0921
vn 0.0423 0.9985 0.0341
vn 0.2861 0.9511 0.1164
vn 0.4352 0.8909 0.1299
vn 0.4215 0.8943 0.1499
vn 0.3134 0.9330 0.1770
vn 0.1493 0.9748 0.1659
vn 0.2255 0.9742 -0.0000
vn -0.0156 0.9984 0.0546
vn 0.2266 0.9725 0.0532
vn 0.3871 0.9193 -0.0716
vn 0.4019 0.9123 -0.0792
vn 0.2249 0.9731 -0.0502
vn 0.0553 0.9982 0.0211
vn 0.0056 0.9998 0.0212
vn 0.0301 0.9936 0.1092
vn 0.0758 0.9793 0.1878
vn 0.0878 0.9681 0.2346
vn -0.0008 0.9676 0.2525
vn -0.1449 0.9529 0.2664
vn -0.2448 0.9384 0.2440
vn -0.2145 0.9544 0.2078
vn -0.0367 0.9874 0.1542
vn 0.0586 0.9863 0.1540
vn 0.1584 0.9835 0.0871
vn 0.2204 0.9748 0.0359
vn 0.1955 0.9806 0.0121
vn 0.0805 0.9966 0.0155
vn 0.0599 0.9976 0.0349
vn 0.0137 0.9984 0.0553
vn -0.0623 0.9935 0.0952
vn -0.1506 0.9814 0.1194
vn -0.2506 0.9573 0.1442
vn -0.3967 0.9081 0.1340
vn -0.4659 0.8779 0.1105
vn -0.4679 0.8790 0.0916
vn -0.4120 0.9069 0.0886
vn -0.3086 0.9449 0.1092
vn -0.2915 0.9472 0.1338
vn -0.2715 0.9497 0.1558
vn -0.2074 0.9627 0.1736
vn -0.0873 0.9788 0.1850
vn 0.0895 0.9787 0.1850
vn 0.1679 0.9689 0.1815
vn 0.1913 0.9755 0.1089
vn 0.1923 0.9666 -0.1693
vn 0.1682 0.9463 -0.2761
vn 0.1193 0.9445 -0.3060
vn 0.0083 0.9711 -0.2385
vn -0.0444 0.9940 -0.1003
vn 0.0019 0.9983 0.0578
vn 0.1293 0.9899 0.0573
vn 0.3038 0.9371 0.1716
vn 0.4451 0.8724 0.2020
vn 0.4332 0.8779 0.2039
vn 0.2954 0.9339 0.2015
vn 0.0800 0.9811 0.1764
vn 0.3555 0.9347 -0.0000
vn -0.1085 0.9890 0.1008
vn 0.1480 0.9839 0.1003
vn 0.3473 0.9361 -0.0554
vn 0.3948 0.9146 -0.0879
vn 0.2565 0.9628 -0.0849
vn 0.1269 0.9903 -0.0566
vn 0.0940 0.9954 -0.0169
vn 0.1114 0.9936 -0.0169
vn 0.1269 0.9917 0.0205
vn 0.1086 0.9930 0.0462
vn 0.0155 0.9973 0.0715
vn -0.1458 0.9720 0.1841
vn -0.2627 0.9366 0.2320
vn -0.2493 0.9337 0.2571
vn -0.0950 0.9627 0.2533
vn -0.0079 0.9722 0.2339
vn 0.1056 0.9668 0.2326
vn 0.1939 0.9617 0.1939
vn 0.1965 0.9698 0.1447
vn 0.0992 0.9903 0.0977
vn 0.0799 0.9947 0.0647
vn 0.0334 0.9991 -0.0255
vn -0.0419 0.9988 -0.0255
vn -0.1263 0.9897 -0.0673
vn -0.2257 0.9697 -0.0929
vn -0.4011 0.9117 -0.0897
vn -0.4827 0.8737 -0.0602
vn -0.4844 0.8745 0.0223
vn -0.4180 0.9071 0.0493
vn -0.2946 0.9544 0.0487
vn -0.2712 0.9613 0.0484
vn -0.2540 0.9657 0.0537
vn -0.1951 0.9791 0.0578
vn -0.0800 0.9953 0.0537
vn 0.0893 0.9946 0.0537
vn 0.0971 0.9948 0.0322
vn 0.0595 0.9927 -0.1046
vn 0.0477 0.9863 -0.1579
vn 0.0600 0.9826 -0.1756
vn 0.0926 0.9834 -0.1562
vn 0.0864 0.9945 -0.0597
vn 0.0993 0.9933 -0.0596
vn 0.1581 0.9836 0.0865
vn 0.2419 0.9456 0.2176
vn 0.3339 0.8962 0.2920
vn 0.4346 0.8504 0.2965
vn 0.4164 0.8730 0.2540
vn 0.2649 0.9446 0.1936
vn 0.0326 0.9897 0.1391
vn 0.4860 0.8740 -0.0000
vn -0.1801 0.9813 0.0681
vn 0.0630 0.9956 0.0691
vn 0.2845 0.9581 -0.0333
vn 0.3665 0.9285 -0.0601
vn 0.2638 0.9619 -0.0723
vn 0.1567 0.9845 -0.0781
vn 0.1330 0.9879 -0.0802
vn 0.1477 0.9859 -0.0790
vn 0.1517 0.9859 -0.0703
vn 0.1332 0.9900 -0.0470
vn 0.0678 0.9977 -0.0062
vn -0.0843 0.9952 0.0486
vn -0.2157 0.9709 0.1039
vn -0.2304 0.9624 0.1441
vn -0.1088 0.9800 0.1667
vn -0.0301 0.9827 0.1825
vn 0.0690 0.9808 0.1821
vn 0.1455 0.9753 0.1663
vn 0.1493 0.9819 0.1164
vn 0.0663 0.9967 0.0469
vn 0.0371 0.9961 -0.0804
vn -0.0140 0.9967 -0.0804
vn -0.0832 0.9860 -0.1443
vn -0.1506 0.9686 -0.1977
vn -0.2228 0.9465 -0.2335
vn -0.3691 0.8992 -0.2349
vn -0.4427 0.8762 -0.1904
vn -0.4486 0.8853 -0.1225
vn -0.3960 0.9168 -0.0522
vn -0.2979 0.9546 -0.0075
vn -0.2721 0.9621 -0.0182
vn -0.2495 0.9678 -0.0340
vn -0.1920 0.9804 -0.0454
vn -0.0850 0.9946 -0.0588
vn 0.0677 0.9919 -0.1078
vn 0.0343 0.9891 -0.1434
vn -0.0146 0.9895 -0.1435
vn -0.0063 0.9943 -0.1062
vn 0.0424 0.9987 -0.0278
vn 0.1133 0.9932 -0.0276
vn 0.1824 0.9821 0.0460
vn 0.2381 0.9601 0.1463
vn 0.2808 0.9269 0.2489
vn 0.3151 0.8963 0.3121
vn 0.3475 0.8787 0.3273
vn 0.3934 0.8681 0.3028
vn 0.3549 0.9076 0.2245
vn 0.2096 0.9707 0.1175
vn 0.0138 0.9988 0.0475
vn 0.5566 0.8308 -0.0000
vn -0.2223 0.9744 0.0343
vn 0.0080 0.9993 0.0352
vn 0.2406 0.9698 0.0405
vn 0.3424 0.9387 0.0405
vn 0.2550 0.9664 0.0317
vn 0.1531 0.9875 -0.0369
vn 0.1312 0.9879 -0.0831
vn 0.1481 0.9817 -0.1195
vn 0.1592 0.9788 -0.1287
vn 0.1554 0.9813 -0.1134
vn 0.1080 0.9886 -0.1049
vn -0.0295 0.9940 -0.1054
vn -0.1612 0.9828 -0.0898
vn -0.1925 0.9792 -0.0647
vn -0.0902 0.9954 -0.0325
vn -0.0151 0.9999 0.0070
vn 0.0550 0.9976 0.0429
vn 0.0967 0.9945 0.0412
vn 0.0801 0.9931 -0.0853
vn 0.0046 0.9963 -0.0856
vn -0.0283 0.9880 -0.1521
vn -0.0780 0.9782 -0.1926
vn -0.1375 0.9670 -0.2146
vn -0.1892 0.9553 -0.2270
vn -0.2354 0.9422 -0.2386
vn -0.3338 0.9105 -0.2441
vn -0.3834 0.8995 -0.2096
vn -0.3870 0.9099 -0.1494
vn -0.3563 0.9305 -0.0856
vn -0.3071 0.9505 -0.0471
vn -0.2860 0.9563 -0.0604
vn -0.2590 0.9631 -0.0726
vn -0.2036 0.9761 -0.0764
vn -0.1040 0.9913 -0.0811
vn 0.0379 0.9919 -0.1214
vn -0.0017 0.9926 -0.1215
vn -0.0199 0.9953 -0.0945
vn 0.0370 0.9993 0.0053
vn 0.1205 0.9927 0.0052
vn 0.1838 0.9740 0.1324
vn 0.2728 0.9362 0.2215
vn 0.3282 0.9016 0.2818
vn 0.3394 0.8870 0.3132
vn 0.3354 0.8926 0.3013
vn 0.3372 0.9072 0.2516
vn 0.3253 0.9248 0.1975
vn 0.2545 0.9617 0.1015
vn 0.1407 0.9877 -0.0686
vn 0.0221 0.9990 -0.0377
vn 0.5703 0.8201 -0.0465
vn -0.2129 0.9755 -0.0553
vn 0.0146 0.9999 -0.0007
vn 0.2416 0.9688 0.0550
vn 0.3327 0.9385 0.0922
vn 0.2281 0.9685 0.0999
vn 0.1122 0.9917 0.0622
vn 0.0855 0.9935 -0.0756
vn 0.1115 0.9848 -0.1336
vn 0.1494 0.9771 -0.1517
vn 0.1700 0.9753 -0.1410
vn 0.1164 0.9811 -0.1547
vn -0.0148 0.9877 -0.1558
vn -0.1354 0.9760 -0.1709
vn -0.1585 0.9718 -0.1747
vn -0.0503 0.9861 -0.1581
vn 0.0209 0.9966 -0.0795
vn 0.0533 0.9953 -0.0811
vn 0.0480 0.9909 -0.1261
vn 0.0021 0.9920 -0.1263
vn -0.0621 0.9785 -0.1966
vn -0.0691 0.9658 -0.2500
vn -0.1009 0.9628 -0.2506
vn -0.1522 0.9642 -0.2171
vn -0.2058 0.9631 -0.1732
vn -0.2531 0.9565 -0.1452
vn -0.3112 0.9388 -0.1478
vn -0.3336 0.9332 -0.1334
vn -0.3312 0.9380 -0.1023
vn -0.3215 0.9445 -0.0681
vn -0.3187 0.9466 -0.0482
vn -0.2967 0.9532 -0.0575
vn -0.2620 0.9636 -0.0531
vn -0.2075 0.9776 -0.0341
vn -0.1169 0.9930 -0.0139
vn 0.0105 0.9997 -0.0221
vn -0.0150 0.9996 -0.0221
vn 0.0208 0.9995 0.0216
vn 0.1359 0.9905 0.0214
vn 0.2428 0.9633 0.1146
vn 0.2707 0.9358 0.2257
vn 0.3289 0.8953 0.3005
vn 0.3542 0.8757 0.3282
vn 0.3274 0.8916 0.3130
vn 0.2914 0.9237 0.2488
vn 0.2909 0.9446 0.1520
vn 0.2361 0.9685 0.0790
vn 0.1427 0.9856 -0.0905
vn 0.0864 0.9886 -0.1235
vn 0.0536 0.9943 -0.0926
vn 0.5364 0.8398 -0.0834
vn -0.1595 0.9824 -0.0975
vn 0.0719 0.9972 0.0187
vn 0.2793 0.9600 0.0180
vn 0.3378 0.9398 0.0521
vn 0.1911 0.9801 0.0531
vn 0.0476 0.9978 -0.0452
vn 0.0128 0.9989 -0.0453
vn 0.0530 0.9873 -0.1499
vn 0.1305 0.9785 -0.1598
vn 0.1801 0.9732 -0.1428
vn 0.1039 0.9844 -0.1423
vn -0.0320 0.9892 -0.1430
vn -0.1405 0.9795 -0.1445
vn -0.1407 0.9799 -0.1415
vn -0.0063 0.9961 -0.0881
vn 0.0566 0.9955 -0.0758
vn 0.0515 0.9942 -0.0946
vn 0.0027 0.9955 -0.0947
vn -0.0706 0.9877 -0.1393
vn -0.1183 0.9737 -0.1945
vn -0.0707 0.9707 -0.2296
vn -0.0681 0.9774 -0.2003
vn -0.1108 0.9857 -0.1273
vn -0.1824 0.9824 -0.0413
vn -0.2608 0.9649 0.0310
vn -0.3021 0.9530 0.0249
vn -0.3079 0.9513 0.0168
vn -0.3014 0.9534 0.0107
vn -0.3041 0.9526 0.0082
vn -0.3271 0.9449 0.0109
vn -0.2925 0.9555 0.0389
vn -0.2431 0.9663 0.0852
vn -0.1863 0.9733 0.1342
vn -0.1077 0.9797 0.1693
vn -0.0054 0.9848 0.1738
vn -0.0175 0.9868 0.1613
vn 0.0662 0.9847 0.1609
vn 0.2256 0.9620 0.1536
vn 0.3458 0.9239 0.1639
vn 0.3511 0.9149 0.1994
vn 0.3652 0.8985 0.2434
vn 0.3432 0.9011 0.2649
vn 0.2657 0.9304 0.2526
vn 0.1984 0.9585 0.2048
vn 0.2208 0.9657 0.1370
vn 0.1546 0.9841 0.0875
vn 0.0580 0.9974 0.0422
vn 0.0541 0.9979 -0.0347
vn 0.0853 0.9953 -0.0451
vn 0.4700 0.8712 -0.1418
vn -0.0999 0.9821 -0.1599
vn 0.1283 0.9911 -0.0355
vn 0.3113 0.9501 -0.0190
vn 0.3369 0.9410 -0.0310
vn 0.1518 0.9877 -0.0380
vn -0.0105 0.9992 -0.0384
vn -0.0477 0.9984 -0.0307
vn 0.0077 0.9991 -0.0417
vn 0.1200 0.9849 -0.1246
vn 0.1951 0.9678 -0.1589
vn 0.1052 0.9769 -0.1861
vn -0.0346 0.9817 -0.1871
vn -0.1368 0.9749 -0.1758
vn -0.1213 0.9843 -0.1281
vn 0.0292 0.9994 -0.0170
vn 0.0689 0.9973 -0.0262
vn 0.0328 0.9975 -0.0619
vn -0.0432 0.9971 -0.0619
vn -0.1284 0.9867 -0.0999
vn -0.1552 0.9802 -0.1231
vn -0.0409 0.9926 -0.1145
vn 0.0061 0.9995 0.0309
vn -0.0254 0.9992 0.0309
vn -0.1199 0.9785 0.1676
vn -0.2464 0.9503 0.1902
vn -0.3012 0.9326 0.1989
vn -0.3090 0.9304 0.1973
vn -0.3015 0.9349 0.1872
vn -0.3017 0.9372 0.1748
vn -0.3199 0.9321 0.1701
vn -0.2631 0.9500 0.1682
vn -0.1972 0.9662 0.1658
vn -0.1383 0.9765 0.1653
vn -0.0737 0.9833 0.1662
vn -0.0017 0.9864 0.1643
vn -0.0304 0.9852 0.1684
vn 0.0624 0.9838 0.1682
vn 0.2411 0.9556 0.1696
vn 0.3780 0.9110 0.1651
vn 0.3946 0.9037 0.1664
vn 0.3886 0.9045 0.1755
vn 0.3323 0.9272 0.1731
vn 0.2194 0.9635 0.1533
vn 0.1330 0.9837 0.1214
vn 0.1724 0.9813 0.0854
vn 0.1097 0.9926 0.0528
vn 0.0114 0.9995 0.0303
vn 0.0239 0.9995 0.0191
vn 0.0748 0.9971 0.0122
vn 0.3492 0.9271 -0.1359
vn -0.0249 0.9976 -0.0650
vn 0.1767 0.9837 -0.0342
vn 0.3245 0.9448 -0.0458
vn 0.3254 0.9430 -0.0691
vn 0.1465 0.9884 -0.0390
vn -0.0027 0.9996 0.0280
vn -0.0586 0.9970 0.0509
vn -0.0299 0.9996 0.0016
vn 0.0741 0.9925 -0.0974
vn 0.1588 0.9682 -0.1932
vn 0.0784 0.9647 -0.2514
vn -0.0242 0.9674 -0.2521
vn -0.0874 0.9698 -0.2277
vn -0.0531 0.9986 0.0048
vn 0.0721 0.9974 0.0048
vn 0.0596 0.9961 0.0648
vn -0.0030 0.9999 0.0166
vn -0.0822 0.9966 -0.0067
vn -0.1527 0.9883 -0.0067
vn -0.1462 0.9879 0.0508
vn 0.0205 0.9985 0.0514
vn 0.0897 0.9908 0.1013
vn 0.0552 0.9895 0.1336
vn -0.0624 0.9860 0.1543
vn -0.2206 0.9579 0.1838
vn -0.2883 0.9304 0.2264
vn -0.3053 0.9162 0.2594
vn -0.3051 0.9125 0.2724
vn -0.3066 0.9138 0.2664
vn -0.3176 0.9146 0.2502
vn -0.2656 0.9404 0.2123
vn -0.2026 0.9666 0.1569
vn -0.1418 0.9848 0.1006
vn -0.0749 0.9956 0.0571
vn -0.0042 0.9993 0.0358
vn -0.0264 0.9973 0.0679
vn 0.0697 0.9953 0.0677
vn 0.2462 0.9618 0.1195
vn 0.3809 0.9115 0.1551
vn 0.4019 0.9000 0.1691
vn 0.3840 0.9093 0.1603
vn 0.3111 0.9402 0.1385
vn 0.1873 0.9754 0.1167
vn 0.0978 0.9901 0.1007
vn 0.1399 0.9863 0.0875
vn 0.0871 0.9943 0.0621
vn 0.0003 0.9999 0.0171
vn 0.0170 0.9997 0.0171
vn 0.0646 0.9978 0.0131
vn 0.2241 0.9742 -0.0283
vn 0.0564 0.9983 0.0155
vn 0.2056 0.9785 0.0152
vn 0.3126 0.9482 -0.0566
vn 0.3037 0.9481 -0.0945
vn 0.1789 0.9828 -0.0467
vn 0.0646 0.9970 0.0419
vn -0.0357 0.9964 0.0768
vn -0.0791 0.9966 0.0233
vn -0.0250 0.9994 0.0234
vn 0.0611 0.9765 -0.2065
vn 0.0197 0.9782 -0.2068
vn 0.0008 0.9809 -0.1943
vn 0.0177 0.9989 -0.0434
vn 0.0783 0.9960 -0.0433
vn 0.1304 0.9842 0.1202
vn 0.0464 0.9821 0.1826
vn -0.0384 0.9887 0.1451
vn -0.1042 0.9852 0.1361
vn -0.1403 0.9762 0.1654
vn -0.0976 0.9708 0.2192
vn 0.0694 0.9731 0.2197
vn 0.1192 0.9679 0.2211
vn 0.0672 0.9826 0.1732
vn -0.0543 0.9975 0.0451
vn -0.1909 0.9787 0.0756
vn -0.2475 0.9578 0.1459
vn -0.2754 0.9385 0.2084
vn -0.2948 0.9242 0.2428
vn -0.3141 0.9169 0.2463
vn -0.3340 0.9148 0.2273
vn -0.3083 0.9333 0.1842
vn -0.2613 0.9569 0.1265
vn -0.1995 0.9775 0.0683
vn -0.1191 0.9927 0.0197
vn -0.0257 0.9996 -0.0116
vn 0.0057 0.9999 -0.0116
vn 0.1252 0.9919 0.0209
vn 0.2880 0.9542 0.0808
vn 0.3963 0.9098 0.1234
vn 0.3951 0.9084 0.1367
vn 0.3635 0.9242 0.1171
vn 0.2885 0.9517 0.1050
vn 0.1702 0.9777 0.1229
vn 0.0844 0.9832 0.1619
vn 0.1125 0.9739 0.1969
vn 0.0565 0.9796 0.1929
vn -0.0149 0.9946 0.1032
vn 0.0129 0.9979 0.0632
vn 0.0634 0.9960 0.0631
vn 0.1970 0.9804 -0.0000
vn 0.1000 0.9892 0.1074
vn 0.1872 0.9771 0.1010
vn 0.2631 0.9639 -0.0415
vn 0.2690 0.9594 -0.0847
vn 0.2278 0.9730 -0.0372
vn 0.1524 0.9876 -0.0378
vn -0.0008 0.9993 0.0385
vn -0.1319 0.9911 0.0203
vn -0.1418 0.9897 0.0202
vn -0.0538 0.9953 -0.0800
vn -0.0283 0.9853 -0.1687
vn 0.0625 0.9932 -0.0983
vn 0.1695 0.9837 0.0601
vn 0.2368 0.9697 0.0592
vn 0.1884 0.9602 0.2060
vn 0.0353 0.9660 0.2560
vn -0.0653 0.9707 0.2312
vn -0.1106 0.9668 0.2305
vn -0.1079 0.9591 0.2617
vn -0.0421 0.9523 0.3022
vn 0.0703 0.9508 0.3017
vn 0.0684 0.9619 0.2646
vn -0.0096 0.9995 0.0306
vn -0.1067 0.9938 0.0305
vn -0.1606 0.9854 -0.0570
vn -0.1802 0.9829 0.0378
vn -0.2171 0.9702 0.1074
vn -0.2650 0.9524 0.1506
vn -0.3150 0.9354 0.1605
vn -0.3557 0.9232 0.1454
vn -0.3536 0.9272 0.1237
vn -0.3187 0.9423 0.1022
vn -0.2565 0.9631 0.0818
vn -0.1673 0.9842 0.0579
vn -0.0571 0.9981 0.0247
vn 0.0385 0.9990 0.0247
vn 0.1864 0.9820 0.0307
vn 0.3322 0.9415 0.0561
vn 0.4096 0.9095 0.0710
vn 0.3794 0.9228 0.0663
vn 0.3524 0.9349 0.0413
vn 0.3030 0.9515 0.0523
vn 0.2069 0.9714 0.1163
vn 0.1198 0.9710 0.2069
vn 0.1052 0.9537 0.2819
vn 0.0123 0.9673 0.2532
vn -0.0622 0.9817 0.1802
vn -0.0273 0.9942 0.1042
vn 0.0356 0.9939 0.1042
vn 0.2836 0.9161 -0.2836
vn 0.0886 0.9231 -0.3743
vn 0.1132 0.8762 -0.4685
vn 0.1512 0.8008 -0.5795
vn 0.1674 0.7117 -0.6823
vn 0.1754 0.6171 -0.7671
vn 0.1287 0.5567 -0.8207
vn 0.0154 0.5541 -0.8323
vn -0.0991 0.5515 -0.8283
vn -0.1457 0.5968 -0.7891
vn -0.0980 0.6768 -0.7296
vn -0.0315 0.7307 -0.6819
vn 0.1031 0.6895 -0.7169
vn 0.1922 0.5780 -0.7931
vn 0.1920 0.4828 -0.8544
vn 0.1089 0.4416 -0.8906
vn 0.0125 0.4393 -0.8983
vn -0.0378 0.4390 -0.8977
vn -0.0518 0.4541 -0.8895
vn -0.0372 0.4762 -0.8785
vn 0.0001 0.4925 -0.8703
vn 0.0154 0.4858 -0.8739
vn -0.0196 0.4858 -0.8738
vn -0.0703 0.4931 -0.8671
vn -0.1026 0.5235 -0.8458
vn -0.0802 0.5740 -0.8150
vn -0.0678 0.6142 -0.7863
vn -0.0979 0.6467 -0.7565
vn -0.1597 0.6916 -0.7044
vn -0.2462 0.7615 -0.5997
vn -0.3406 0.8528 -0.3959
vn -0.3584 0.8837 0.3010
vn -0.2847 0.7839 0.5517
vn -0.2014 0.6948 0.6904
vn -0.1252 0.6383 0.7595
vn -0.0561 0.6143 0.7871
vn 0.0277 0.6151 0.7880
vn 0.1359 0.6231 0.7702
vn 0.2518 0.6782 0.6904
vn 0.3495 0.7868 0.5088
vn 0.3518 0.9175 0.1858
vn 0.3194 0.8237 -0.4685
vn 0.2674 0.6979 -0.6644
vn 0.1873 0.6112 -0.7690
vn 0.1154 0.5602 -0.8203
vn 0.0682 0.5305 -0.8449
vn -0.0209 0.5316 -0.8467
vn -0.0764 0.5397 -0.8384
vn -0.0613 0.5769 -0.8145
vn -0.0146 0.6080 -0.7938
vn -0.6450 0.4098 0.6450
vn -0.7444 0.6677 -0.0000
vn -0.6351 0.7725 -0.0000
vn -0.5870 0.8096 -0.0000
vn -0.5732 0.8194 -0.0000
vn -0.4945 0.8692 -0.0000
vn -0.3164 0.9486 -0.0000
vn 0.2724 0.9170 -0.2914
vn 0.4420 0.8786 -0.1810
vn 0.4840 0.8740 -0.0443
vn 0.5040 0.8633 -0.0260
vn 0.4926 0.8702 -0.0000
vn 0.4331 0.9013 -0.0000
vn 0.3054 0.9522 -0.0000
vn -0.1759 0.9509 0.2548
vn -0.3505 0.9190 0.1805
vn -0.4242 0.9020 0.0801
vn -0.4368 0.8995 0.0138
vn -0.4391 0.8985 0.0028
vn -0.4016 0.9158 -0.0000
vn -0.4126 0.9101 0.0396
vn -0.4964 0.8616 0.1058
vn -0.6012 0.7852 0.1487
vn -0.7101 0.6776 0.1913
vn -0.7832 0.6031 0.1513
vn -0.8178 0.5703 0.0772
vn -0.8211 0.5708 0.0026
vn -0.8079 0.5893 -0.0000
vn -0.8113 0.5843 0.0222
vn -0.8219 0.5688 0.0321
vn -0.8226 0.5687 0.0008
vn -0.7916 0.6110 -0.0000
vn -0.7370 0.6759 -0.0000
vn -0.6936 0.7203 -0.0000
vn -0.7241 0.6864 0.0676
vn -0.7618 0.6423 0.0843
vn -0.7922 0.6059 0.0735
vn -0.8059 0.5911 0.0330
vn -0.7983 0.6022 -0.0000
vn -0.7766 0.6300 -0.0000
vn -0.7653 0.6436 0.0012
vn -0.7685 0.6398 0.0077
vn -0.7774 0.6286 0.0223
vn -0.7881 0.6149 0.0276
vn -0.4511 0.7701 -0.4511
vn 0.1895 0.8472 -0.4963
vn 0.1766 0.9255 -0.3352
vn 0.1433 0.9755 -0.1672
vn 0.1397 0.9834 0.1156
vn 0.1729 0.9432 0.2837
vn 0.1299 0.9062 0.4024
vn 0.0254 0.9040 0.4269
vn -0.1039 0.8994 0.4247
vn -0.2213 0.9185 0.3276
vn -0.2078 0.9717 0.1124
vn -0.0420 0.9894 -0.1391
vn 0.0092 0.9902 -0.1393
vn -0.0350 0.9858 -0.1644
vn -0.1386 0.9450 -0.2962
vn -0.2412 0.8308 -0.5016
vn -0.2172 0.7242 -0.6545
vn -0.0917 0.6915 -0.7165
vn 0.0412 0.6938 -0.7189
vn 0.0850 0.7128 -0.6962
vn -0.0182 0.7499 -0.6613
vn -0.0703 0.7123 -0.6984
vn -0.1394 0.6338 -0.7608
vn -0.1727 0.5415 -0.8227
vn -0.1412 0.4778 -0.8671
vn -0.0386 0.4659 -0.8840
vn 0.0362 0.4659 -0.8841
vn 0.0646 0.4806 -0.8746
vn 0.0585 0.5094 -0.8585
vn 0.0161 0.5370 -0.8434
vn -0.0552 0.5181 -0.8535
vn -0.0869 0.4779 -0.8741
vn -0.0405 0.4622 -0.8859
vn 0.0435 0.4621 -0.8857
vn 0.1273 0.4771 -0.8696
vn 0.1849 0.5314 -0.8267
vn 0.2865 0.6110 -0.7379
vn 0.3676 0.7480 -0.5526
vn 0.3750 0.8999 -0.2226
vn 0.2824 0.8586 0.4278
vn 0.2299 0.7596 0.6084
vn 0.1002 0.7253 0.6811
vn 0.0312 0.7129 0.7006
vn 0.0584 0.6822 0.7288
vn 0.1027 0.6268 0.7724
vn 0.1031 0.5750 0.8116
vn 0.0685 0.5440 0.8363
vn 0.0289 0.5317 0.8464
vn -0.0047 0.5320 0.8468
vn -0.0048 0.5341 0.8454
vn -0.5905 0.7975 -0.1234
vn 0.1855 0.9711 -0.1502
vn 0.1891 0.9652 -0.1808
vn 0.1647 0.9704 -0.1768
vn 0.1377 0.9781 -0.1559
vn 0.1177 0.9805 -0.1575
vn 0.0638 0.9739 -0.2180
vn -0.0152 0.9573 -0.2887
vn -0.0985 0.9438 -0.3156
vn -0.1709 0.9504 -0.2597
vn -0.1264 0.9747 -0.1843
vn 0.0356 0.9933 -0.1100
vn 0.0616 0.9920 -0.1099
vn -0.0089 0.9995 -0.0313
vn -0.1268 0.9918 -0.0125
vn -0.2302 0.9731 -0.0123
vn -0.1904 0.9809 0.0404
vn -0.0162 0.9892 0.1453
vn 0.1425 0.9323 0.3324
vn 0.1534 0.9160 0.3707
vn -0.0434 0.9261 0.3748
vn -0.1860 0.9178 0.3508
vn -0.2973 0.9199 0.2559
vn -0.3423 0.9255 0.1619
vn -0.2706 0.9554 0.1184
vn -0.0388 0.9901 0.1349
vn 0.0878 0.9783 0.1877
vn 0.0926 0.9845 0.1491
vn 0.0339 0.9969 0.0705
vn -0.0491 0.9963 0.0705
vn -0.1179 0.9928 -0.0205
vn -0.1326 0.9910 -0.0205
vn -0.0212 0.9994 0.0273
vn 0.1481 0.9779 0.1477
vn 0.2802 0.9446 0.1708
vn 0.3177 0.9343 0.1616
vn 0.3838 0.9165 0.1125
vn 0.4010 0.9138 0.0641
vn 0.3630 0.9309 0.0404
vn 0.3139 0.9485 0.0432
vn 0.2969 0.9535 0.0517
vn 0.1148 0.9929 0.0316
vn -0.0195 0.9993 -0.0314
vn -0.0070 0.9995 -0.0314
vn 0.0687 0.9901 -0.1228
vn 0.1217 0.9697 -0.2119
vn 0.0738 0.9622 -0.2620
vn -0.0096 0.9520 -0.3060
vn -0.0551 0.9148 -0.4001
vn -0.0279 0.9084 -0.4171
vn -0.6573 0.7463 -0.1046
vn 0.1187 0.9833 -0.1379
vn 0.1564 0.9665 -0.2034
vn 0.1546 0.9597 -0.2347
vn 0.1164 0.9628 -0.2437
vn 0.0569 0.9631 -0.2629
vn 0.0178 0.9483 -0.3167
vn -0.0079 0.9368 -0.3497
vn -0.0338 0.9562 -0.2909
vn -0.0726 0.9782 -0.1943
vn -0.0248 0.9953 -0.0935
vn 0.1243 0.9879 -0.0928
vn 0.1155 0.9921 0.0499
vn 0.0109 0.9975 0.0699
vn -0.1171 0.9907 0.0694
vn -0.1923 0.9782 0.0781
vn -0.1283 0.9847 0.1180
vn 0.0412 0.9710 0.2355
vn 0.1805 0.9471 0.2655
vn 0.1714 0.9452 0.2780
vn -0.0611 0.9576 0.2817
vn -0.2462 0.9340 0.2588
vn -0.3281 0.9233 0.1997
vn -0.3165 0.9329 0.1717
vn -0.1956 0.9588 0.2059
vn 0.0284 0.9590 0.2818
vn 0.0939 0.9326 0.3485
vn 0.0316 0.9539 0.2983
vn -0.0746 0.9518 0.2976
vn -0.1518 0.9692 0.1941
vn -0.1379 0.9862 0.0917
vn -0.1036 0.9921 0.0713
vn 0.0131 0.9948 0.1008
vn 0.1673 0.9741 0.1519
vn 0.2802 0.9487 0.1467
vn 0.3009 0.9454 0.1256
vn 0.3339 0.9404 0.0650
vn 0.3493 0.9370 0.0028
vn 0.3340 0.9426 0.0029
vn 0.3123 0.9495 -0.0309
vn 0.3017 0.9528 -0.0330
vn 0.1123 0.9932 -0.0292
vn -0.0416 0.9977 -0.0541
vn -0.0543 0.9934 -0.1012
vn 0.0096 0.9948 -0.1014
vn 0.0843 0.9837 -0.1589
vn 0.0387 0.9796 -0.1973
vn -0.0485 0.9621 -0.2683
vn -0.0775 0.9550 -0.2863
vn -0.0228 0.9595 -0.2809
vn -0.7086 0.6995 -0.0925
vn 0.0539 0.9899 -0.1310
vn 0.1188 0.9739 -0.1934
vn 0.1372 0.9635 -0.2297
vn 0.0916 0.9644 -0.2481
vn 0.0119 0.9621 -0.2724
vn 0.0059 0.9497 -0.3132
vn 0.0348 0.9455 -0.3237
vn 0.0604 0.9568 -0.2843
vn 0.0444 0.9958 -0.0796
vn 0.0749 0.9940 -0.0795
vn 0.1971 0.9759 0.0942
vn 0.1516 0.9796 0.1321
vn 0.0165 0.9901 0.1392
vn -0.1175 0.9834 0.1383
vn -0.1749 0.9752 0.1358
vn -0.1246 0.9803 0.1533
vn 0.0256 0.9896 0.1414
vn 0.1593 0.9808 0.1125
vn 0.1585 0.9830 0.0930
vn -0.0615 0.9937 0.0940
vn -0.2481 0.9643 0.0931
vn -0.2904 0.9519 0.0979
vn -0.2286 0.9623 0.1474
vn -0.0823 0.9657 0.2461
vn 0.0920 0.9097 0.4049
vn 0.1043 0.9036 0.4155
vn -0.0140 0.9246 0.3806
vn -0.1577 0.9132 0.3758
vn -0.2305 0.9275 0.2942
vn -0.1550 0.9638 0.2171
vn -0.0957 0.9753 0.1993
vn 0.0115 0.9787 0.2048
vn 0.1511 0.9706 0.1875
vn 0.2558 0.9537 0.1583
vn 0.2762 0.9521 0.1313
vn 0.2826 0.9563 0.0749
vn 0.2945 0.9556 0.0131
vn 0.2981 0.9544 0.0131
vn 0.2973 0.9544 -0.0270
vn 0.2890 0.9563 -0.0438
vn 0.1072 0.9924 -0.0597
vn -0.0453 0.9966 -0.0687
vn -0.0713 0.9938 -0.0855
vn -0.0194 0.9932 -0.1145
vn 0.0606 0.9916 -0.1143
vn 0.0242 0.9901 -0.1384
vn -0.0507 0.9868 -0.1537
vn -0.0594 0.9893 -0.1333
vn 0.0139 0.9952 -0.0966
vn -0.7545 0.6491 -0.0970
vn 0.0439 0.9881 -0.1477
vn 0.1203 0.9803 -0.1564
vn 0.1422 0.9776 -0.1553
vn 0.0797 0.9850 -0.1534
vn -0.0164 0.9807 -0.1950
vn 0.0064 0.9808 -0.1951
vn 0.0738 0.9782 -0.1943
vn 0.1323 0.9788 -0.1566
vn 0.1295 0.9878 -0.0868
vn 0.1452 0.9870 0.0695
vn 0.2356 0.9658 0.1086
vn 0.1632 0.9791 0.1218
vn 0.0081 0.9933 0.1151
vn -0.1269 0.9853 0.1142
vn -0.1797 0.9782 0.1043
vn -0.1662 0.9810 0.1004
vn -0.0388 0.9975 0.0599
vn 0.1002 0.9950 -0.0047
vn 0.1323 0.9890 -0.0658
vn -0.0311 0.9975 -0.0632
vn -0.1897 0.9818 0.0007
vn -0.2044 0.9789 0.0007
vn -0.1221 0.9879 0.0959
vn 0.0131 0.9784 0.2065
vn 0.1365 0.9337 0.3311
vn 0.1287 0.9277 0.3506
vn -0.0155 0.9353 0.3535
vn -0.1820 0.9202 0.3465
vn -0.2555 0.9121 0.3206
vn -0.1605 0.9401 0.3007
vn -0.0985 0.9505 0.2947
vn -0.0027 0.9604 0.2785
vn 0.1263 0.9587 0.2550
vn 0.2282 0.9470 0.2260
vn 0.2542 0.9451 0.2055
vn 0.2447 0.9545 0.1703
vn 0.2479 0.9609 0.1233
vn 0.2540 0.9642 0.0766
vn 0.2565 0.9660 0.0323
vn 0.2434 0.9698 -0.0172
vn 0.0643 0.9978 -0.0177
vn -0.0793 0.9923 -0.0950
vn -0.1017 0.9869 -0.1254
vn -0.0468 0.9871 -0.1529
vn 0.0430 0.9873 -0.1529
vn 0.0313 0.9850 -0.1698
vn -0.0164 0.9915 -0.1292
vn -0.0078 0.9969 -0.0778
vn 0.0662 0.9948 -0.0776
vn -0.7990 0.5908 -0.1122
vn 0.1010 0.9774 -0.1856
vn 0.1833 0.9747 -0.1277
vn 0.1930 0.9791 -0.0643
vn 0.0946 0.9954 -0.0139
vn -0.0287 0.9995 -0.0118
vn 0.0048 0.9999 -0.0118
vn 0.0757 0.9970 -0.0135
vn 0.1366 0.9905 -0.0130
vn 0.1438 0.9896 -0.0102
vn 0.1598 0.9870 0.0184
vn 0.2242 0.9745 0.0046
vn 0.1479 0.9890 0.0047
vn 0.0022 0.9999 -0.0124
vn -0.1218 0.9925 -0.0122
vn -0.1802 0.9836 -0.0116
vn -0.1926 0.9805 -0.0380
vn -0.0820 0.9933 -0.0818
vn 0.0599 0.9948 -0.0819
vn 0.1218 0.9852 -0.1210
vn 0.0166 0.9963 -0.0847
vn -0.1059 0.9944 0.0016
vn -0.1114 0.9938 0.0016
vn -0.0405 0.9944 0.0977
vn 0.0607 0.9727 0.2239
vn 0.1483 0.9620 0.2291
vn 0.1427 0.9607 0.2382
vn -0.0032 0.9706 0.2407
vn -0.1782 0.9520 0.2487
vn -0.2587 0.9321 0.2534
vn -0.1690 0.9505 0.2608
vn -0.0993 0.9613 0.2570
vn -0.0011 0.9660 0.2586
vn 0.1215 0.9597 0.2535
vn 0.2141 0.9478 0.2362
vn 0.2326 0.9488 0.2139
vn 0.2139 0.9593 0.1842
vn 0.2092 0.9670 0.1453
vn 0.2082 0.9732 0.0980
vn 0.2009 0.9788 0.0396
vn 0.1727 0.9844 -0.0345
vn 0.0086 0.9993 -0.0350
vn -0.1136 0.9857 -0.1245
vn -0.1313 0.9793 -0.1541
vn -0.0797 0.9790 -0.1874
vn 0.0079 0.9821 -0.1880
vn 0.0182 0.9750 -0.2213
vn 0.0042 0.9768 -0.2142
vn 0.0351 0.9762 -0.2141
vn 0.1091 0.9791 -0.1719
vn -0.8342 0.5421 -0.1011
vn 0.1432 0.9729 -0.1815
vn 0.2354 0.9622 -0.1372
vn 0.2407 0.9670 -0.0832
vn 0.1151 0.9928 -0.0340
vn -0.0208 0.9998 -0.0055
vn 0.0279 0.9995 0.0176
vn 0.0793 0.9966 0.0212
vn 0.1129 0.9936 -0.0029
vn 0.1107 0.9938 -0.0029
vn 0.1217 0.9919 -0.0365
vn 0.1688 0.9828 -0.0747
vn 0.1206 0.9839 -0.1321
vn 0.0206 0.9870 -0.1592
vn -0.0823 0.9914 -0.1020
vn -0.1591 0.9840 -0.0801
vn -0.1786 0.9817 -0.0657
vn -0.0861 0.9938 -0.0705
vn 0.0417 0.9966 -0.0707
vn 0.1137 0.9896 -0.0884
vn 0.0552 0.9937 -0.0974
vn -0.0257 0.9994 0.0217
vn -0.0221 0.9995 0.0217
vn 0.0327 0.9933 0.1110
vn 0.0987 0.9709 0.2180
vn 0.1477 0.9653 0.2156
vn 0.1282 0.9712 0.2009
vn -0.0259 0.9789 0.2025
vn -0.2053 0.9626 0.1768
vn -0.2875 0.9461 0.1491
vn -0.1934 0.9728 0.1277
vn -0.0929 0.9897 0.1091
vn 0.0180 0.9903 0.1377
vn 0.1309 0.9810 0.1431
vn 0.2010 0.9718 0.1233
vn 0.1926 0.9783 0.0768
vn 0.1622 0.9866 0.0197
vn 0.1627 0.9865 0.0197
vn 0.1693 0.9851 -0.0310
vn 0.1596 0.9845 -0.0724
vn 0.1104 0.9872 -0.1152
vn 0.0022 0.9841 -0.1775
vn -0.0790 0.9856 -0.1494
vn -0.1122 0.9852 -0.1295
vn -0.1029 0.9830 -0.1521
vn -0.0573 0.9747 -0.2159
vn -0.0433 0.9607 -0.2740
vn -0.0153 0.9563 -0.2921
vn 0.0581 0.9548 -0.2916
vn 0.1491 0.9520 -0.2672
vn -0.8572 0.5099 -0.0725
vn 0.1365 0.9808 -0.1395
vn 0.2340 0.9614 -0.1445
vn 0.2449 0.9586 -0.1453
vn 0.1184 0.9827 -0.1426
vn 0.0034 0.9933 -0.1155
vn 0.0762 0.9904 -0.1151
vn 0.1015 0.9926 -0.0667
vn 0.0917 0.9948 -0.0443
vn 0.0617 0.9959 -0.0658
vn 0.0598 0.9916 -0.1146
vn 0.1021 0.9794 -0.1744
vn 0.1012 0.9662 -0.2372
vn 0.0586 0.9653 -0.2543
vn -0.0261 0.9860 -0.1648
vn -0.1350 0.9809 -0.1403
vn -0.1521 0.9818 -0.1139
vn -0.0768 0.9914 -0.1060
vn 0.0299 0.9939 -0.1063
vn 0.1022 0.9878 -0.1173
vn 0.0819 0.9883 -0.1287
vn 0.0331 0.9942 -0.1022
vn 0.0407 0.9982 -0.0437
vn 0.0806 0.9945 0.0669
vn 0.1238 0.9882 0.0899
vn 0.1503 0.9846 0.0892
vn 0.1200 0.9896 0.0790
vn -0.0422 0.9959 0.0795
vn -0.2263 0.9721 0.0621
vn -0.3106 0.9496 0.0422
vn -0.2162 0.9761 0.0207
vn -0.0741 0.9973 -0.0015
vn 0.0550 0.9970 0.0548
vn 0.1537 0.9852 0.0764
vn 0.1901 0.9797 0.0634
vn 0.1385 0.9903 0.0077
vn 0.0944 0.9955 0.0077
vn 0.1086 0.9922 -0.0613
vn 0.1324 0.9845 -0.1154
vn 0.1274 0.9802 -0.1516
vn 0.0583 0.9813 -0.1833
vn 0.0095 0.9725 -0.2327
vn -0.0353 0.9823 -0.1841
vn -0.0949 0.9814 -0.1670
vn -0.1379 0.9697 -0.2014
vn -0.1358 0.9511 -0.2775
vn -0.1140 0.9320 -0.3440
vn -0.0393 0.9293 -0.3673
vn 0.0827 0.9268 -0.3664
vn 0.1942 0.9209 -0.3379
vn -0.8693 0.4926 -0.0412
vn 0.0804 0.9933 -0.0830
vn 0.1771 0.9744 -0.1382
vn 0.2024 0.9596 -0.1952
vn 0.1007 0.9657 -0.2394
vn 0.0354 0.9662 -0.2553
vn 0.1369 0.9652 -0.2229
vn 0.1421 0.9765 -0.1622
vn 0.0897 0.9886 -0.1213
vn 0.0226 0.9921 -0.1232
vn 0.0017 0.9869 -0.1612
vn 0.0498 0.9750 -0.2163
vn 0.0959 0.9598 -0.2639
vn 0.1005 0.9582 -0.2680
vn 0.0231 0.9829 -0.1824
vn -0.1252 0.9771 -0.1721
vn -0.1410 0.9767 -0.1617
vn -0.0810 0.9825 -0.1676
vn 0.0080 0.9857 -0.1681
vn 0.0827 0.9786 -0.1884
vn 0.0960 0.9738 -0.2059
vn 0.0651 0.9793 -0.1917
vn 0.0718 0.9845 -0.1601
vn 0.1022 0.9864 -0.1287
vn 0.1350 0.9851 -0.1063
vn 0.1584 0.9828 -0.0946
vn 0.1367 0.9868 -0.0866
vn -0.0207 0.9986 -0.0487
vn -0.2102 0.9772 -0.0304
vn -0.3079 0.9510 -0.0264
vn -0.2295 0.9724 -0.0412
vn -0.0501 0.9986 -0.0182
vn 0.0982 0.9948 0.0252
vn 0.1837 0.9814 0.0555
vn 0.1865 0.9811 0.0516
vn 0.0889 0.9960 0.0020
vn 0.0306 0.9995 0.0020
vn 0.0586 0.9964 -0.0620
vn 0.1008 0.9886 -0.1116
vn 0.1031 0.9843 -0.1431
vn 0.0182 0.9856 -0.1681
vn 0.0054 0.9783 -0.2070
vn -0.0239 0.9795 -0.2000
vn -0.1109 0.9702 -0.2152
vn -0.1906 0.9450 -0.2658
vn -0.2065 0.9197 -0.3339
vn -0.1640 0.9091 -0.3828
vn -0.0439 0.9189 -0.3921
vn 0.1222 0.9129 -0.3895
vn 0.2488 0.9048 -0.3456
vn -0.8742 0.4853 -0.0179
vn 0.0125 0.9992 -0.0368
vn 0.1023 0.9893 -0.1041
vn 0.1454 0.9731 -0.1786
vn 0.0788 0.9682 -0.2373
vn 0.0653 0.9639 -0.2582
vn 0.1925 0.9549 -0.2261
vn 0.1909 0.9666 -0.1711
vn 0.1128 0.9859 -0.1233
vn 0.0136 0.9948 -0.1009
vn -0.0292 0.9897 -0.1403
vn 0.0242 0.9898 -0.1403
vn 0.0958 0.9816 -0.1653
vn 0.1210 0.9785 -0.1671
vn 0.0367 0.9880 -0.1502
vn -0.1456 0.9770 -0.1555
vn -0.1730 0.9669 -0.1873
vn -0.1250 0.9646 -0.2323
vn -0.0402 0.9594 -0.2791
vn 0.0503 0.9590 -0.2790
vn 0.0992 0.9469 -0.3059
vn 0.0778 0.9504 -0.3011
vn 0.0840 0.9541 -0.2876
vn 0.1113 0.9554 -0.2737
vn 0.1433 0.9546 -0.2611
vn 0.1760 0.9526 -0.2481
vn 0.1874 0.9559 -0.2263
vn 0.0539 0.9829 -0.1762
vn -0.1421 0.9893 -0.0319
vn -0.2695 0.9629 0.0112
vn -0.2288 0.9734 0.0114
vn -0.0337 0.9994 0.0127
vn 0.1260 0.9904 0.0571
vn 0.2035 0.9760 0.0771
vn 0.1859 0.9796 0.0769
vn 0.0585 0.9971 0.0478
vn -0.0099 0.9999 0.0075
vn 0.0248 0.9997 0.0075
vn 0.0773 0.9967 -0.0264
vn 0.0843 0.9952 -0.0507
vn -0.0096 0.9974 -0.0707
vn -0.0248 0.9914 -0.1284
vn -0.0655 0.9835 -0.1689
vn -0.1687 0.9599 -0.2238
vn -0.2525 0.9257 -0.2816
vn -0.2537 0.9106 -0.3263
vn -0.1768 0.9233 -0.3411
vn -0.0141 0.9477 -0.3189
vn 0.1841 0.9316 -0.3135
vn 0.3131 0.9163 -0.2499
vn -0.8709 0.4914 -0.0000
vn -0.0224 0.9993 0.0294
vn 0.0390 0.9992 -0.0055
vn 0.0819 0.9942 -0.0696
vn 0.0499 0.9895 -0.1355
vn 0.0842 0.9827 -0.1650
vn 0.2264 0.9633 -0.1445
vn 0.2325 0.9660 -0.1127
vn 0.1544 0.9853 -0.0723
vn 0.0395 0.9987 -0.0310
vn -0.0301 0.9995 -0.0058
vn 0.0110 0.9999 -0.0058
vn 0.0746 0.9970 -0.0192
vn 0.0936 0.9947 -0.0419
vn 0.0031 0.9974 -0.0714
vn -0.1822 0.9732 -0.1400
vn -0.2177 0.9585 -0.1841
vn -0.1797 0.9542 -0.2393
vn -0.0976 0.9502 -0.2961
vn 0.0064 0.9547 -0.2975
vn 0.0836 0.9384 -0.3353
vn 0.0673 0.9348 -0.3487
vn 0.0804 0.9309 -0.3563
vn 0.1162 0.9271 -0.3564
vn 0.1547 0.9248 -0.3475
vn 0.1934 0.9235 -0.3311
vn 0.2340 0.9222 -0.3079
vn 0.1364 0.9549 -0.2637
vn -0.0432 0.9952 -0.0875
vn -0.1921 0.9814 -0.0037
vn -0.1929 0.9812 -0.0038
vn 0.0040 0.9994 0.0346
vn 0.1597 0.9815 0.1058
vn 0.2223 0.9670 0.1249
vn 0.1885 0.9735 0.1296
vn 0.0501 0.9910 0.1238
vn -0.0236 0.9920 0.1240
vn 0.0012 0.9962 0.0871
vn 0.0438 0.9976 0.0537
vn 0.0465 0.9988 0.0156
vn -0.0431 0.9989 -0.0178
vn -0.0882 0.9928 -0.0811
vn -0.1414 0.9776 -0.1562
vn -0.2225 0.9527 -0.2073
vn -0.2731 0.9361 -0.2215
vn -0.2431 0.9485 -0.2032
vn -0.1413 0.9764 -0.1635
vn 0.0348 0.9857 -0.1650
vn 0.2305 0.9664 -0.1133
vn 0.3439 0.9363 -0.0715
vn -0.8577 0.5142 -0.0000
vn -0.0136 0.9945 0.1035
vn -0.0220 0.9984 0.0517
vn -0.0142 0.9989 -0.0447
vn -0.0079 0.9990 -0.0447
vn 0.0889 0.9908 -0.1021
vn 0.2351 0.9673 -0.0958
vn 0.2575 0.9623 -0.0876
vn 0.1952 0.9788 -0.0628
vn 0.0762 0.9969 -0.0214
vn -0.0289 0.9995 0.0154
vn -0.0189 0.9997 0.0166
vn 0.0267 0.9996 -0.0132
vn 0.0411 0.9973 -0.0611
vn -0.0398 0.9870 -0.1556
vn -0.1909 0.9681 -0.1623
vn -0.1959 0.9708 -0.1381
vn -0.1712 0.9771 -0.1262
vn -0.1221 0.9814 -0.1481
vn -0.0432 0.9793 -0.1976
vn 0.0338 0.9797 -0.1976
vn 0.0209 0.9685 -0.2482
vn 0.0535 0.9547 -0.2929
vn 0.1124 0.9416 -0.3174
vn 0.1635 0.9332 -0.3201
vn 0.1901 0.9309 -0.3119
vn 0.2131 0.9250 -0.3147
vn 0.1387 0.9307 -0.3384
vn 0.0123 0.9574 -0.2884
vn -0.1004 0.9740 -0.2032
vn -0.1053 0.9875 -0.1173
vn 0.1024 0.9878 -0.1173
vn 0.2339 0.9705 0.0575
vn 0.2545 0.9628 0.0903
vn 0.1858 0.9786 0.0881
vn 0.0411 0.9959 0.0804
vn -0.0242 0.9965 0.0804
vn -0.0167 0.9967 0.0800
vn -0.0024 0.9999 0.0159
vn -0.0194 0.9997 0.0159
vn -0.1018 0.9889 -0.1086
vn -0.1682 0.9676 -0.1884
vn -0.1937 0.9509 -0.2413
vn -0.2029 0.9536 -0.2223
vn -0.1869 0.9738 -0.1298
vn -0.1315 0.9913 -0.0095
vn -0.0686 0.9976 -0.0096
vn 0.0461 0.9960 0.0771
vn 0.1913 0.9810 0.0332
vn 0.2902 0.9565 -0.0288
vn 0.0722 0.9861 0.1499
vn -0.0112 0.9886 0.1502
vn -0.0630 0.9851 0.1603
vn -0.0503 0.9924 0.1121
vn 0.0821 0.9946 0.0627
vn 0.2203 0.9744 0.0449
vn 0.2598 0.9645 0.0463
vn 0.2191 0.9731 0.0717
vn 0.1057 0.9890 0.1030
vn -0.0315 0.9941 0.1035
vn -0.0600 0.9931 0.1007
vn -0.0349 0.9976 0.0597
vn -0.0207 0.9998 -0.0018
vn -0.0813 0.9912 -0.1046
vn -0.1823 0.9789 -0.0925
vn -0.1389 0.9898 -0.0327
vn -0.1294 0.9915 0.0116
vn -0.1297 0.9915 0.0116
vn -0.0988 0.9939 -0.0496
vn -0.0344 0.9982 -0.0498
vn -0.0289 0.9855 -0.1673
vn 0.0376 0.9852 -0.1672
vn 0.1272 0.9749 -0.1829
vn 0.1858 0.9676 -0.1708
vn 0.1747 0.9723 -0.1552
vn 0.1420 0.9735 -0.1793
vn 0.0813 0.9626 -0.2586
vn 0.0151 0.9486 -0.3160
vn -0.0288 0.9682 -0.2486
vn -0.0021 0.9886 -0.1505
vn 0.1915 0.9703 -0.1477
vn 0.2730 0.9604 -0.0562
vn 0.2401 0.9706 -0.0148
vn 0.1384 0.9899 -0.0319
vn 0.0198 0.9964 -0.0821
vn 0.0017 0.9970 -0.0775
vn 0.0073 0.9985 -0.0536
vn -0.0090 0.9982 -0.0601
vn -0.0593 0.9932 -0.0999
vn -0.1532 0.9766 -0.1509
vn -0.2372 0.9465 -0.2189
vn -0.2169 0.9455 -0.2430
vn -0.1295 0.9764 -0.1726
vn -0.0219 0.9997 -0.0067
vn 0.0407 0.9991 -0.0067
vn 0.0133 0.9863 0.1644
vn 0.0270 0.9741 0.2243
vn 0.0980 0.9863 0.1328
vn 0.1833 0.9829 0.0175
vn -0.8526 0.5223 -0.0155
vn 0.2221 0.9673 0.1226
vn 0.0867 0.9714 0.2209
vn -0.0315 0.9746 0.2216
vn -0.0513 0.9668 0.2505
vn 0.0696 0.9687 0.2383
vn 0.1876 0.9602 0.2067
vn 0.2384 0.9530 0.1869
vn 0.2180 0.9572 0.1902
vn 0.1162 0.9717 0.2054
vn -0.0414 0.9775 0.2066
vn -0.1029 0.9752 0.1957
vn -0.0938 0.9837 0.1531
vn -0.0760 0.9926 0.0945
vn -0.1118 0.9930 0.0391
vn -0.1631 0.9866 0.0087
vn -0.0814 0.9962 0.0296
vn -0.0922 0.9919 0.0876
vn -0.1400 0.9824 0.1236
vn -0.1521 0.9820 0.1121
vn -0.0944 0.9938 0.0583
vn -0.0549 0.9981 -0.0275
vn 0.0517 0.9983 -0.0275
vn 0.1665 0.9858 0.0241
vn 0.2167 0.9748 0.0533
vn 0.1464 0.9890 0.0227
vn 0.0394 0.9990 0.0229
vn -0.0123 0.9965 -0.0832
vn -0.0168 0.9778 -0.2087
vn 0.0135 0.9858 -0.1675
vn 0.0834 0.9824 -0.1670
vn 0.2317 0.9694 -0.0804
vn 0.2438 0.9690 -0.0399
vn 0.1528 0.9856 -0.0728
vn 0.0355 0.9858 -0.1639
vn -0.0158 0.9653 -0.2607
vn 0.0495 0.9550 -0.2925
vn 0.0786 0.9657 -0.2473
vn 0.0449 0.9828 -0.1789
vn -0.0442 0.9928 -0.1113
vn -0.1750 0.9758 -0.1313
vn -0.2797 0.9449 -0.1701
vn -0.2130 0.9630 -0.1654
vn -0.0281 0.9973 -0.0671
vn 0.1539 0.9820 0.1093
vn 0.1960 0.9448 0.2627
vn 0.0784 0.9416 0.3275
vn -0.0028 0.9532 0.3024
vn -0.0065 0.9784 0.2067
vn 0.0606 0.9945 0.0851
vn -0.8668 0.4952 -0.0584
vn 0.3709 0.9223 -0.1088
vn 0.2324 0.9520 0.1993
vn 0.0663 0.9527 0.2965
vn -0.0101 0.9548 0.2972
vn 0.0663 0.9411 0.3315
vn 0.1621 0.9371 0.3091
vn 0.2120 0.9343 0.2865
vn 0.1997 0.9408 0.2739
vn 0.1044 0.9575 0.2687
vn -0.0614 0.9610 0.2697
vn -0.1374 0.9589 0.2484
vn -0.1324 0.9678 0.2142
vn -0.1065 0.9786 0.1760
vn -0.1211 0.9820 0.1448
vn -0.1448 0.9803 0.1340
vn -0.0616 0.9864 0.1522
vn -0.0947 0.9808 0.1703
vn -0.1698 0.9715 0.1652
vn -0.1970 0.9712 0.1339
vn -0.1255 0.9881 0.0888
vn -0.0466 0.9973 0.0576
vn 0.0913 0.9902 0.1055
vn 0.2133 0.9649 0.1531
vn 0.2429 0.9527 0.1824
vn 0.1196 0.9795 0.1622
vn -0.0336 0.9952 0.0920
vn -0.0783 0.9927 0.0917
vn -0.0444 0.9987 0.0258
vn 0.0339 0.9992 0.0187
vn 0.1269 0.9900 0.0615
vn 0.2037 0.9786 0.0305
vn 0.1421 0.9894 0.0309
vn 0.0072 0.9970 -0.0765
vn -0.0905 0.9379 -0.3349
vn -0.0573 0.9261 -0.3728
vn 0.0988 0.9231 -0.3716
vn 0.1705 0.9308 -0.3233
vn 0.1441 0.9610 -0.2360
vn 0.0304 0.9973 -0.0663
vn -0.1507 0.9878 -0.0393
vn -0.2817 0.9588 -0.0359
vn -0.1871 0.9823 -0.0067
vn 0.0514 0.9960 0.0727
vn 0.2578 0.9496 0.1783
vn 0.2840 0.9212 0.2658
vn 0.1183 0.9427 0.3119
vn -0.0207 0.9492 0.3140
vn -0.0707 0.9522 0.2971
vn -0.0234 0.9872 0.1577
vn -0.8837 0.4620 -0.0749
vn 0.4596 0.8767 -0.1421
vn 0.3553 0.9303 0.0911
vn 0.1804 0.9615 0.2075
vn 0.0529 0.9612 0.2706
vn 0.0799 0.9562 0.2817
vn 0.1623 0.9469 0.2775
vn 0.2064 0.9409 0.2686
vn 0.1921 0.9460 0.2613
vn 0.0945 0.9622 0.2553
vn -0.0703 0.9642 0.2558
vn -0.1400 0.9592 0.2458
vn -0.1356 0.9604 0.2436
vn -0.1110 0.9643 0.2403
vn -0.1187 0.9649 0.2344
vn -0.1394 0.9622 0.2341
vn -0.0918 0.9669 0.2380
vn -0.1419 0.9680 0.2068
vn -0.2152 0.9638 0.1576
vn -0.2260 0.9678 0.1113
vn -0.1261 0.9885 0.0834
vn -0.0200 0.9963 0.0835
vn 0.1318 0.9799 0.1497
vn 0.2507 0.9501 0.1858
vn 0.2631 0.9423 0.2070
vn 0.1123 0.9718 0.2072
vn -0.0256 0.9777 0.2084
vn -0.0577 0.9749 0.2152
vn -0.0226 0.9720 0.2337
vn 0.0460 0.9631 0.2653
vn 0.1133 0.9603 0.2548
vn 0.1002 0.9826 0.1564
vn -0.0189 0.9998 -0.0034
vn -0.1509 0.9753 -0.1612
vn -0.1985 0.9440 -0.2634
vn -0.0875 0.9517 -0.2942
vn 0.1312 0.9471 -0.2928
vn 0.2338 0.9368 -0.2602
vn 0.2244 0.9535 -0.2015
vn 0.1171 0.9853 -0.1240
vn -0.0759 0.9964 -0.0373
vn -0.2217 0.9744 0.0380
vn -0.1367 0.9852 0.1037
vn 0.0816 0.9794 0.1847
vn 0.2699 0.9436 0.1918
vn 0.2961 0.9344 0.1979
vn 0.1439 0.9632 0.2271
vn 0.0023 0.9733 0.2295
vn -0.0685 0.9656 0.2509
vn -0.0475 0.9660 0.2543
vn -0.8952 0.4432 -0.0476
vn 0.5128 0.8536 -0.0916
vn 0.4223 0.9052 0.0485
vn 0.2510 0.9602 0.1224
vn 0.0975 0.9809 0.1685
vn 0.0781 0.9832 0.1649
vn 0.1390 0.9810 0.1354
vn 0.1955 0.9738 0.1163
vn 0.2064 0.9704 0.1252
vn 0.1309 0.9782 0.1610
vn -0.0154 0.9866 0.1623
vn -0.0807 0.9731 0.2159
vn -0.1095 0.9560 0.2723
vn -0.1233 0.9474 0.2952
vn -0.1398 0.9493 0.2815
vn -0.1373 0.9557 0.2603
vn -0.1056 0.9592 0.2624
vn -0.1545 0.9566 0.2472
vn -0.2165 0.9485 0.2310
vn -0.2195 0.9490 0.2264
vn -0.1252 0.9646 0.2322
vn -0.0185 0.9725 0.2320
vn 0.1422 0.9596 0.2429
vn 0.2677 0.9284 0.2578
vn 0.2779 0.9200 0.2765
vn 0.1198 0.9479 0.2952
vn 0.0113 0.9547 0.2973
vn -0.0179 0.9439 0.3298
vn -0.0028 0.9318 0.3631
vn 0.0389 0.9265 0.3743
vn 0.0757 0.9361 0.3435
vn -0.0468 0.9762 0.2118
vn -0.1973 0.9580 0.2079
vn -0.2851 0.9523 -0.1092
vn -0.2580 0.9516 -0.1671
vn -0.0702 0.9858 -0.1526
vn 0.1397 0.9785 -0.1515
vn 0.2209 0.9644 -0.1452
vn 0.2116 0.9634 -0.1649
vn 0.1371 0.9737 -0.1819
vn 0.0176 0.9973 -0.0710
vn -0.0965 0.9936 0.0589
vn -0.0371 0.9976 0.0591
vn 0.1277 0.9708 0.2029
vn 0.2701 0.9423 0.1975
vn 0.2877 0.9393 0.1869
vn 0.1858 0.9545 0.2331
vn 0.0596 0.9550 0.2906
vn -0.0526 0.9554 0.2907
vn -0.0961 0.9480 0.3035
vn -0.8867 0.4623 -0.0000
vn 0.5186 0.8497 0.0948
vn 0.4227 0.9004 0.1032
vn 0.2527 0.9611 0.1116
vn 0.1025 0.9876 0.1191
vn 0.0506 0.9945 0.0915
vn 0.0714 0.9972 0.0218
vn 0.1462 0.9890 0.0216
vn 0.2042 0.9785 -0.0304
vn 0.1797 0.9831 -0.0344
vn 0.0756 0.9916 0.1049
vn 0.0114 0.9944 0.1052
vn -0.0731 0.9779 0.1958
vn -0.1452 0.9621 0.2309
vn -0.1745 0.9618 0.2109
vn -0.1252 0.9756 0.1805
vn -0.0735 0.9779 0.1959
vn -0.1029 0.9683 0.2278
vn -0.1553 0.9486 0.2756
vn -0.1717 0.9284 0.3296
vn -0.1255 0.9207 0.3696
vn -0.0517 0.9288 0.3668
vn 0.1067 0.9462 0.3055
vn 0.2502 0.9262 0.2822
vn 0.2781 0.9187 0.2805
vn 0.1318 0.9446 0.3007
vn 0.0393 0.9436 0.3286
vn -0.0033 0.9444 0.3289
vn -0.0172 0.9396 0.3417
vn 0.0022 0.9555 0.2950
vn 0.0290 0.9679 0.2495
vn -0.1693 0.9544 0.2460
vn -0.3175 0.9405 0.1207
vn -0.3431 0.9370 -0.0656
vn -0.2487 0.9671 -0.0542
vn -0.0163 0.9999 -0.0011
vn 0.1251 0.9921 -0.0011
vn 0.1523 0.9882 -0.0175
vn 0.1390 0.9861 -0.0913
vn 0.1155 0.9791 -0.1676
vn 0.1096 0.9758 -0.1893
vn 0.0557 0.9970 0.0534
vn 0.0773 0.9830 0.1666
vn 0.1733 0.9623 0.2098
vn 0.2617 0.9449 0.1969
vn 0.2716 0.9456 0.1790
vn 0.2278 0.9479 0.2227
vn 0.1112 0.9547 0.2759
vn -0.0582 0.9591 0.2771
vn -0.1782 0.9467 0.2683
vn -0.8436 0.5370 -0.0000
vn 0.4733 0.8444 0.2510
vn 0.3637 0.9082 0.2073
vn 0.1930 0.9682 0.1593
vn 0.0681 0.9894 0.1282
vn 0.0004 0.9969 0.0788
vn -0.0307 0.9993 -0.0233
vn 0.0595 0.9980 -0.0233
vn 0.1712 0.9792 -0.1092
vn 0.2099 0.9676 -0.1406
vn 0.1639 0.9804 -0.1089
vn 0.1021 0.9923 0.0707
vn -0.0360 0.9968 0.0710
vn -0.1652 0.9804 0.1078
vn -0.2030 0.9750 0.0901
vn -0.0932 0.9935 0.0651
vn 0.0080 0.9950 0.0996
vn 0.0091 0.9836 0.1803
vn -0.0427 0.9573 0.2860
vn -0.0977 0.9182 0.3838
vn -0.1293 0.8882 0.4409
vn -0.1072 0.8938 0.4355
vn 0.0354 0.9439 0.3282
vn 0.1997 0.9411 0.2727
vn 0.2588 0.9339 0.2467
vn 0.1389 0.9561 0.2580
vn 0.0429 0.9639 0.2628
vn -0.0281 0.9644 0.2629
vn -0.0727 0.9682 0.2392
vn -0.0655 0.9803 0.1865
vn -0.0231 0.9974 0.0678
vn -0.2452 0.9672 0.0658
vn -0.3579 0.9324 -0.0508
vn -0.3278 0.9442 -0.0335
vn -0.1825 0.9826 -0.0349
vn 0.0447 0.9943 0.0965
vn 0.0986 0.9927 0.0698
vn 0.0685 0.9975 -0.0151
vn 0.0513 0.9986 -0.0151
vn 0.0827 0.9911 -0.1039
vn 0.1891 0.9726 -0.1355
vn 0.1859 0.9797 0.0751
vn 0.1681 0.9717 0.1662
vn 0.2025 0.9599 0.1939
vn 0.2456 0.9536 0.1740
vn 0.2550 0.9544 0.1550
vn 0.2591 0.9480 0.1851
vn 0.1392 0.9666 0.2154
vn -0.0900 0.9721 0.2166
vn -0.2743 0.9446 0.1804
vn -0.7301 0.6833 -0.0000
vn 0.4111 0.8364 0.3625
vn 0.2808 0.9081 0.3106
vn 0.1085 0.9632 0.2460
vn 0.0126 0.9806 0.1956
vn -0.0601 0.9789 0.1953
vn -0.1366 0.9814 0.1352
vn -0.0433 0.9986 0.0292
vn 0.1129 0.9909 -0.0730
vn 0.2113 0.9687 -0.1304
vn 0.2159 0.9678 -0.1291
vn 0.1580 0.9845 -0.0764
vn -0.0085 0.9999 0.0076
vn -0.1687 0.9856 0.0075
vn -0.2057 0.9786 0.0048
vn -0.0453 0.9990 0.0029
vn 0.1037 0.9838 0.1463
vn 0.1275 0.9569 0.2609
vn 0.0696 0.9287 0.3642
vn -0.0297 0.9306 0.3649
vn -0.1385 0.8974 0.4188
vn -0.1620 0.8972 0.4108
vn -0.0356 0.9288 0.3689
vn 0.1412 0.9589 0.2460
vn 0.2292 0.9505 0.2097
vn 0.1353 0.9686 0.2084
vn 0.0185 0.9823 0.1861
vn -0.0841 0.9790 0.1855
vn -0.1500 0.9801 0.1301
vn -0.1412 0.9885 0.0542
vn -0.0665 0.9957 -0.0645
vn -0.2663 0.9601 -0.0851
vn -0.3461 0.9356 -0.0699
vn -0.2802 0.9598 -0.0187
vn -0.1150 0.9932 -0.0193
vn 0.0752 0.9939 0.0807
vn 0.0779 0.9952 0.0599
vn 0.0239 0.9996 0.0154
vn 0.0101 0.9998 0.0154
vn 0.0758 0.9968 -0.0258
vn 0.2444 0.9691 -0.0323
vn 0.2550 0.9622 0.0960
vn 0.2071 0.9688 0.1362
vn 0.2252 0.9678 0.1121
vn 0.2465 0.9639 0.1006
vn 0.2783 0.9533 0.1173
vn 0.1453 0.9815 0.1248
vn -0.1266 0.9840 0.1251
vn -0.3424 0.9357 0.0851
vn -0.5277 0.8495 -0.0000
vn 0.3983 0.8432 0.3611
vn 0.2530 0.8980 0.3600
vn 0.0738 0.9362 0.3436
vn -0.0245 0.9385 0.3444
vn -0.1125 0.9441 0.3097
vn -0.2118 0.9435 0.2549
vn -0.1316 0.9748 0.1803
vn 0.0369 0.9992 0.0163
vn 0.1735 0.9847 0.0161
vn 0.2091 0.9776 -0.0251
vn 0.1511 0.9879 -0.0344
vn -0.0067 0.9992 -0.0405
vn -0.1519 0.9881 -0.0229
vn -0.1717 0.9851 0.0126
vn 0.0125 0.9998 0.0128
vn 0.1795 0.9729 0.1456
vn 0.2052 0.9535 0.2209
vn 0.1351 0.9493 0.2839
vn 0.0049 0.9580 0.2866
vn -0.1455 0.9378 0.3152
vn -0.1861 0.9315 0.3124
vn -0.0688 0.9512 0.3007
vn 0.1016 0.9674 0.2320
vn 0.1949 0.9615 0.1937
vn 0.1118 0.9787 0.1721
vn -0.0244 0.9846 0.1732
vn -0.1346 0.9823 0.1299
vn -0.1938 0.9778 0.0793
vn -0.1720 0.9845 0.0354
vn -0.0836 0.9964 -0.0130
vn -0.2699 0.9628 -0.0153
vn -0.3440 0.9389 -0.0117
vn -0.2799 0.9600 -0.0116
vn -0.1275 0.9915 -0.0246
vn 0.0435 0.9987 -0.0248
vn 0.0751 0.9956 -0.0567
vn 0.0563 0.9966 -0.0596
vn 0.0615 0.9977 -0.0272
vn 0.1274 0.9889 0.0763
vn 0.2744 0.9556 0.1071
vn 0.2616 0.9583 0.1150
vn 0.1937 0.9757 0.1022
vn 0.1781 0.9812 0.0738
vn 0.1999 0.9787 0.0458
vn 0.2421 0.9694 0.0396
vn 0.2802 0.9591 0.0393
vn 0.1362 0.9902 0.0302
vn -0.1418 0.9894 0.0302
vn -0.3541 0.9351 0.0148
vn -0.3359 0.9419 -0.0000
vn 0.4389 0.8600 0.2602
vn 0.2988 0.8999 0.3175
vn 0.1075 0.9262 0.3613
vn -0.0263 0.9313 0.3633
vn -0.1516 0.9215 0.3575
vn -0.2643 0.9124 0.3126
vn -0.2032 0.9435 0.2618
vn -0.0468 0.9801 0.1931
vn 0.1047 0.9937 0.0412
vn 0.1458 0.9890 -0.0246
vn 0.0737 0.9970 -0.0248
vn -0.0468 0.9886 -0.1429
vn -0.1334 0.9832 -0.1244
vn -0.1090 0.9921 -0.0616
vn 0.0968 0.9934 -0.0617
vn 0.2788 0.9522 0.1250
vn 0.2947 0.9307 0.2166
vn 0.2027 0.9361 0.2874
vn 0.0425 0.9439 0.3274
vn -0.1268 0.9371 0.3251
vn -0.1704 0.9252 0.3392
vn -0.0893 0.9303 0.3556
vn 0.0324 0.9606 0.2761
vn 0.1058 0.9764 0.1885
vn 0.0391 0.9923 0.1173
vn -0.0894 0.9891 0.1169
vn -0.1559 0.9864 0.0519
vn -0.1617 0.9863 0.0312
vn -0.1128 0.9915 0.0653
vn -0.0549 0.9906 0.1256
vn -0.2655 0.9527 0.1480
vn -0.3624 0.9207 0.1445
vn -0.3271 0.9371 0.1215
vn -0.1983 0.9776 0.0706
vn -0.0190 0.9998 -0.0020
vn 0.0576 0.9963 -0.0643
vn 0.0826 0.9932 -0.0816
vn 0.1173 0.9916 -0.0550
vn 0.1890 0.9799 0.0639
vn 0.3113 0.9449 0.1015
vn 0.2911 0.9472 0.1343
vn 0.2086 0.9658 0.1538
vn 0.1627 0.9766 0.1410
vn 0.1597 0.9820 0.1008
vn 0.2025 0.9775 0.0587
vn 0.2396 0.9708 0.0143
vn 0.0936 0.9955 0.0147
vn -0.1636 0.9852 -0.0507
vn -0.3528 0.9345 -0.0469
vn -0.2195 0.9756 -0.0000
vn 0.4782 0.8653 0.1505
vn 0.3573 0.9092 0.2136
vn 0.1585 0.9494 0.2713
vn -0.0175 0.9614 0.2747
vn -0.1728 0.9445 0.2794
vn -0.2782 0.9256 0.2568
vn -0.2237 0.9418 0.2510
vn -0.0871 0.9677 0.2365
vn 0.0434 0.9893 0.1392
vn 0.0556 0.9973 0.0488
vn -0.0308 0.9983 0.0489
vn -0.0960 0.9899 -0.1043
vn -0.1063 0.9914 -0.0763
vn -0.0283 0.9996 0.0047
vn 0.1779 0.9802 0.0870
vn 0.3450 0.9255 0.1561
vn 0.3411 0.9173 0.2053
vn 0.2288 0.9445 0.2357
vn 0.0537 0.9664 0.2513
vn -0.0975 0.9632 0.2504
vn -0.1147 0.9530 0.2803
vn -0.0679 0.9393 0.3362
vn -0.0120 0.9481 0.3179
vn 0.0087 0.9732 0.2296
vn -0.0594 0.9716 0.2292
vn -0.1670 0.9770 0.1323
vn -0.1632 0.9851 0.0542
vn -0.0891 0.9949 0.0470
vn -0.0042 0.9927 0.1208
vn -0.0014 0.9743 0.2253
vn -0.2518 0.9307 0.2654
vn -0.3810 0.8872 0.2602
vn -0.3816 0.8952 0.2304
vn -0.2808 0.9446 0.1702
vn -0.0881 0.9925 0.0850
vn 0.0064 0.9999 0.0159
vn 0.0526 0.9980 -0.0355
vn 0.1156 0.9911 -0.0654
vn 0.2106 0.9753 -0.0660
vn 0.3410 0.9391 -0.0419
vn 0.3436 0.9380 0.0451
vn 0.2570 0.9617 0.0956
vn 0.1723 0.9793 0.1065
vn 0.1245 0.9897 0.0712
vn 0.1480 0.9889 0.0142
vn 0.1894 0.9818 0.0141
vn 0.0638 0.9972 -0.0394
vn -0.1570 0.9857 -0.0619
vn -0.3245 0.9455 -0.0270
vn -0.1509 0.9885 -0.0000
vn 0.4913 0.8678 0.0745
vn 0.3860 0.9166 0.1045
vn 0.1877 0.9727 0.1363
vn -0.0121 0.9903 0.1387
vn -0.1662 0.9758 0.1424
vn -0.2395 0.9589 0.1521
vn -0.1806 0.9627 0.2016
vn -0.0684 0.9657 0.2504
vn 0.0123 0.9707 0.2400
vn -0.0329 0.9872 0.1561
vn -0.1224 0.9803 0.1550
vn -0.1318 0.9892 0.0634
vn -0.0696 0.9972 0.0277
vn 0.0511 0.9883 0.1435
vn 0.2282 0.9542 0.1935
vn 0.3535 0.9142 0.1982
vn 0.3204 0.9308 0.1760
vn 0.1873 0.9729 0.1356
vn 0.0212 0.9943 0.1046
vn -0.0622 0.9926 0.1044
vn -0.0154 0.9897 0.1423
vn 0.0097 0.9704 0.2413
vn -0.0016 0.9494 0.3141
vn -0.0508 0.9450 0.3230
vn -0.1512 0.9521 0.2657
vn -0.2432 0.9544 0.1731
vn -0.1738 0.9801 0.0955
vn -0.0188 0.9962 0.0855
vn 0.0994 0.9621 0.2540
vn 0.0520 0.9511 0.3044
vn -0.2356 0.9256 0.2963
vn -0.3946 0.8710 0.2928
vn -0.4228 0.8649 0.2704
vn -0.3433 0.9112 0.2278
vn -0.1441 0.9755 0.1664
vn -0.0726 0.9912 0.1107
vn -0.0381 0.9988 0.0320
vn 0.0449 0.9973 -0.0586
vn 0.1785 0.9757 -0.1272
vn 0.3491 0.9248 -0.1512
vn 0.3911 0.9103 -0.1357
vn 0.3134 0.9461 -0.0811
vn 0.1980 0.9800 -0.0212
vn 0.1038 0.9946 0.0043
vn 0.1002 0.9948 -0.0169
vn 0.1591 0.9851 -0.0649
vn 0.0756 0.9924 -0.0966
vn -0.1039 0.9941 -0.0300
vn -0.2602 0.9651 -0.0292
vn 0.4751 0.8773 0.0677
vn 0.3714 0.9270 0.0525
vn 0.1768 0.9833 0.0428
vn -0.0158 0.9989 0.0435
vn -0.1331 0.9903 0.0396
vn -0.1605 0.9842 0.0747
vn -0.0927 0.9828 0.1598
vn -0.0083 0.9688 0.2478
vn 0.0125 0.9528 0.3035
vn -0.0916 0.9488 0.3022
vn -0.1760 0.9538 0.2436
vn -0.1468 0.9707 0.1901
vn -0.0398 0.9838 0.1749
vn 0.0985 0.9637 0.2483
vn 0.2374 0.9375 0.2546
vn 0.3092 0.9292 0.2023
vn 0.2374 0.9646 0.1153
vn 0.0864 0.9962 0.0137
vn -0.0441 0.9977 -0.0516
vn -0.0315 0.9993 -0.0206
vn 0.0958 0.9913 0.0907
vn 0.1208 0.9723 0.2001
vn 0.0603 0.9636 0.2603
vn -0.0586 0.9637 0.2603
vn -0.2139 0.9447 0.2485
vn -0.3064 0.9342 0.1826
vn -0.2020 0.9722 0.1188
vn 0.0058 0.9958 0.0914
vn 0.1548 0.9736 0.1676
vn 0.0875 0.9754 0.2021
vn -0.2193 0.9554 0.1980
vn -0.3974 0.8939 0.2076
vn -0.4401 0.8730 0.2101
vn -0.3701 0.9063 0.2042
vn -0.1729 0.9670 0.1874
vn -0.1488 0.9760 0.1588
vn -0.1485 0.9855 0.0822
vn -0.0611 0.9890 -0.1344
vn 0.1126 0.9846 -0.1338
vn 0.3425 0.9205 -0.1881
vn 0.4189 0.8887 -0.1865
vn 0.3471 0.9248 -0.1555
vn 0.2168 0.9688 -0.1202
vn 0.0969 0.9901 -0.1013
vn 0.0780 0.9911 -0.1079
vn 0.1663 0.9777 -0.1280
vn 0.1320 0.9839 -0.1203
vn -0.0126 0.9995 0.0275
vn -0.1716 0.9848 0.0271
vn 0.1345 0.9737 0.1840
vn 0.4428 0.8871 0.1301
vn 0.3344 0.9375 0.0962
vn 0.1493 0.9861 0.0731
vn -0.0127 0.9972 0.0739
vn -0.0880 0.9932 0.0767
vn -0.0909 0.9884 0.1217
vn -0.0244 0.9814 0.1906
vn 0.0357 0.9547 0.2956
vn 0.0179 0.9536 0.3006
vn -0.1179 0.9471 0.2986
vn -0.1957 0.9426 0.2708
vn -0.1565 0.9549 0.2522
vn -0.0434 0.9689 0.2437
vn 0.0945 0.9674 0.2348
vn 0.2121 0.9561 0.2021
vn 0.2394 0.9632 0.1225
vn 0.1388 0.9901 0.0211
vn -0.0082 0.9997 0.0213
vn -0.0954 0.9876 -0.1245
vn -0.0149 0.9939 -0.1088
vn 0.1626 0.9808 -0.1074
vn 0.2043 0.9780 0.0432
vn 0.1300 0.9852 0.1119
vn -0.0310 0.9931 0.1128
vn -0.2392 0.9612 0.1376
vn -0.3461 0.9315 0.1125
vn -0.2467 0.9662 0.0746
vn -0.0359 0.9989 0.0296
vn 0.1295 0.9915 -0.0120
vn 0.0819 0.9958 -0.0404
vn -0.1934 0.9810 -0.0153
vn -0.3645 0.9311 -0.0145
vn -0.4125 0.9103 0.0342
vn -0.3517 0.9325 0.0826
vn -0.1769 0.9772 0.1171
vn -0.1917 0.9747 0.1146
vn -0.2131 0.9744 0.0715
vn -0.1304 0.9894 -0.0640
vn 0.0618 0.9960 -0.0644
vn 0.3319 0.9369 -0.1097
vn 0.4196 0.8995 -0.1214
vn 0.3461 0.9292 -0.1299
vn 0.2188 0.9660 -0.1378
vn 0.1066 0.9847 -0.1379
vn 0.0967 0.9871 -0.1279
vn 0.2097 0.9719 -0.1073
vn 0.2058 0.9766 -0.0631
vn 0.0787 0.9916 0.1031
vn -0.0880 0.9908 0.1030
vn 0.2215 0.9712 0.0873
vn 0.4393 0.8954 0.0729
vn 0.3445 0.9347 0.0873
vn 0.1863 0.9739 0.1298
vn 0.0482 0.9804 0.1913
vn -0.0187 0.9813 0.1915
vn -0.0397 0.9660 0.2556
vn -0.0140 0.9536 0.3009
vn 0.0071 0.9589 0.2836
vn -0.0271 0.9586 0.2835
vn -0.1548 0.9587 0.2384
vn -0.2294 0.9522 0.2016
vn -0.1834 0.9678 0.1727
vn -0.0625 0.9866 0.1507
vn 0.0793 0.9902 0.1153
vn 0.1851 0.9793 0.0819
vn 0.1924 0.9808 0.0307
vn 0.0947 0.9954 -0.0137
vn -0.0289 0.9990 -0.0345
vn -0.0881 0.9958 -0.0262
vn 0.0147 0.9999 0.0033
vn 0.1931 0.9806 0.0339
vn 0.2179 0.9748 0.0480
vn 0.1214 0.9918 0.0393
vn -0.0615 0.9973 0.0395
vn -0.2698 0.9627 -0.0213
vn -0.3493 0.9367 -0.0221
vn -0.2487 0.9683 -0.0244
vn -0.0586 0.9971 -0.0479
vn 0.0831 0.9954 -0.0478
vn 0.0345 0.9949 -0.0947
vn -0.1650 0.9799 -0.1117
vn -0.3053 0.9514 -0.0413
vn -0.3621 0.9319 0.0197
vn -0.3346 0.9421 0.0199
vn -0.2168 0.9753 0.0420
vn -0.2388 0.9700 -0.0462
vn -0.2394 0.9681 -0.0738
vn -0.1398 0.9865 -0.0849
vn 0.0553 0.9948 -0.0857
vn 0.3075 0.9475 -0.0877
vn 0.3981 0.9106 -0.1112
vn 0.3530 0.9251 -0.1400
vn 0.2656 0.9545 -0.1358
vn 0.1821 0.9793 -0.0885
vn 0.1611 0.9856 0.0520
vn 0.2425 0.9664 0.0849
vn 0.2417 0.9625 0.1235
vn 0.1406 0.9720 0.1881
vn -0.0001 0.9818 0.1900
vn 0.2354 0.9718 0.0137
vn 0.4451 0.8953 0.0185
vn 0.3770 0.9246 0.0554
vn 0.2543 0.9586 0.1284
vn 0.1347 0.9669 0.2167
vn 0.0563 0.9558 0.2887
vn -0.0055 0.9573 0.2892
vn -0.0402 0.9467 0.3195
vn -0.0670 0.9531 0.2952
vn -0.1054 0.9687 0.2248
vn -0.1996 0.9688 0.1468
vn -0.2701 0.9574 0.1024
vn -0.2154 0.9744 0.0641
vn -0.0837 0.9959 0.0340
vn 0.0642 0.9979 -0.0023
vn 0.1651 0.9863 -0.0022
vn 0.1781 0.9837 -0.0235
vn 0.1054 0.9937 -0.0388
vn 0.0105 0.9999 0.0113
vn -0.0352 0.9993 0.0113
vn 0.0517 0.9935 0.1012
vn 0.1921 0.9763 0.0993
vn 0.1763 0.9827 0.0567
vn 0.0438 0.9988 -0.0209
vn -0.1464 0.9835 -0.1063
vn -0.3102 0.9390 -0.1486
vn -0.3355 0.9323 -0.1353
vn -0.2288 0.9659 -0.1209
vn -0.0697 0.9883 -0.1353
vn 0.0285 0.9904 -0.1356
vn -0.0337 0.9816 -0.1880
vn -0.1395 0.9635 -0.2283
vn -0.2369 0.9589 -0.1564
vn -0.3078 0.9468 -0.0943
vn -0.3255 0.9417 -0.0848
vn -0.2723 0.9510 -0.1466
vn -0.2678 0.9464 -0.1807
vn -0.2167 0.9626 -0.1625
vn -0.0846 0.9902 -0.1114
vn 0.0996 0.9888 -0.1113
vn 0.2832 0.9569 -0.0645
vn 0.3631 0.9275 -0.0890
vn 0.3616 0.9231 -0.1309
vn 0.3283 0.9365 -0.1232
vn 0.2823 0.9577 -0.0568
vn 0.2422 0.9611 0.1325
vn 0.2561 0.9552 0.1482
vn 0.2384 0.9601 0.1462
vn 0.1657 0.9709 0.1731
vn 0.0702 0.9676 0.2427
vn 0.2454 0.9694 0.0107
vn 0.4419 0.8970 0.0057
vn 0.3966 0.9176 0.0283
vn 0.3072 0.9478 0.0850
vn 0.2085 0.9648 0.1605
vn 0.1205 0.9670 0.2245
vn 0.0160 0.9690 0.2465
vn -0.0794 0.9661 0.2457
vn -0.1512 0.9665 0.2074
vn -0.1867 0.9744 0.1252
vn -0.2389 0.9700 0.0444
vn -0.3026 0.9527 -0.0287
vn -0.2384 0.9697 -0.0531
vn -0.0960 0.9931 -0.0669
vn 0.0578 0.9961 -0.0671
vn 0.1579 0.9848 -0.0726
vn 0.1877 0.9790 -0.0791
vn 0.1450 0.9870 -0.0692
vn 0.0760 0.9965 0.0363
vn 0.0328 0.9988 0.0364
vn 0.0846 0.9870 0.1365
vn 0.1719 0.9784 0.1147
vn 0.1041 0.9937 0.0422
vn -0.0667 0.9955 -0.0680
vn -0.2496 0.9528 -0.1729
vn -0.3575 0.9070 -0.2224
vn -0.3296 0.9171 -0.2244
vn -0.2178 0.9496 -0.2253
vn -0.0898 0.9639 -0.2505
vn -0.0314 0.9515 -0.3060
vn -0.0976 0.9264 -0.3637
vn -0.1154 0.9311 -0.3461
vn -0.1671 0.9439 -0.2848
vn -0.2491 0.9415 -0.2270
vn -0.3112 0.9258 -0.2145
vn -0.3140 0.9119 -0.2642
vn -0.2682 0.9234 -0.2745
vn -0.1506 0.9638 -0.2201
vn 0.0204 0.9924 -0.1215
vn 0.1791 0.9765 -0.1196
vn 0.2674 0.9628 -0.0383
vn 0.3189 0.9462 -0.0549
vn 0.3590 0.9275 -0.1043
vn 0.3749 0.9208 -0.1079
vn 0.3649 0.9293 -0.0563
vn 0.3189 0.9405 0.1171
vn 0.2623 0.9569 0.1249
vn 0.2112 0.9726 0.0966
vn 0.1599 0.9830 0.0898
vn 0.1147 0.9844 0.1332
vn 0.3196 0.9441 0.0806
vn 0.4126 0.9100 0.0420
vn 0.3741 0.9272 0.0161
vn 0.3056 0.9520 0.0136
vn 0.2323 0.9720 0.0361
vn 0.1555 0.9854 0.0693
vn 0.0296 0.9961 0.0832
vn -0.1047 0.9910 0.0828
vn -0.2050 0.9770 0.0586
vn -0.2370 0.9705 -0.0446
vn -0.2600 0.9633 -0.0670
vn -0.3136 0.9463 -0.0788
vn -0.2395 0.9674 -0.0823
vn -0.0876 0.9932 -0.0761
vn 0.0700 0.9946 -0.0762
vn 0.1660 0.9841 -0.0631
vn 0.2014 0.9780 -0.0546
vn 0.1741 0.9839 -0.0410
vn 0.1194 0.9923 0.0322
vn 0.0767 0.9941 0.0763
vn 0.1047 0.9899 0.0958
vn 0.1522 0.9856 0.0744
vn 0.0425 0.9990 0.0132
vn -0.1558 0.9848 -0.0768
vn -0.3331 0.9288 -0.1623
vn -0.4096 0.8865 -0.2151
vn -0.3543 0.9014 -0.2491
vn -0.2430 0.9267 -0.2865
vn -0.1333 0.9328 -0.3348
vn -0.0897 0.9170 -0.3886
vn -0.1410 0.8939 -0.4256
vn -0.0924 0.9066 -0.4117
vn -0.1065 0.9257 -0.3630
vn -0.1921 0.9308 -0.3109
vn -0.2868 0.9147 -0.2848
vn -0.3313 0.8940 -0.3018
vn -0.2484 0.9236 -0.2919
vn -0.0696 0.9719 -0.2249
vn 0.1267 0.9664 -0.2237
vn 0.2573 0.9594 -0.1159
vn 0.2630 0.9642 -0.0348
vn 0.2765 0.9602 -0.0394
vn 0.3401 0.9366 -0.0844
vn 0.3890 0.9153 -0.1044
vn 0.4067 0.9094 -0.0875
vn 0.3734 0.9269 -0.0386
vn 0.2715 0.9620 0.0291
vn 0.1859 0.9826 0.0022
vn 0.1441 0.9896 0.0022
vn 0.1345 0.9908 -0.0147
vn 0.4813 0.8553 0.1917
vn 0.3362 0.9338 0.1222
vn 0.2774 0.9606 0.0155
vn 0.2120 0.9771 0.0158
vn 0.1722 0.9813 -0.0863
vn 0.1427 0.9786 -0.1482
vn 0.0435 0.9860 -0.1611
vn -0.0802 0.9891 -0.1231
vn -0.1835 0.9779 -0.1001
vn -0.2267 0.9699 -0.0891
vn -0.2554 0.9632 -0.0840
vn -0.2982 0.9523 -0.0656
vn -0.2148 0.9758 -0.0404
vn -0.0558 0.9984 -0.0092
vn 0.1030 0.9944 0.0238
vn 0.1887 0.9809 0.0467
vn 0.1995 0.9789 0.0446
vn 0.1575 0.9871 0.0278
vn 0.0980 0.9952 0.0063
vn 0.0605 0.9981 0.0063
vn 0.1009 0.9948 -0.0102
vn 0.1543 0.9879 -0.0144
vn 0.0414 0.9991 -0.0127
vn -0.1681 0.9854 -0.0258
vn -0.3633 0.9301 -0.0541
vn -0.4591 0.8824 -0.1026
vn -0.4207 0.8903 -0.1743
vn -0.3218 0.9100 -0.2613
vn -0.2122 0.9147 -0.3441
vn -0.1491 0.9039 -0.4008
vn -0.1606 0.8949 -0.4163
vn -0.0707 0.9128 -0.4023
vn -0.0591 0.9303 -0.3621
vn -0.1377 0.9408 -0.3097
vn -0.2457 0.9338 -0.2603
vn -0.3164 0.9198 -0.2319
vn -0.2229 0.9526 -0.2069
vn -0.0229 0.9858 -0.1665
vn 0.1749 0.9708 -0.1639
vn 0.2878 0.9509 -0.1140
vn 0.2649 0.9608 -0.0820
vn 0.2543 0.9639 -0.0795
vn 0.3153 0.9437 -0.1005
vn 0.3735 0.9192 -0.1246
vn 0.4058 0.9033 -0.1393
vn 0.3920 0.9095 -0.1383
vn 0.2919 0.9492 -0.1177
vn 0.1961 0.9758 -0.0963
vn 0.1516 0.9847 -0.0856
vn 0.1447 0.9864 -0.0775
vn 0.6082 0.7749 0.1722
vn 0.2340 0.9670 0.1007
vn 0.1297 0.9901 -0.0531
vn 0.0645 0.9965 -0.0534
vn 0.0795 0.9764 -0.2009
vn 0.1253 0.9503 -0.2849
vn 0.0743 0.9515 -0.2986
vn -0.0099 0.9788 -0.2045
vn -0.1002 0.9876 -0.1211
vn -0.1629 0.9852 -0.0534
vn -0.2303 0.9728 -0.0250
vn -0.2941 0.9556 -0.0195
vn -0.2309 0.9723 -0.0368
vn -0.0812 0.9947 -0.0631
vn 0.0983 0.9932 -0.0630
vn 0.2303 0.9709 -0.0661
vn 0.2545 0.9664 0.0351
vn 0.1999 0.9766 0.0796
vn 0.1118 0.9892 0.0950
vn 0.0394 0.9964 0.0746
vn 0.0579 0.9978 0.0314
vn 0.1334 0.9910 0.0097
vn 0.0510 0.9985 0.0195
vn -0.1407 0.9899 0.0193
vn -0.3506 0.9354 0.0449
vn -0.4864 0.8720 0.0556
vn -0.4798 0.8763 -0.0428
vn -0.4132 0.9000 -0.1389
vn -0.3223 0.9127 -0.2514
vn -0.2461 0.9054 -0.3461
vn -0.2087 0.8966 -0.3905
vn -0.0812 0.9098 -0.4070
vn -0.0312 0.9223 -0.3851
vn -0.0748 0.9410 -0.3300
vn -0.1708 0.9519 -0.2542
vn -0.2630 0.9458 -0.1903
vn -0.1858 0.9705 -0.1539
vn -0.0011 0.9908 -0.1352
vn 0.1783 0.9749 -0.1330
vn 0.2783 0.9520 -0.1273
vn 0.2527 0.9577 -0.1380
vn 0.2523 0.9561 -0.1491
vn 0.3278 0.9335 -0.1456
vn 0.3990 0.9082 -0.1261
vn 0.4392 0.8934 -0.0946
vn 0.4253 0.9032 -0.0574
vn 0.3096 0.9506 -0.0225
vn 0.1959 0.9806 -0.0054
vn 0.1440 0.9896 -0.0065
vn 0.1401 0.9900 -0.0149
vn 0.6651 0.7421 0.0827
vn 0.1669 0.9852 0.0382
vn 0.0253 0.9989 0.0388
vn -0.0432 0.9968 -0.0667
vn 0.0135 0.9849 -0.1724
vn 0.1103 0.9659 -0.2344
vn 0.0810 0.9646 -0.2511
vn 0.0299 0.9687 -0.2465
vn -0.0316 0.9893 -0.1425
vn -0.0917 0.9933 -0.0706
vn -0.1851 0.9825 -0.0223
vn -0.2785 0.9604 -0.0047
vn -0.2490 0.9682 -0.0238
vn -0.1211 0.9905 -0.0646
vn 0.0779 0.9948 -0.0649
vn 0.2777 0.9571 -0.0822
vn 0.3428 0.9371 0.0651
vn 0.2842 0.9459 0.1563
vn 0.1580 0.9652 0.2085
vn 0.0247 0.9799 0.1977
vn -0.0125 0.9914 0.1300
vn 0.0750 0.9946 0.0715
vn 0.0341 0.9979 0.0549
vn -0.1189 0.9914 0.0545
vn -0.3272 0.9421 0.0727
vn -0.4955 0.8639 0.0904
vn -0.5000 0.8626 0.0768
vn -0.4618 0.8856 0.0504
vn -0.4080 0.9083 -0.0922
vn -0.3485 0.9173 -0.1924
vn -0.2876 0.9200 -0.2663
vn -0.1310 0.9386 -0.3190
vn -0.0334 0.9458 -0.3229
vn -0.0248 0.9607 -0.2764
vn -0.0884 0.9770 -0.1941
vn -0.1926 0.9745 -0.1152
vn -0.1379 0.9883 -0.0655
vn 0.0208 0.9976 -0.0661
vn 0.1737 0.9838 -0.0436
vn 0.2584 0.9648 -0.0488
vn 0.2327 0.9698 -0.0728
vn 0.2501 0.9635 -0.0952
vn 0.3472 0.9328 -0.0963
vn 0.4333 0.8982 -0.0738
vn 0.4780 0.8777 -0.0344
vn 0.4558 0.8887 0.0495
vn 0.3187 0.9457 0.0635
vn 0.1870 0.9807 0.0569
vn 0.1301 0.9906 0.0434
vn 0.1343 0.9902 0.0376
vn 0.6584 0.7527 -0.0000
vn 0.1667 0.9858 -0.0212
vn 0.0121 0.9997 -0.0218
vn -0.0667 0.9961 -0.0584
vn -0.0052 0.9983 -0.0585
vn 0.0878 0.9931 -0.0771
vn 0.0395 0.9939 -0.1027
vn 0.0049 0.9893 -0.1461
vn -0.0217 0.9866 -0.1615
vn -0.0485 0.9917 -0.1192
vn -0.1264 0.9902 -0.0589
vn -0.2307 0.9730 -0.0064
vn -0.2286 0.9735 -0.0064
vn -0.1272 0.9918 0.0156
vn 0.0715 0.9974 0.0031
vn 0.3183 0.9469 0.0465
vn 0.4182 0.8985 0.1337
vn 0.3591 0.9066 0.2216
vn 0.2015 0.9394 0.2773
vn 0.0091 0.9631 0.2691
vn -0.0868 0.9595 0.2681
vn -0.0055 0.9928 0.1197
vn -0.0092 0.9970 0.0769
vn -0.1174 0.9901 0.0764
vn -0.3089 0.9482 0.0744
vn -0.4936 0.8654 0.0866
vn -0.4882 0.8681 0.0896
vn -0.4601 0.8815 0.1061
vn -0.4372 0.8930 0.1070
vn -0.4136 0.9076 0.0721
vn -0.3675 0.9271 -0.0743
vn -0.2051 0.9675 -0.1476
vn -0.0626 0.9821 -0.1777
vn 0.0032 0.9887 -0.1502
vn -0.0178 0.9967 -0.0790
vn -0.1203 0.9927 -0.0028
vn -0.0809 0.9967 -0.0028
vn 0.0537 0.9947 0.0882
vn 0.1773 0.9799 0.0911
vn 0.2408 0.9679 0.0716
vn 0.2067 0.9774 0.0444
vn 0.2244 0.9744 0.0158
vn 0.3334 0.9428 -0.0022
vn 0.4345 0.9007 -0.0021
vn 0.4897 0.8718 0.0130
vn 0.4722 0.8809 0.0335
vn 0.3277 0.9437 0.0455
vn 0.1873 0.9812 0.0475
vn 0.1303 0.9903 0.0482
vn 0.1418 0.9883 0.0558
vn 0.6049 0.7963 -0.0000
vn 0.2116 0.9709 -0.1119
vn 0.0710 0.9953 -0.0661
vn -0.0180 0.9998 -0.0071
vn 0.0208 0.9975 0.0677
vn 0.0633 0.9971 0.0428
vn -0.0349 0.9989 -0.0317
vn -0.0706 0.9918 -0.1069
vn -0.0654 0.9865 -0.1501
vn -0.0430 0.9885 -0.1451
vn -0.0683 0.9938 -0.0873
vn -0.1496 0.9887 -0.0020
vn -0.1563 0.9877 -0.0020
vn -0.0782 0.9942 0.0742
vn 0.0934 0.9850 0.1451
vn 0.3364 0.9278 0.1611
vn 0.4518 0.8699 0.1980
vn 0.3928 0.8868 0.2434
vn 0.2161 0.9376 0.2723
vn -0.0149 0.9602 0.2789
vn -0.1456 0.9562 0.2538
vn -0.0740 0.9772 0.1990
vn -0.0549 0.9897 0.1320
vn -0.1285 0.9880 0.0861
vn -0.2987 0.9516 0.0721
vn -0.4842 0.8716 0.0763
vn -0.4561 0.8853 0.0907
vn -0.4277 0.8940 0.1338
vn -0.4264 0.8881 0.1716
vn -0.4335 0.8832 0.1790
vn -0.4174 0.8962 0.1502
vn -0.2699 0.9583 0.0941
vn -0.1004 0.9945 0.0285
vn 0.0112 0.9999 -0.0086
vn 0.0279 0.9986 0.0451
vn -0.0632 0.9970 0.0450
vn -0.0229 0.9945 0.1024
vn 0.0986 0.9742 0.2029
vn 0.1967 0.9548 0.2229
vn 0.2340 0.9472 0.2194
vn 0.1770 0.9644 0.1965
vn 0.1627 0.9771 0.1368
vn 0.2625 0.9633 0.0567
vn 0.3790 0.9253 -0.0129
vn 0.4580 0.8889 -0.0124
vn 0.4650 0.8837 -0.0534
vn 0.3351 0.9399 -0.0661
vn 0.2020 0.9776 -0.0595
vn 0.1514 0.9875 -0.0446
vn 0.1660 0.9859 -0.0232
vn 0.5387 0.8425 -0.0000
vn 0.2399 0.9639 -0.1159
vn 0.1307 0.9875 -0.0881
vn 0.0488 0.9981 0.0386
vn 0.0674 0.9941 0.0851
vn 0.0592 0.9949 0.0812
vn -0.0839 0.9932 0.0810
vn -0.1329 0.9906 0.0318
vn -0.1153 0.9901 -0.0802
vn -0.0599 0.9935 -0.0972
vn -0.0301 0.9978 -0.0591
vn -0.0593 0.9977 0.0326
vn -0.0501 0.9982 0.0326
vn 0.0128 0.9902 0.1392
vn 0.1364 0.9539 0.2674
vn 0.3258 0.9115 0.2510
vn 0.4296 0.8769 0.2156
vn 0.3649 0.9125 0.1851
vn 0.1793 0.9719 0.1524
vn -0.0515 0.9866 0.1547
vn -0.1679 0.9788 0.1176
vn -0.0894 0.9910 0.1000
vn -0.0617 0.9944 0.0859
vn -0.1253 0.9890 0.0790
vn -0.2886 0.9541 0.0794
vn -0.4715 0.8779 0.0830
vn -0.4296 0.8973 0.1014
vn -0.4005 0.9062 0.1354
vn -0.4127 0.8955 0.1664
vn -0.4397 0.8798 0.1804
vn -0.4440 0.8793 0.1725
vn -0.3000 0.9424 0.1480
vn -0.1191 0.9858 0.1186
vn 0.0456 0.9920 0.1175
vn -0.0322 0.9925 0.1176
vn 0.0285 0.9799 0.1974
vn 0.1548 0.9556 0.2506
vn 0.2376 0.9271 0.2897
vn 0.2474 0.9188 0.3076
vn 0.1521 0.9434 0.2948
vn 0.0673 0.9755 0.2096
vn 0.1229 0.9902 0.0659
vn 0.2456 0.9672 0.0644
vn 0.3646 0.9275 -0.0826
vn 0.4218 0.8871 -0.1874
vn 0.3317 0.9126 -0.2391
vn 0.2237 0.9444 -0.2409
vn 0.1850 0.9588 -0.2155
vn 0.1955 0.9643 -0.1785
vn 0.4268 0.9043 -0.0000
vn 0.2444 0.9564 -0.1601
vn 0.2131 0.9646 -0.1552
vn 0.1757 0.9819 -0.0710
vn 0.1640 0.9743 0.1542
vn 0.0718 0.9830 0.1690
vn -0.1174 0.9787 0.1682
vn -0.1821 0.9743 0.1329
vn -0.1572 0.9841 0.0824
vn -0.0721 0.9966 0.0403
vn 0.0050 0.9996 0.0284
vn 0.0028 0.9980 0.0634
vn 0.0024 0.9922 0.1248
vn 0.0330 0.9802 0.1953
vn 0.1212 0.9769 0.1761
vn 0.2814 0.9530 0.1125
vn 0.3680 0.9295 0.0224
vn 0.3087 0.9509 0.0229
vn 0.1528 0.9870 -0.0506
vn -0.0353 0.9973 -0.0640
vn -0.1348 0.9905 -0.0285
vn -0.0696 0.9975 -0.0083
vn -0.0544 0.9985 -0.0007
vn -0.1201 0.9928 -0.0007
vn -0.2705 0.9627 0.0048
vn -0.4384 0.8985 0.0238
vn -0.4095 0.9097 0.0689
vn -0.3911 0.9154 0.0955
vn -0.4064 0.9073 0.1081
vn -0.4324 0.8939 0.1180
vn -0.4368 0.8899 0.1318
vn -0.3167 0.9363 0.1518
vn -0.1634 0.9767 0.1389
vn -0.0390 0.9947 0.0952
vn 0.0207 0.9996 0.0201
vn 0.0010 0.9998 0.0202
vn 0.1132 0.9840 0.1373
vn 0.2484 0.9416 0.2272
vn 0.3114 0.9024 0.2978
vn 0.2882 0.8942 0.3425
vn 0.1481 0.9238 0.3530
vn -0.0351 0.9632 0.2665
vn -0.0670 0.9942 0.0847
vn 0.0328 0.9959 0.0848
vn 0.2002 0.9708 -0.1319
vn 0.3502 0.8914 -0.2878
vn 0.3464 0.8694 -0.3524
vn 0.2834 0.8993 -0.3331
vn 0.2416 0.9314 -0.2721
vn 0.2127 0.9532 -0.2151
vn 0.2905 0.9569 -0.0000
vn 0.2069 0.9648 -0.1624
vn 0.2743 0.9412 -0.1971
vn 0.3030 0.9439 -0.1311
vn 0.2775 0.9532 0.1201
vn 0.1074 0.9814 0.1593
vn -0.1116 0.9809 0.1592
vn -0.1831 0.9694 0.1634
vn -0.1513 0.9750 0.1624
vn -0.0524 0.9843 0.1684
vn 0.0386 0.9749 0.2191
vn 0.0244 0.9705 0.2398
vn -0.0174 0.9707 0.2398
vn -0.0336 0.9747 0.2210
vn 0.0287 0.9976 0.0633
vn 0.1865 0.9816 -0.0411
vn 0.2665 0.9630 -0.0403
vn 0.2465 0.9568 -0.1541
vn 0.1603 0.9624 -0.2194
vn 0.0351 0.9768 -0.2112
vn -0.0650 0.9952 -0.0737
vn -0.0323 0.9988 -0.0365
vn -0.0409 0.9989 -0.0230
vn -0.1108 0.9938 -0.0134
vn -0.2385 0.9711 -0.0131
vn -0.3808 0.9245 0.0202
vn -0.3944 0.9146 0.0896
vn -0.4004 0.9101 0.1063
vn -0.4123 0.9061 0.0943
vn -0.4175 0.9044 0.0877
vn -0.4002 0.9100 0.1083
vn -0.3215 0.9335 0.1588
vn -0.2197 0.9627 0.1578
vn -0.1161 0.9880 0.1018
vn -0.0264 0.9993 0.0247
vn 0.0392 0.9990 -0.0224
vn 0.1866 0.9783 0.0896
vn 0.3104 0.9389 0.1487
vn 0.3567 0.9155 0.1859
vn 0.3169 0.9257 0.2065
vn 0.1571 0.9633 0.2176
vn -0.0884 0.9716 0.2194
vn -0.1812 0.9693 0.1660
vn -0.1182 0.9880 -0.0996
vn 0.0658 0.9928 -0.1001
vn 0.3012 0.9271 -0.2232
vn 0.3931 0.8786 -0.2713
vn 0.3660 0.9007 -0.2340
vn 0.2979 0.9413 -0.1586
vn 0.2016 0.9734 -0.1086
vn 0.1132 0.9892 -0.0935
vn 0.2785 0.9428 -0.1834
vn 0.3734 0.9113 -0.1736
vn 0.3625 0.9272 -0.0943
vn 0.1653 0.9847 0.0557
vn -0.0470 0.9973 0.0564
vn -0.1136 0.9861 0.1214
vn -0.0810 0.9779 0.1925
vn 0.0028 0.9656 0.2599
vn 0.0645 0.9406 0.3333
vn 0.0149 0.9452 0.3260
vn -0.0804 0.9423 0.3250
vn -0.1455 0.9533 0.2645
vn -0.1029 0.9823 0.1565
vn 0.0692 0.9973 0.0257
vn 0.1557 0.9834 -0.0933
vn 0.1966 0.9589 -0.2045
vn 0.1904 0.9487 -0.2522
vn 0.1237 0.9667 -0.2240
vn 0.0159 0.9982 -0.0583
vn 0.0154 0.9998 -0.0107
vn -0.0166 0.9998 -0.0107
vn -0.0906 0.9958 0.0136
vn -0.1955 0.9801 0.0335
vn -0.3117 0.9471 0.0761
vn -0.3895 0.9090 0.1482
vn -0.4284 0.8914 0.1479
vn -0.4357 0.8931 0.1118
vn -0.4094 0.9085 0.0840
vn -0.3513 0.9313 0.0962
vn -0.3120 0.9373 0.1555
vn -0.2600 0.9508 0.1687
vn -0.1802 0.9751 0.1289
vn -0.0685 0.9956 0.0646
vn 0.0720 0.9959 0.0553
vn 0.2078 0.9752 0.0759
vn 0.2931 0.9547 0.0517
vn 0.3197 0.9475 0.0019
vn 0.2795 0.9602 0.0019
vn 0.1510 0.9873 -0.0487
vn -0.0698 0.9968 -0.0384
vn -0.1701 0.9851 -0.0239
vn -0.1244 0.9918 -0.0298
vn 0.0423 0.9987 -0.0301
vn 0.2876 0.9563 -0.0516
vn 0.4378 0.8963 -0.0700
vn 0.4261 0.9040 -0.0336
vn 0.3181 0.9470 0.0448
vn 0.1514 0.9884 -0.0065
vn 0.2255 0.9740 0.0218
vn -0.0156 0.9996 0.0224
vn 0.2257 0.9686 -0.1043
vn 0.3834 0.9105 -0.1548
vn 0.3990 0.9056 -0.1438
vn 0.2240 0.9688 -0.1057
vn 0.0552 0.9969 0.0565
vn 0.0056 0.9984 0.0566
vn 0.0298 0.9842 0.1747
vn 0.0725 0.9369 0.3420
vn 0.0843 0.9292 0.3598
vn -0.0008 0.9377 0.3475
vn -0.1412 0.9283 0.3441
vn -0.2422 0.9283 0.2821
vn -0.2154 0.9584 0.1874
vn -0.0371 0.9988 -0.0309
vn 0.0593 0.9978 -0.0309
vn 0.1577 0.9793 -0.1271
vn 0.2174 0.9617 -0.1672
vn 0.1935 0.9705 -0.1441
vn 0.0803 0.9938 -0.0766
vn 0.0599 0.9977 0.0322
vn 0.0138 0.9994 0.0323
vn -0.0625 0.9961 0.0624
vn -0.1511 0.9845 0.0895
vn -0.2511 0.9590 0.1313
vn -0.3935 0.9007 0.1840
vn -0.4619 0.8704 0.1705
vn -0.4660 0.8755 0.1277
vn -0.4119 0.9066 0.0919
vn -0.3091 0.9465 0.0925
vn -0.2913 0.9463 0.1404
vn -0.2711 0.9484 0.1645
vn -0.2081 0.9657 0.1555
vn -0.0881 0.9878 0.1288
vn 0.0904 0.9877 0.1277
vn 0.1701 0.9815 0.0878
vn 0.1924 0.9811 -0.0210
vn 0.1951 0.9806 -0.0209
vn 0.1729 0.9726 -0.1555
vn 0.1209 0.9576 -0.2616
vn 0.0084 0.9764 -0.2160
vn -0.0444 0.9947 -0.0927
vn 0.0019 0.9994 0.0341
vn 0.1286 0.9844 0.1205
vn 0.3055 0.9422 0.1374
vn 0.4495 0.8810 0.1477
vn 0.4363 0.8840 0.1678
vn 0.2977 0.9411 0.1601
vn 0.0809 0.9919 0.0977
vn 0.3521 0.9258 0.1378
vn -0.1079 0.9833 0.1463
vn 0.1487 0.9885 -0.0276
vn 0.3477 0.9372 -0.0261
vn 0.3953 0.9158 -0.0714
vn 0.2565 0.9629 -0.0836
vn 0.1270 0.9906 -0.0511
vn 0.0934 0.9897 0.1088
vn 0.1094 0.9762 0.1872
vn 0.1234 0.9644 0.2337
vn 0.1052 0.9622 0.2511
vn 0.0150 0.9635 0.2673
vn -0.1430 0.9537 0.2646
vn -0.2607 0.9298 0.2599
vn -0.2502 0.9370 0.2436
vn -0.0960 0.9726 0.2118
vn -0.0081 0.9961 0.0882
vn 0.1086 0.9934 0.0366
vn 0.1976 0.9802 0.0121
vn 0.1986 0.9800 0.0153
vn 0.0997 0.9944 0.0348
vn 0.0799 0.9953 0.0551
vn 0.0333 0.9966 0.0748
vn -0.0418 0.9963 0.0748
vn -0.1260 0.9875 0.0946
vn -0.2251 0.9672 0.1177
vn -0.3989 0.9068 0.1366
vn -0.4795 0.8681 0.1281
vn -0.4817 0.8695 0.1094
vn -0.4167 0.9042 0.0942
vn -0.2937 0.9514 0.0930
vn -0.2699 0.9565 0.1106
vn -0.2520 0.9582 0.1353
vn -0.1929 0.9683 0.1589
vn -0.0789 0.9811 0.1769
vn 0.0879 0.9791 0.1834
vn 0.0966 0.9892 0.1105
vn 0.0599 0.9979 -0.0245
vn 0.0483 0.9985 -0.0245
vn 0.0600 0.9832 -0.1722
vn 0.0901 0.9561 -0.2790
vn 0.0824 0.9481 -0.3071
vn 0.0967 0.9666 -0.2374
vn 0.1579 0.9825 -0.0992
vn 0.2440 0.9539 0.1747
vn 0.3412 0.9158 0.2120
vn 0.4456 0.8720 0.2026
vn 0.4226 0.8859 0.1912
vn 0.2660 0.9487 0.1706
vn 0.0327 0.9910 0.1300
vn 0.4803 0.8639 0.1518
vn -0.1779 0.9692 0.1703
vn 0.0632 0.9979 0.0148
vn 0.2847 0.9585 0.0142
vn 0.3666 0.9287 -0.0550
vn 0.2634 0.9603 -0.0923
vn 0.1566 0.9838 -0.0868
vn 0.1332 0.9895 -0.0566
vn 0.1481 0.9888 0.0205
vn 0.1519 0.9873 0.0460
vn 0.1330 0.9886 0.0709
vn 0.0673 0.9901 0.1229
vn -0.0838 0.9889 0.1228
vn -0.2132 0.9599 0.1818
vn -0.2263 0.9455 0.2342
vn -0.1064 0.9586 0.2640
vn -0.0297 0.9667 0.2543
vn 0.0688 0.9780 0.1972
vn 0.1460 0.9784 0.1460
vn 0.1496 0.9840 0.0971
vn 0.0662 0.9957 0.0647
vn 0.0372 0.9991 0.0219
vn -0.0141 0.9997 0.0219
vn -0.0839 0.9942 -0.0676
vn -0.1529 0.9837 -0.0942
vn -0.2281 0.9690 -0.0953
vn -0.3789 0.9232 -0.0636
vn -0.4509 0.8924 -0.0194
vn -0.4519 0.8919 -0.0194
vn -0.3964 0.9178 0.0234
vn -0.2975 0.9533 0.0519
vn -0.2718 0.9611 0.0490
vn -0.2493 0.9672 0.0487
vn -0.1919 0.9799 0.0545
vn -0.0850 0.9946 0.0587
vn 0.0681 0.9972 0.0323
vn 0.0346 0.9989 -0.0306
vn -0.0148 0.9994 -0.0306
vn -0.0063 0.9945 -0.1048
vn 0.0419 0.9866 -0.1579
vn 0.1116 0.9783 -0.1748
vn 0.1804 0.9714 -0.1543
vn 0.2398 0.9671 0.0851
vn 0.2831 0.9346 0.2151
vn 0.3170 0.9018 0.2938
vn 0.3498 0.8846 0.3084
vn 0.3990 0.8804 0.2561
vn 0.3577 0.9148 0.1875
vn 0.2091 0.9684 0.1361
vn 0.0137 0.9926 0.1205
vn 0.5542 0.8271 0.0943
vn -0.2211 0.9690 0.1105
vn 0.0080 0.9999 0.0141
vn 0.2407 0.9705 0.0137
vn 0.3425 0.9389 -0.0327
vn 0.2546 0.9650 -0.0625
vn 0.1528 0.9855 -0.0741
vn 0.1312 0.9882 -0.0784
vn 0.1487 0.9856 -0.0800
vn 0.1600 0.9840 -0.0788
vn 0.1560 0.9852 -0.0702
vn 0.1085 0.9930 -0.0471
vn -0.0296 0.9995 -0.0062
vn -0.1617 0.9857 0.0482
vn -0.1919 0.9759 0.1044
vn -0.0892 0.9850 0.1475
vn -0.0149 0.9857 0.1677
vn 0.0543 0.9843 0.1678
vn 0.0961 0.9885 0.1171
vn 0.0803 0.9957 0.0469
vn 0.0046 0.9999 -0.0148
vn -0.0286 0.9995 -0.0148
vn -0.0786 0.9864 -0.1443
vn -0.1380 0.9704 -0.1981
vn -0.1888 0.9534 -0.2353
vn -0.2350 0.9405 -0.2456
vn -0.3373 0.9199 -0.1999
vn -0.3890 0.9126 -0.1262
vn -0.3908 0.9190 -0.0523
vn -0.3576 0.9339 -0.0074
vn -0.3074 0.9514 -0.0180
vn -0.2863 0.9575 -0.0336
vn -0.2595 0.9647 -0.0447
vn -0.2039 0.9773 -0.0578
vn -0.1040 0.9915 -0.0779
vn 0.0380 0.9962 -0.0783
vn -0.0017 0.9941 -0.1080
vn -0.0197 0.9887 -0.1485
vn 0.0366 0.9882 -0.1484
vn 0.1199 0.9872 -0.1054
vn 0.1852 0.9816 0.0459
vn 0.2768 0.9500 0.1448
vn 0.3317 0.9111 0.2446
vn 0.3399 0.8881 0.3093
vn 0.3322 0.8839 0.3293
vn 0.3312 0.8909 0.3108
vn 0.3232 0.9187 0.2273
vn 0.2541 0.9602 0.1162
vn 0.1409 0.9889 0.0471
vn 0.0221 0.9982 0.0558
vn 0.5708 0.8208 0.0208
vn -0.2132 0.9767 0.0247
vn 0.0146 0.9990 0.0417
vn 0.2418 0.9694 0.0418
vn 0.3340 0.9421 0.0309
vn 0.2292 0.9734 0.0043
vn 0.1124 0.9936 0.0044
vn 0.0857 0.9956 -0.0373
vn 0.1121 0.9902 -0.0833
vn 0.1501 0.9814 -0.1195
vn 0.1703 0.9770 -0.1284
vn 0.1171 0.9866 -0.1140
vn -0.0149 0.9957 -0.0910
vn -0.1371 0.9884 -0.0653
vn -0.1609 0.9864 -0.0322
vn -0.0510 0.9987 0.0070
vn 0.0209 0.9989 0.0430
vn 0.0534 0.9977 0.0413
vn 0.0484 0.9988 -0.0074
vn 0.0021 1.0000 -0.0074
vn -0.0626 0.9864 -0.1519
vn -0.0700 0.9788 -0.1927
vn -0.1018 0.9712 -0.2156
vn -0.1518 0.9616 -0.2285
vn -0.2028 0.9492 -0.2404
vn -0.2476 0.9358 -0.2509
vn -0.3073 0.9268 -0.2159
vn -0.3326 0.9306 -0.1528
vn -0.3317 0.9394 -0.0864
vn -0.3219 0.9456 -0.0468
vn -0.3185 0.9460 -0.0597
vn -0.2964 0.9524 -0.0718
vn -0.2616 0.9622 -0.0753
vn -0.2070 0.9751 -0.0798
vn -0.1164 0.9888 -0.0936
vn 0.0104 0.9955 -0.0943
vn -0.0149 0.9908 -0.1345
vn 0.0206 0.9907 -0.1344
vn 0.1353 0.9864 -0.0936
vn 0.2423 0.9614 0.1307
vn 0.2710 0.9367 0.2216
vn 0.3309 0.9007 0.2816
vn 0.3564 0.8810 0.3111
vn 0.3286 0.8948 0.3021
vn 0.2908 0.9220 0.2557
vn 0.2884 0.9364 0.2000
vn 0.2356 0.9665 0.1020
vn 0.1433 0.9896 -0.0142
vn 0.0870 0.9961 -0.0143
vn 0.0537 0.9962 -0.0692
vn 0.5383 0.8428 -0.0000
vn -0.1602 0.9871 -0.0007
vn 0.0717 0.9958 0.0565
vn 0.2781 0.9559 0.0940
vn 0.3366 0.9367 0.0966
vn 0.1911 0.9797 0.0614
vn 0.0476 0.9989 -0.0028
vn 0.0128 0.9999 -0.0028
vn 0.0534 0.9957 -0.0758
vn 0.1310 0.9824 -0.1332
vn 0.1798 0.9721 -0.1509
vn -0.0319 0.9845 -0.1724
vn -0.1398 0.9746 -0.1752
vn -0.1404 0.9776 -0.1568
vn -0.0063 0.9934 -0.1149
vn 0.0564 0.9918 -0.1147
vn 0.0516 0.9955 -0.0794
vn 0.0027 0.9967 -0.0812
vn -0.0699 0.9780 -0.1965
vn -0.1168 0.9615 -0.2489
vn -0.0704 0.9654 -0.2513
vn -0.0679 0.9733 -0.2192
vn -0.1100 0.9782 -0.1759
vn -0.1805 0.9724 -0.1476
vn -0.2580 0.9544 -0.1503
vn -0.2994 0.9445 -0.1350
vn -0.3063 0.9463 -0.1032
vn -0.3007 0.9513 -0.0686
vn -0.3038 0.9515 -0.0484
vn -0.3266 0.9435 -0.0569
vn -0.2923 0.9549 -0.0527
vn -0.2439 0.9692 -0.0338
vn -0.1880 0.9821 -0.0138
vn -0.1092 0.9940 -0.0061
vn -0.0054 1.0000 -0.0062
vn -0.0178 0.9995 -0.0248
vn 0.0671 0.9974 -0.0247
vn 0.2268 0.9671 0.1151
vn 0.3419 0.9135 0.2204
vn 0.3419 0.8909 0.2990
vn 0.3557 0.8752 0.3280
vn 0.3382 0.8880 0.3117
vn 0.2659 0.9308 0.2508
vn 0.2002 0.9673 0.1556
vn 0.2222 0.9718 0.0792
vn 0.1552 0.9879 -0.0050
vn 0.0580 0.9983 -0.0051
vn 0.0539 0.9944 -0.0912
vn 0.0847 0.9887 -0.1235
vn 0.4748 0.8801 -0.0000
vn -0.1011 0.9941 -0.0384
vn 0.1282 0.9910 -0.0383
vn 0.3110 0.9490 0.0526
vn 0.3367 0.9402 0.0509
vn 0.1519 0.9883 0.0127
vn -0.0105 0.9999 0.0128
vn -0.0474 0.9933 -0.1052
vn 0.0077 0.9944 -0.1053
vn 0.1196 0.9816 -0.1490
vn 0.1952 0.9679 -0.1581
vn 0.1059 0.9838 -0.1443
vn -0.0349 0.9887 -0.1458
vn -0.1375 0.9803 -0.1415
vn -0.1214 0.9851 -0.1221
vn 0.0290 0.9920 -0.1230
vn 0.0687 0.9938 -0.0879
vn 0.0327 0.9966 -0.0759
vn -0.0428 0.9893 -0.1396
vn -0.1266 0.9727 -0.1943
vn -0.1523 0.9618 -0.2275
vn -0.0403 0.9789 -0.2005
vn 0.0060 0.9918 -0.1280
vn -0.0254 0.9988 -0.0420
vn -0.1216 0.9924 0.0209
vn -0.2509 0.9678 0.0204
vn -0.3072 0.9512 0.0306
vn -0.3151 0.9487 0.0248
vn -0.3069 0.9516 0.0168
vn -0.3064 0.9518 0.0107
vn -0.3246 0.9458 0.0082
vn -0.2669 0.9637 0.0111
vn -0.1998 0.9790 0.0398
vn -0.1397 0.9864 0.0869
vn -0.0740 0.9879 0.1362
vn -0.0017 0.9854 0.1703
vn -0.0304 0.9843 0.1737
vn 0.0625 0.9856 0.1573
vn 0.2411 0.9556 0.1695
vn 0.3757 0.9055 0.1973
vn 0.3884 0.8894 0.2409
vn 0.3811 0.8870 0.2608
vn 0.3269 0.9120 0.2477
vn 0.2174 0.9545 0.2039
vn 0.1327 0.9813 0.1392
vn 0.1724 0.9812 0.0873
vn 0.1097 0.9931 0.0420
vn 0.0114 0.9999 -0.0044
vn 0.0239 0.9997 -0.0043
vn 0.0748 0.9966 -0.0346
vn 0.3525 0.9358 -0.0000
vn -0.0248 0.9960 -0.0857
vn 0.1762 0.9807 -0.0844
vn 0.3247 0.9452 -0.0339
vn 0.3261 0.9451 -0.0189
vn 0.1465 0.9887 -0.0326
vn -0.0027 0.9995 -0.0307
vn -0.0587 0.9974 -0.0417
vn -0.0298 0.9964 -0.0791
vn 0.0742 0.9941 -0.0789
vn 0.1606 0.9792 -0.1239
vn 0.0799 0.9836 -0.1615
vn -0.0246 0.9838 -0.1774
vn -0.0890 0.9877 -0.1285
vn -0.0530 0.9968 -0.0599
vn 0.0719 0.9956 -0.0598
vn 0.0597 0.9981 -0.0170
vn -0.0030 0.9997 -0.0263
vn -0.0818 0.9916 -0.1004
vn -0.1515 0.9807 -0.1232
vn -0.1455 0.9828 -0.1133
vn 0.0205 0.9984 -0.0535
vn 0.0900 0.9945 -0.0533
vn 0.0554 0.9923 0.1112
vn -0.0628 0.9918 0.1112
vn -0.2214 0.9612 0.1646
vn -0.2908 0.9382 0.1878
vn -0.3099 0.9299 0.1983
vn -0.3109 0.9298 0.1972
vn -0.3125 0.9314 0.1865
vn -0.3231 0.9303 0.1736
vn -0.2677 0.9478 0.1730
vn -0.2021 0.9644 0.1708
vn -0.1405 0.9758 0.1675
vn -0.0740 0.9833 0.1665
vn -0.0041 0.9860 0.1666
vn -0.0261 0.9861 0.1643
vn 0.0688 0.9823 0.1744
vn 0.2443 0.9542 0.1729
vn 0.3801 0.9097 0.1675
vn 0.4015 0.8991 0.1744
vn 0.3834 0.9079 0.1695
vn 0.3106 0.9387 0.1494
vn 0.1872 0.9749 0.1203
vn 0.0980 0.9914 0.0863
vn 0.1402 0.9887 0.0526
vn 0.0873 0.9957 0.0302
vn 0.0003 0.9998 0.0191
vn 0.0170 0.9998 0.0122
vn 0.0646 0.9979 0.0019
vn 0.2242 0.9746 -0.0000
vn 0.0558 0.9879 -0.1448
vn 0.2052 0.9767 -0.0637
vn 0.3130 0.9492 -0.0330
vn 0.3048 0.9513 -0.0462
vn 0.1786 0.9813 -0.0719
vn 0.0646 0.9971 -0.0393
vn -0.0357 0.9990 0.0280
vn -0.0790 0.9956 0.0509
vn -0.0250 0.9997 0.0016
vn 0.0622 0.9933 -0.0975
vn 0.0198 0.9805 -0.1956
vn 0.0008 0.9735 -0.2286
vn 0.0176 0.9919 -0.1259
vn 0.0777 0.9890 -0.1256
vn 0.1310 0.9893 0.0643
vn 0.0471 0.9975 0.0523
vn -0.0387 0.9979 0.0523
vn -0.1052 0.9943 0.0165
vn -0.1423 0.9898 0.0040
vn -0.1000 0.9950 0.0040
vn 0.0708 0.9923 0.1015
vn 0.1212 0.9837 0.1328
vn 0.0676 0.9870 0.1457
vn -0.0537 0.9878 0.1458
vn -0.1892 0.9701 0.1518
vn -0.2460 0.9519 0.1826
vn -0.2742 0.9344 0.2274
vn -0.2934 0.9198 0.2605
vn -0.3119 0.9104 0.2718
vn -0.3308 0.9060 0.2641
vn -0.3035 0.9190 0.2515
vn -0.2574 0.9426 0.2128
vn -0.1975 0.9676 0.1570
vn -0.1186 0.9878 0.1009
vn -0.0257 0.9980 0.0573
vn 0.0057 0.9993 0.0358
vn 0.1243 0.9847 0.1224
vn 0.2852 0.9449 0.1607
vn 0.3935 0.9035 0.1697
vn 0.3938 0.9053 0.1596
vn 0.3626 0.9220 0.1359
vn 0.2882 0.9508 0.1137
vn 0.1707 0.9803 0.0997
vn 0.0852 0.9925 0.0881
vn 0.1145 0.9915 0.0619
vn 0.0575 0.9978 0.0324
vn -0.0150 0.9994 0.0324
vn 0.0129 0.9998 0.0131
vn 0.0635 0.9979 0.0120
vn 0.1006 0.9945 -0.0289
vn 0.1882 0.9821 -0.0028
vn 0.2633 0.9647 -0.0028
vn 0.2696 0.9613 -0.0574
vn 0.2269 0.9691 -0.0965
vn 0.1524 0.9872 -0.0469
vn -0.0008 0.9991 0.0420
vn -0.1315 0.9884 0.0762
vn -0.1412 0.9856 -0.0935
vn -0.0537 0.9941 -0.0943
vn -0.0278 0.9674 -0.2518
vn 0.0608 0.9660 -0.2515
vn 0.1667 0.9672 -0.1916
vn 0.2356 0.9647 0.1178
vn 0.1894 0.9654 0.1794
vn 0.0359 0.9844 0.1724
vn -0.0661 0.9828 0.1722
vn -0.1124 0.9831 0.1443
vn -0.1107 0.9845 0.1360
vn -0.0435 0.9850 0.1669
vn 0.0719 0.9724 0.2221
vn 0.0698 0.9824 0.1732
vn -0.0095 0.9952 0.0978
vn -0.1063 0.9896 0.0972
vn -0.1607 0.9860 0.0446
vn -0.1798 0.9808 0.0758
vn -0.2159 0.9653 0.1470
vn -0.2622 0.9421 0.2092
vn -0.3097 0.9196 0.2417
vn -0.3488 0.9051 0.2432
vn -0.3471 0.9101 0.2261
vn -0.3149 0.9312 0.1837
vn -0.2553 0.9585 0.1267
vn -0.1672 0.9835 0.0687
vn -0.0572 0.9982 0.0199
vn 0.0385 0.9990 0.0211
vn 0.1858 0.9791 0.0829
vn 0.3300 0.9354 0.1269
vn 0.4069 0.9033 0.1360
vn 0.3777 0.9186 0.1164
vn 0.3508 0.9308 0.1027
vn 0.3013 0.9461 0.1189
vn 0.2057 0.9656 0.1590
vn 0.1200 0.9731 0.1967
vn 0.1076 0.9755 0.1921
vn 0.0126 0.9886 0.1503
vn -0.0625 0.9867 0.1500
vn -0.0273 0.9943 0.1031
vn 0.0358 0.9987 0.0355
vn 0.2941 0.9502 0.1032
vn 0.0950 0.9902 0.1024
vn 0.1281 0.9909 0.0407
vn 0.1854 0.9818 0.0403
vn 0.2287 0.9726 -0.0419
vn 0.2724 0.9585 -0.0846
vn 0.2251 0.9736 0.0375
vn 0.0277 0.9974 0.0670
vn -0.1765 0.9821 0.0659
vn -0.2364 0.9685 -0.0779
vn -0.1413 0.9758 -0.1671
vn -0.0424 0.9823 -0.1824
vn 0.1455 0.9727 -0.1806
vn 0.3141 0.9448 -0.0936
vn 0.3624 0.9113 0.1955
vn 0.2320 0.9403 0.2492
vn 0.0275 0.9682 0.2488
vn -0.0831 0.9652 0.2480
vn -0.1103 0.9669 0.2303
vn -0.0757 0.9699 0.2313
vn 0.0003 0.9647 0.2632
vn 0.0306 0.9637 0.2651
vn -0.0398 0.9861 0.1614
vn -0.1394 0.9772 0.1600
vn -0.1919 0.9798 -0.0567
vn -0.1383 0.9898 -0.0342
vn -0.1096 0.9934 -0.0344
vn -0.1496 0.9880 0.0380
vn -0.2237 0.9687 0.1073
vn -0.3042 0.9409 0.1488
vn -0.3663 0.9171 0.1574
vn -0.3719 0.9170 0.1444
vn -0.3387 0.9326 0.1244
vn -0.2770 0.9553 0.1036
vn -0.1918 0.9779 0.0831
vn -0.0908 0.9942 0.0584
vn 0.0450 0.9985 0.0312
vn 0.2127 0.9754 0.0581
vn 0.3472 0.9350 0.0730
vn 0.4051 0.9119 0.0656
vn 0.3578 0.9329 0.0412
vn 0.3610 0.9312 0.0512
vn 0.3556 0.9280 0.1111
vn 0.2871 0.9369 0.1996
vn 0.1937 0.9408 0.2781
vn 0.1217 0.9470 0.2972
vn -0.0375 0.9534 0.2992
vn -0.1357 0.9585 0.2509
vn -0.1039 0.9782 0.1796
vn -0.0240 0.9987 0.0449
vn -0.0000 0.9553 -0.2957
vn -0.0000 0.9267 -0.3758
vn -0.0000 0.8818 -0.4715
vn -0.0000 0.8102 -0.5862
vn -0.0000 0.7218 -0.6921
vn -0.0000 0.6269 -0.7791
vn -0.0000 0.5614 -0.8276
vn -0.0000 0.6032 -0.7976
vn -0.0000 0.6801 -0.7332
vn -0.0000 0.7311 -0.6823
vn -0.0000 0.7470 -0.6649
vn -0.0000 0.6932 -0.7207
vn -0.0000 0.5890 -0.8081
vn -0.0000 0.4919 -0.8706
vn -0.0000 0.4443 -0.8959
vn -0.0000 0.4547 -0.8907
vn -0.0000 0.4765 -0.8791
vn -0.0000 0.4926 -0.8703
vn -0.0000 0.4925 -0.8703
vn -0.0000 0.4943 -0.8693
vn -0.0000 0.5263 -0.8503
vn -0.0000 0.5758 -0.8176
vn -0.0000 0.6156 -0.7881
vn -0.0000 0.6498 -0.7601
vn -0.0000 0.7006 -0.7135
vn -0.0000 0.7856 -0.6187
vn -0.0000 0.9070 -0.4211
vn -0.0000 0.9979 -0.0648
vn -0.0000 0.9466 0.3224
vn -0.0000 0.8178 0.5755
vn -0.0000 0.7093 0.7049
vn -0.0000 0.6434 0.7655
vn -0.0000 0.6289 0.7774
vn -0.0000 0.7008 0.7134
vn -0.0000 0.8397 0.5430
vn -0.0000 0.9801 0.1984
vn -0.0000 0.9840 -0.1781
vn -0.0000 0.8693 -0.4944
vn -0.0000 0.7243 -0.6895
vn -0.0000 0.6222 -0.7829
vn -0.0000 0.5640 -0.8258
vn -0.0000 0.5413 -0.8408
vn -0.0000 0.5780 -0.8160
vn -0.0000 0.6081 -0.7939
vn -0.0000 0.6152 -0.7884
vt 0.875000 0.750000
vt 0.875000 0.500000
vt 0.375000 0.750000
vt 0.625000 0.750000
vt 0.375000 0.500000
vt 0.625000 0.500000
vt 0.875000 0.745098
vt 0.875000 0.740196
vt 0.875000 0.735294
vt 0.875000 0.730392
vt 0.875000 0.725490
vt 0.875000 0.720588
vt 0.875000 0.715686
vt 0.875000 0.710784
vt 0.875000 0.705882
vt 0.875000 0.700981
vt 0.875000 0.696079
vt 0.875000 0.691177
vt 0.875000 0.686275
vt 0.875000 0.681373
vt 0.875000 0.676471
vt 0.875000 0.671569
vt 0.875000 0.666667
vt 0.875000 0.661765
vt 0.875000 0.656863
vt 0.875000 0.651961
vt 0.875000 0.647059
vt 0.875000 0.642157
vt 0.875000 0.637255
vt 0.875000 0.632353
vt 0.875000 0.627451
vt 0.875000 0.622549
vt 0.875000 0.617647
vt 0.875000 0.612745
vt 0.875000 0.607843
vt 0.875000 0.602941
vt 0.875000 0.598039
vt 0.875000 0.593137
vt 0.875000 0.588235
vt 0.875000 0.583333
vt 0.875000 0.578432
vt 0.875000 0.573530
vt 0.875000 0.568628
vt 0.875000 0.563726
vt 0.875000 0.558824
vt 0.875000 0.553922
vt 0.875000 0.549020
vt 0.875000 0.544118
vt 0.875000 0.539216
vt 0.875000 0.534314
vt 0.875000 0.529412
vt 0.875000 0.524510
vt 0.875000 0.519608
vt 0.875000 0.514706
vt 0.875000 0.509804
vt 0.875000 0.504902
vt 0.870098 0.500000
vt 0.865196 0.500000
vt 0.860294 0.500000
vt 0.855392 0.500000
vt 0.850490 0.500000
vt 0.845588 0.500000
vt 0.840686 0.500000
vt 0.835784 0.500000
vt 0.830882 0.500000
vt 0.825980 0.500000
vt 0.821078 0.500000
vt 0.816177 0.500000
vt 0.811275 0.500000
vt 0.806373 0.500000
vt 0.801471 0.500000
vt 0.796569 0.500000
vt 0.791667 0.500000
vt 0.786765 0.500000
vt 0.781863 0.500000
vt 0.776961 0.500000
vt 0.772059 0.500000
vt 0.767157 0.500000
vt 0.762255 0.500000
vt 0.757353 0.500000
vt 0.752451 0.500000
vt 0.747549 0.500000
vt 0.742647 0.500000
vt 0.737745 0.500000
vt 0.732843 0.500000
vt 0.727941 0.500000
vt 0.723039 0.500000
vt 0.718137 0.500000
vt 0.713235 0.500000
vt 0.708333 0.500000
vt 0.703431 0.500000
vt 0.698529 0.500000
vt 0.693627 0.500000
vt 0.688725 0.500000
vt 0.683824 0.500000
vt 0.678922 0.500000
vt 0.674020 0.500000
vt 0.669118 0.500000
vt 0.664216 0.500000
vt 0.659314 0.500000
vt 0.654412 0.500000
vt 0.649510 0.500000
vt 0.644608 0.500000
vt 0.639706 0.500000
vt 0.634804 0.500000
vt 0.629902 0.500000
vt 0.625000 0.504902
vt 0.625000 0.509804
vt 0.625000 0.514706
vt 0.625000 0.519608
vt 0.625000 0.524510
vt 0.625000 0.529412
vt 0.625000 0.534314
vt 0.625000 0.539216
vt 0.625000 0.544118
vt 0.625000 0.549020
vt 0.625000 0.553922
vt 0.625000 0.558824
vt 0.625000 0.563726
vt 0.625000 0.568627
vt 0.625000 0.573529
vt 0.625000 0.578431
vt 0.625000 0.583333
vt 0.625000 0.588235
vt 0.625000 0.593137
vt 0.625000 0.598039
vt 0.625000 0.602941
vt 0.625000 0.607843
vt 0.625000 0.612745
vt 0.625000 0.617647
vt 0.625000 0.622549
vt 0.625000 0.627451
vt 0.625000 0.632353
vt 0.625000 0.637255
vt 0.625000 0.642157
vt 0.625000 0.647059
vt 0.625000 0.651961
vt 0.625000 0.656863
vt 0.625000 0.661765
vt 0.625000 0.666667
vt 0.625000 0.671569
vt 0.625000 0.676471
vt 0.625000 0.681373
vt 0.625000 0.686275
vt 0.625000 0.691176
vt 0.625000 0.696078
vt 0.625000 0.700980
vt 0.625000 0.705882
vt 0.625000 0.710784
vt 0.625000 0.715686
vt 0.625000 0.720588
vt 0.625000 0.725490
vt 0.625000 0.730392
vt 0.625000 0.735294
vt 0.625000 0.740196
vt 0.625000 0.745098
vt 0.629902 0.750000
vt 0.634804 0.750000
vt 0.639706 0.750000
vt 0.644608 0.750000
vt 0.649510 0.750000
vt 0.654412 0.750000
vt 0.659314 0.750000
vt 0.664216 0.750000
vt 0.669118 0.750000
vt 0.674020 0.750000
vt 0.678922 0.750000
vt 0.683824 0.750000
vt 0.688726 0.750000
vt 0.693627 0.750000
vt 0.698529 0.750000
vt 0.703431 0.750000
vt 0.708333 0.750000
vt 0.713235 0.750000
vt 0.718137 0.750000
vt 0.723039 0.750000
vt 0.727941 0.750000
vt 0.732843 0.750000
vt 0.737745 0.750000
vt 0.742647 0.750000
vt 0.747549 0.750000
vt 0.752451 0.750000
vt 0.757353 0.750000
vt 0.762255 0.750000
vt 0.767157 0.750000
vt 0.772059 0.750000
vt 0.776961 0.750000
vt 0.781863 0.750000
vt 0.786765 0.750000
vt 0.791667 0.750000
vt 0.796569 0.750000
vt 0.801471 0.750000
vt 0.806373 0.750000
vt 0.811274 0.750000
vt 0.816176 0.750000
vt 0.821078 0.750000
vt 0.825980 0.750000
vt 0.830882 0.750000
vt 0.835784 0.750000
vt 0.840686 0.750000
vt 0.845588 0.750000
vt 0.850490 0.750000
vt 0.855392 0.750000
vt 0.860294 0.750000
vt 0.865196 0.750000
vt 0.870098 0.750000
vt 0.629902 0.504902
vt 0.629902 0.509804
vt 0.629902 0.514706
vt 0.629902 0.519608
vt 0.629902 0.524510
vt 0.629902 0.529412
vt 0.629902 0.534314
vt 0.629902 0.539216
vt 0.629902 0.544118
vt 0.629902 0.549020
vt 0.629902 0.553922
vt 0.629902 0.558824
vt 0.629902 0.563726
vt 0.629902 0.568627
vt 0.629902 0.573529
vt 0.629902 0.578431
vt 0.629902 0.583333
vt 0.629902 0.588235
vt 0.629902 0.593137
vt 0.629902 0.598039
vt 0.629902 0.602941
vt 0.629902 0.607843
vt 0.629902 0.612745
vt 0.629902 0.617647
vt 0.629902 0.622549
vt 0.629902 0.627451
vt 0.629902 0.632353
vt 0.629902 0.637255
vt 0.629902 0.642157
vt 0.629902 0.647059
vt 0.629902 0.651961
vt 0.629902 0.656863
vt 0.629902 0.661765
vt 0.629902 0.666667
vt 0.629902 0.671569
vt 0.629902 0.676471
vt 0.629902 0.681373
vt 0.629902 0.686275
vt 0.629902 0.691176
vt 0.629902 0.696078
vt 0.629902 0.700980
vt 0.629902 0.705882
vt 0.629902 0.710784
vt 0.629902 0.715686
vt 0.629902 0.720588
vt 0.629902 0.725490
vt 0.629902 0.730392
vt 0.629902 0.735294
vt 0.629902 0.740196
vt 0.629902 0.745098
vt 0.634804 0.504902
vt 0.634804 0.509804
vt 0.634804 0.514706
vt 0.634804 0.519608
vt 0.634804 0.524510
vt 0.634804 0.529412
vt 0.634804 0.534314
vt 0.634804 0.539216
vt 0.634804 0.544118
vt 0.634804 0.549020
vt 0.634804 0.553922
vt 0.634804 0.558824
vt 0.634804 0.563726
vt 0.634804 0.568627
vt 0.634804 0.573529
vt 0.634804 0.578431
vt 0.634804 0.583333
vt 0.634804 0.588235
vt 0.634804 0.593137
vt 0.634804 0.598039
vt 0.634804 0.602941
vt 0.634804 0.607843
vt 0.634804 0.612745
vt 0.634804 0.617647
vt 0.634804 0.622549
vt 0.634804 0.627451
vt 0.634804 0.632353
vt 0.634804 0.637255
vt 0.634804 0.642157
vt 0.634804 0.647059
vt 0.634804 0.651961
vt 0.634804 0.656863
vt 0.634804 0.661765
vt 0.634804 0.666667
vt 0.634804 0.671569
vt 0.634804 0.676471
vt 0.634804 0.681373
vt 0.634804 0.686275
vt 0.634804 0.691176
vt 0.634804 0.696078
vt 0.634804 0.700980
vt 0.634804 0.705882
vt 0.634804 0.710784
vt 0.634804 0.715686
vt 0.634804 0.720588
vt 0.634804 0.725490
vt 0.634804 0.730392
vt 0.634804 0.735294
vt 0.634804 0.740196
vt 0.634804 0.745098
vt 0.639706 0.504902
vt 0.639706 0.509804
vt 0.639706 0.514706
vt 0.639706 0.519608
vt 0.639706 0.524510
vt 0.639706 0.529412
vt 0.639706 0.534314
vt 0.639706 0.539216
vt 0.639706 0.544118
vt 0.639706 0.549020
vt 0.639706 0.553922
vt 0.639706 0.558824
vt 0.639706 0.563726
vt 0.639706 0.568627
vt 0.639706 0.573529
vt 0.639706 0.578431
vt 0.639706 0.583333
vt 0.639706 0.588235
vt 0.639706 0.593137
vt 0.639706 0.598039
vt 0.639706 0.602941
vt 0.639706 0.607843
vt 0.639706 0.612745
vt 0.639706 0.617647
vt 0.639706 0.622549
vt 0.639706 0.627451
vt 0.639706 0.632353
vt 0.639706 0.637255
vt 0.639706 0.642157
vt 0.639706 0.647059
vt 0.639706 0.651961
vt 0.639706 0.656863
vt 0.639706 0.661765
vt 0.639706 0.666667
vt 0.639706 0.671569
vt 0.639706 0.676471
vt 0.639706 0.681373
vt 0.639706 0.686275
vt 0.639706 0.691176
vt 0.639706 0.696078
vt 0.639706 0.700980
vt 0.639706 0.705882
vt 0.639706 0.710784
vt 0.639706 0.715686
vt 0.639706 0.720588
vt 0.639706 0.725490
vt 0.639706 0.730392
vt 0.639706 0.735294
vt 0.639706 0.740196
vt 0.639706 0.745098
vt 0.644608 0.504902
vt 0.644608 0.509804
vt 0.644608 0.514706
vt 0.644608 0.519608
vt 0.644608 0.524510
vt 0.644608 0.529412
vt 0.644608 0.534314
vt 0.644608 0.539216
vt 0.644608 0.544118
vt 0.644608 0.549020
vt 0.644608 0.553922
vt 0.644608 0.558824
vt 0.644608 0.563726
vt 0.644608 0.568627
vt 0.644608 0.573529
vt 0.644608 0.578431
vt 0.644608 0.583333
vt 0.644608 0.588235
vt 0.644608 0.593137
vt 0.644608 0.598039
vt 0.644608 0.602941
vt 0.644608 0.607843
vt 0.644608 0.612745
vt 0.644608 0.617647
vt 0.644608 0.622549
vt 0.644608 0.627451
vt 0.644608 0.632353
vt 0.644608 0.637255
vt 0.644608 0.642157
vt 0.644608 0.647059
vt 0.644608 0.651961
vt 0.644608 0.656863
vt 0.644608 0.661765
vt 0.644608 0.666667
vt 0.644608 0.671569
vt 0.644608 0.676471
vt 0.644608 0.681373
vt 0.644608 0.686275
vt 0.644608 0.691176
vt 0.644608 0.696078
vt 0.644608 0.700980
vt 0.644608 0.705882
vt 0.644608 0.710784
vt 0.644608 0.715686
vt 0.644608 0.720588
vt 0.644608 0.725490
vt 0.644608 0.730392
vt 0.644608 0.735294
vt 0.644608 0.740196
vt 0.644608 0.745098
vt 0.649510 0.504902
vt 0.649510 0.509804
vt 0.649510 0.514706
vt 0.649510 0.519608
vt 0.649510 0.524510
vt 0.649510 0.529412
vt 0.649510 0.534314
vt 0.649510 0.539216
vt 0.649510 0.544118
vt 0.649510 0.549020
vt 0.649510 0.553922
vt 0.649510 0.558824
vt 0.649510 0.563726
vt 0.649510 0.568627
vt 0.649510 0.573529
vt 0.649510 0.578431
vt 0.649510 0.583333
vt 0.649510 0.588235
vt 0.649510 0.593137
vt 0.649510 0.598039
vt 0.649510 0.602941
vt 0.649510 0.607843
vt 0.649510 0.612745
vt 0.649510 0.617647
vt 0.649510 0.622549
vt 0.649510 0.627451
vt 0.649510 0.632353
vt 0.649510 0.637255
vt 0.649510 0.642157
vt 0.649510 0.647059
vt 0.649510 0.651961
vt 0.649510 0.656863
vt 0.649510 0.661765
vt 0.649510 0.666667
vt 0.649510 0.671569
vt 0.649510 0.676471
vt 0.649510 0.681373
vt 0.649510 0.686275
vt 0.649510 0.691176
vt 0.649510 0.696078
vt 0.649510 0.700980
vt 0.649510 0.705882
vt 0.649510 0.710784
vt 0.649510 0.715686
vt 0.649510 0.720588
vt 0.649510 0.725490
vt 0.649510 0.730392
vt 0.649510 0.735294
vt 0.649510 0.740196
vt 0.649510 0.745098
vt 0.654412 0.504902
vt 0.654412 0.509804
vt 0.654412 0.514706
vt 0.654412 0.519608
vt 0.654412 0.524510
vt 0.654412 0.529412
vt 0.654412 0.534314
vt 0.654412 0.539216
vt 0.654412 0.544118
vt 0.654412 0.549020
vt 0.654412 0.553922
vt 0.654412 0.558824
vt 0.654412 0.563726
vt 0.654412 0.568627
vt 0.654412 0.573529
vt 0.654412 0.578431
vt 0.654412 0.583333
vt 0.654412 0.588235
vt 0.654412 0.593137
vt 0.654412 0.598039
vt 0.654412 0.602941
vt 0.654412 0.607843
vt 0.654412 0.612745
vt 0.654412 0.617647
vt 0.654412 0.622549
vt 0.654412 0.627451
vt 0.654412 0.632353
vt 0.654412 0.637255
vt 0.654412 0.642157
vt 0.654412 0.647059
vt 0.654412 0.651961
vt 0.654412 0.656863
vt 0.654412 0.661765
vt 0.654412 0.666667
vt 0.654412 0.671569
vt 0.654412 0.676471
vt 0.654412 0.681373
vt 0.654412 0.686275
vt 0.654412 0.691176
vt 0.654412 0.696078
vt 0.654412 0.700980
vt 0.654412 0.705882
vt 0.654412 0.710784
vt 0.654412 0.715686
vt 0.654412 0.720588
vt 0.654412 0.725490
vt 0.654412 0.730392
vt 0.654412 0.735294
vt 0.654412 0.740196
vt 0.654412 0.745098
vt 0.659314 0.504902
vt 0.659314 0.509804
vt 0.659314 0.514706
vt 0.659314 0.519608
vt 0.659314 0.524510
vt 0.659314 0.529412
vt 0.659314 0.534314
vt 0.659314 0.539216
vt 0.659314 0.544118
vt 0.659314 0.549020
vt 0.659314 0.553922
vt 0.659314 0.558824
vt 0.659314 0.563726
vt 0.659314 0.568627
vt 0.659314 0.573529
vt 0.659314 0.578431
vt 0.659314 0.583333
vt 0.659314 0.588235
vt 0.659314 0.593137
vt 0.659314 0.598039
vt 0.659314 0.602941
vt 0.659314 0.607843
vt 0.659314 0.612745
vt 0.659314 0.617647
vt 0.659314 0.622549
vt 0.659314 0.627451
vt 0.659314 0.632353
vt 0.659314 0.637255
vt 0.659314 0.642157
vt 0.659314 0.647059
vt 0.659314 0.651961
vt 0.659314 0.656863
vt 0.659314 0.661765
vt 0.659314 0.666667
vt 0.659314 0.671569
vt 0.659314 0.676471
vt 0.659314 0.681373
vt 0.659314 0.686275
vt 0.659314 0.691176
vt 0.659314 0.696078
vt 0.659314 0.700980
vt 0.659314 0.705882
vt 0.659314 0.710784
vt 0.659314 0.715686
vt 0.659314 0.720588
vt 0.659314 0.725490
vt 0.659314 0.730392
vt 0.659314 0.735294
vt 0.659314 0.740196
vt 0.659314 0.745098
vt 0.664216 0.504902
vt 0.664216 0.509804
vt 0.664216 0.514706
vt 0.664216 0.519608
vt 0.664216 0.524510
vt 0.664216 0.529412
vt 0.664216 0.534314
vt 0.664216 0.539216
vt 0.664216 0.544118
vt 0.664216 0.549020
vt 0.664216 0.553922
vt 0.664216 0.558824
vt 0.664216 0.563726
vt 0.664216 0.568627
vt 0.664216 0.573529
vt 0.664216 0.578431
vt 0.664216 0.583333
vt 0.664216 0.588235
vt 0.664216 0.593137
vt 0.664216 0.598039
vt 0.664216 0.602941
vt 0.664216 0.607843
vt 0.664216 0.612745
vt 0.664216 0.617647
vt 0.664216 0.622549
vt 0.664216 0.627451
vt 0.664216 0.632353
vt 0.664216 0.637255
vt 0.664216 0.642157
vt 0.664216 0.647059
vt 0.664216 0.651961
vt 0.664216 0.656863
vt 0.664216 0.661765
vt 0.664216 0.666667
vt 0.664216 0.671569
vt 0.664216 0.676471
vt 0.664216 0.681373
vt 0.664216 0.686275
vt 0.664216 0.691176
vt 0.664216 0.696078
vt 0.664216 0.700980
vt 0.664216 0.705882
vt 0.664216 0.710784
vt 0.664216 0.715686
vt 0.664216 0.720588
vt 0.664216 0.725490
vt 0.664216 0.730392
vt 0.664216 0.735294
vt 0.664216 0.740196
vt 0.664216 0.745098
vt 0.669118 0.504902
vt 0.669118 0.509804
vt 0.669118 0.514706
vt 0.669118 0.519608
vt 0.669118 0.524510
vt 0.669118 0.529412
vt 0.669118 0.534314
vt 0.669118 0.539216
vt 0.669118 0.544118
vt 0.669118 0.549020
vt 0.669118 0.553922
vt 0.669118 0.558824
vt 0.669118 0.563726
vt 0.669118 0.568627
vt 0.669118 0.573529
vt 0.669118 0.578431
vt 0.669118 0.583333
vt 0.669118 0.588235
vt 0.669118 0.593137
vt 0.669118 0.598039
vt 0.669118 0.602941
vt 0.669118 0.607843
vt 0.669118 0.612745
vt 0.669118 0.617647
vt 0.669118 0.622549
vt 0.669118 0.627451
vt 0.669118 0.632353
vt 0.669118 0.637255
vt 0.669118 0.642157
vt 0.669118 0.647059
vt 0.669118 0.651961
vt 0.669118 0.656863
vt 0.669118 0.661765
vt 0.669118 0.666667
vt 0.669118 0.671569
vt 0.669118 0.676471
vt 0.669118 0.681373
vt 0.669118 0.686275
vt 0.669118 0.691176
vt 0.669118 0.696078
vt 0.669118 0.700980
vt 0.669118 0.705882
vt 0.669118 0.710784
vt 0.669118 0.715686
vt 0.669118 0.720588
vt 0.669118 0.725490
vt 0.669118 0.730392
vt 0.669118 0.735294
vt 0.669118 0.740196
vt 0.669118 0.745098
vt 0.674020 0.504902
vt 0.674020 0.509804
vt 0.674020 0.514706
vt 0.674020 0.519608
vt 0.674020 0.524510
vt 0.674020 0.529412
vt 0.674020 0.534314
vt 0.674020 0.539216
vt 0.674020 0.544118
vt 0.674020 0.549020
vt 0.674020 0.553922
vt 0.674020 0.558824
vt 0.674020 0.563726
vt 0.674019 0.568627
vt 0.674019 0.573529
vt 0.674019 0.578431
vt 0.674019 0.583333
vt 0.674019 0.588235
vt 0.674019 0.593137
vt 0.674019 0.598039
vt 0.674020 0.602941
vt 0.674020 0.607843
vt 0.674020 0.612745
vt 0.674020 0.617647
vt 0.674020 0.622549
vt 0.674020 0.627451
vt 0.674020 0.632353
vt 0.674020 0.637255
vt 0.674020 0.642157
vt 0.674020 0.647059
vt 0.674020 0.651961
vt 0.674020 0.656863
vt 0.674020 0.661765
vt 0.674020 0.666667
vt 0.674020 0.671569
vt 0.674020 0.676471
vt 0.674020 0.681373
vt 0.674020 0.686274
vt 0.674020 0.691176
vt 0.674020 0.696078
vt 0.674020 0.700980
vt 0.674020 0.705882
vt 0.674020 0.710784
vt 0.674020 0.715686
vt 0.674020 0.720588
vt 0.674020 0.725490
vt 0.674020 0.730392
vt 0.674020 0.735294
vt 0.674020 0.740196
vt 0.674020 0.745098
vt 0.678922 0.504902
vt 0.678922 0.509804
vt 0.678922 0.514706
vt 0.678922 0.519608
vt 0.678922 0.524510
vt 0.678922 0.529412
vt 0.678922 0.534314
vt 0.678922 0.539216
vt 0.678922 0.544118
vt 0.678922 0.549020
vt 0.678922 0.553922
vt 0.678922 0.558824
vt 0.678922 0.563726
vt 0.678922 0.568627
vt 0.678922 0.573529
vt 0.678921 0.578431
vt 0.678921 0.583333
vt 0.678921 0.588235
vt 0.678921 0.593137
vt 0.678921 0.598039
vt 0.678922 0.602941
vt 0.678921 0.607843
vt 0.678921 0.612745
vt 0.678922 0.617647
vt 0.678922 0.622549
vt 0.678922 0.627451
vt 0.678922 0.632353
vt 0.678922 0.637255
vt 0.678922 0.642157
vt 0.678922 0.647059
vt 0.678922 0.651961
vt 0.678922 0.656863
vt 0.678922 0.661765
vt 0.678922 0.666667
vt 0.678922 0.671569
vt 0.678922 0.676471
vt 0.678922 0.681373
vt 0.678922 0.686274
vt 0.678922 0.691176
vt 0.678922 0.696078
vt 0.678922 0.700980
vt 0.678921 0.705882
vt 0.678922 0.710784
vt 0.678922 0.715686
vt 0.678922 0.720588
vt 0.678922 0.725490
vt 0.678922 0.730392
vt 0.678922 0.735294
vt 0.678922 0.740196
vt 0.678922 0.745098
vt 0.683824 0.504902
vt 0.683824 0.509804
vt 0.683824 0.514706
vt 0.683824 0.519608
vt 0.683824 0.524510
vt 0.683824 0.529412
vt 0.683824 0.534314
vt 0.683824 0.539216
vt 0.683824 0.544118
vt 0.683824 0.549020
vt 0.683824 0.553922
vt 0.683824 0.558824
vt 0.683824 0.563726
vt 0.683824 0.568627
vt 0.683824 0.573529
vt 0.683824 0.578431
vt 0.683824 0.583333
vt 0.683824 0.588235
vt 0.683824 0.593137
vt 0.683824 0.598039
vt 0.683824 0.602941
vt 0.683824 0.607843
vt 0.683824 0.612745
vt 0.683824 0.617647
vt 0.683824 0.622549
vt 0.683824 0.627451
vt 0.683824 0.632353
vt 0.683824 0.637255
vt 0.683824 0.642157
vt 0.683823 0.647059
vt 0.683823 0.651961
vt 0.683823 0.656863
vt 0.683823 0.661765
vt 0.683823 0.666667
vt 0.683823 0.671569
vt 0.683823 0.676471
vt 0.683823 0.681373
vt 0.683823 0.686275
vt 0.683823 0.691176
vt 0.683823 0.696078
vt 0.683823 0.700980
vt 0.683823 0.705882
vt 0.683824 0.710784
vt 0.683824 0.715686
vt 0.683824 0.720588
vt 0.683824 0.725490
vt 0.683824 0.730392
vt 0.683824 0.735294
vt 0.683824 0.740196
vt 0.683824 0.745098
vt 0.688725 0.504902
vt 0.688725 0.509804
vt 0.688725 0.514706
vt 0.688725 0.519608
vt 0.688725 0.524510
vt 0.688725 0.529412
vt 0.688725 0.534314
vt 0.688725 0.539216
vt 0.688725 0.544118
vt 0.688725 0.549020
vt 0.688726 0.553922
vt 0.688726 0.558824
vt 0.688726 0.563726
vt 0.688726 0.568627
vt 0.688726 0.573529
vt 0.688726 0.578431
vt 0.688726 0.583333
vt 0.688726 0.588235
vt 0.688726 0.593137
vt 0.688726 0.598039
vt 0.688726 0.602941
vt 0.688726 0.607843
vt 0.688726 0.612745
vt 0.688726 0.617647
vt 0.688726 0.622549
vt 0.688726 0.627451
vt 0.688726 0.632353
vt 0.688726 0.637255
vt 0.688726 0.642157
vt 0.688726 0.647059
vt 0.688726 0.651961
vt 0.688726 0.656863
vt 0.688726 0.661765
vt 0.688726 0.666667
vt 0.688726 0.671569
vt 0.688726 0.676471
vt 0.688726 0.681373
vt 0.688726 0.686275
vt 0.688726 0.691176
vt 0.688726 0.696078
vt 0.688726 0.700980
vt 0.688726 0.705882
vt 0.688726 0.710784
vt 0.688726 0.715686
vt 0.688726 0.720588
vt 0.688726 0.725490
vt 0.688726 0.730392
vt 0.688726 0.735294
vt 0.688726 0.740196
vt 0.688726 0.745098
vt 0.693627 0.504902
vt 0.693627 0.509804
vt 0.693627 0.514706
vt 0.693627 0.519608
vt 0.693627 0.524510
vt 0.693627 0.529412
vt 0.693627 0.534314
vt 0.693627 0.539216
vt 0.693627 0.544118
vt 0.693627 0.549020
vt 0.693628 0.553922
vt 0.693628 0.558824
vt 0.693628 0.563726
vt 0.693627 0.568627
vt 0.693627 0.573529
vt 0.693627 0.578431
vt 0.693627 0.583333
vt 0.693627 0.588235
vt 0.693628 0.593137
vt 0.693628 0.598039
vt 0.693628 0.602941
vt 0.693628 0.607843
vt 0.693628 0.612745
vt 0.693628 0.617647
vt 0.693628 0.622549
vt 0.693628 0.627451
vt 0.693627 0.632353
vt 0.693627 0.637255
vt 0.693628 0.642157
vt 0.693628 0.647059
vt 0.693628 0.651961
vt 0.693628 0.656863
vt 0.693628 0.661765
vt 0.693628 0.666667
vt 0.693628 0.671569
vt 0.693628 0.676471
vt 0.693628 0.681373
vt 0.693627 0.686274
vt 0.693627 0.691176
vt 0.693627 0.696078
vt 0.693627 0.700980
vt 0.693627 0.705882
vt 0.693627 0.710784
vt 0.693627 0.715686
vt 0.693627 0.720588
vt 0.693627 0.725490
vt 0.693628 0.730392
vt 0.693627 0.735294
vt 0.693627 0.740196
vt 0.693627 0.745098
vt 0.698529 0.504902
vt 0.698529 0.509804
vt 0.698529 0.514706
vt 0.698529 0.519608
vt 0.698529 0.524510
vt 0.698529 0.529412
vt 0.698529 0.534314
vt 0.698530 0.539216
vt 0.698530 0.544118
vt 0.698530 0.549020
vt 0.698530 0.553922
vt 0.698530 0.558824
vt 0.698530 0.563726
vt 0.698530 0.568627
vt 0.698530 0.573529
vt 0.698530 0.578431
vt 0.698530 0.583333
vt 0.698530 0.588235
vt 0.698530 0.593137
vt 0.698530 0.598039
vt 0.698530 0.602941
vt 0.698530 0.607843
vt 0.698530 0.612745
vt 0.698530 0.617647
vt 0.698530 0.622549
vt 0.698530 0.627451
vt 0.698530 0.632353
vt 0.698529 0.637255
vt 0.698529 0.642157
vt 0.698529 0.647059
vt 0.698529 0.651961
vt 0.698529 0.656863
vt 0.698529 0.661765
vt 0.698529 0.666667
vt 0.698529 0.671569
vt 0.698529 0.676471
vt 0.698529 0.681373
vt 0.698529 0.686275
vt 0.698529 0.691176
vt 0.698529 0.696078
vt 0.698529 0.700980
vt 0.698529 0.705882
vt 0.698529 0.710784
vt 0.698529 0.715686
vt 0.698529 0.720588
vt 0.698529 0.725490
vt 0.698529 0.730392
vt 0.698529 0.735294
vt 0.698529 0.740196
vt 0.698529 0.745098
vt 0.703431 0.504902
vt 0.703431 0.509804
vt 0.703431 0.514706
vt 0.703431 0.519608
vt 0.703431 0.524510
vt 0.703431 0.529412
vt 0.703431 0.534314
vt 0.703431 0.539216
vt 0.703431 0.544118
vt 0.703431 0.549020
vt 0.703431 0.553922
vt 0.703431 0.558824
vt 0.703431 0.563726
vt 0.703431 0.568627
vt 0.703431 0.573529
vt 0.703431 0.578431
vt 0.703431 0.583333
vt 0.703431 0.588235
vt 0.703431 0.593137
vt 0.703431 0.598039
vt 0.703431 0.602941
vt 0.703431 0.607843
vt 0.703431 0.612745
vt 0.703431 0.617647
vt 0.703431 0.622549
vt 0.703431 0.627451
vt 0.703431 0.632353
vt 0.703431 0.637255
vt 0.703431 0.642157
vt 0.703431 0.647059
vt 0.703431 0.651961
vt 0.703431 0.656863
vt 0.703431 0.661765
vt 0.703431 0.666667
vt 0.703431 0.671569
vt 0.703431 0.676471
vt 0.703431 0.681373
vt 0.703431 0.686274
vt 0.703431 0.691176
vt 0.703431 0.696078
vt 0.703431 0.700980
vt 0.703431 0.705882
vt 0.703431 0.710784
vt 0.703431 0.715686
vt 0.703431 0.720588
vt 0.703431 0.725490
vt 0.703431 0.730392
vt 0.703431 0.735294
vt 0.703431 0.740196
vt 0.703431 0.745098
vt 0.708333 0.504902
vt 0.708333 0.509804
vt 0.708333 0.514706
vt 0.708333 0.519608
vt 0.708333 0.524510
vt 0.708333 0.529412
vt 0.708333 0.534314
vt 0.708333 0.539216
vt 0.708333 0.544118
vt 0.708333 0.549020
vt 0.708333 0.553922
vt 0.708333 0.558824
vt 0.708333 0.563726
vt 0.708333 0.568627
vt 0.708333 0.573529
vt 0.708333 0.578431
vt 0.708333 0.583333
vt 0.708333 0.588235
vt 0.708333 0.593137
vt 0.708333 0.598039
vt 0.708333 0.602941
vt 0.708333 0.607843
vt 0.708333 0.612745
vt 0.708333 0.617647
vt 0.708333 0.622549
vt 0.708333 0.627451
vt 0.708333 0.632353
vt 0.708333 0.637255
vt 0.708333 0.642157
vt 0.708333 0.647059
vt 0.708333 0.651961
vt 0.708333 0.656863
vt 0.708333 0.661765
vt 0.708333 0.666667
vt 0.708333 0.671569
vt 0.708333 0.676471
vt 0.708333 0.681373
vt 0.708333 0.686274
vt 0.708333 0.691176
vt 0.708333 0.696078
vt 0.708333 0.700980
vt 0.708333 0.705882
vt 0.708333 0.710784
vt 0.708333 0.715686
vt 0.708333 0.720588
vt 0.708333 0.725490
vt 0.708333 0.730392
vt 0.708333 0.735294
vt 0.708333 0.740196
vt 0.708333 0.745098
vt 0.713235 0.504902
vt 0.713235 0.509804
vt 0.713235 0.514706
vt 0.713235 0.519608
vt 0.713235 0.524510
vt 0.713235 0.529412
vt 0.713235 0.534314
vt 0.713235 0.539216
vt 0.713235 0.544118
vt 0.713235 0.549020
vt 0.713235 0.553922
vt 0.713235 0.558824
vt 0.713235 0.563726
vt 0.713235 0.568627
vt 0.713235 0.573529
vt 0.713235 0.578431
vt 0.713235 0.583333
vt 0.713235 0.588235
vt 0.713235 0.593137
vt 0.713235 0.598039
vt 0.713235 0.602941
vt 0.713235 0.607843
vt 0.713235 0.612745
vt 0.713235 0.617647
vt 0.713235 0.622549
vt 0.713235 0.627451
vt 0.713235 0.632353
vt 0.713235 0.637255
vt 0.713235 0.642157
vt 0.713235 0.647059
vt 0.713235 0.651961
vt 0.713235 0.656863
vt 0.713235 0.661765
vt 0.713235 0.666667
vt 0.713235 0.671569
vt 0.713235 0.676471
vt 0.713235 0.681373
vt 0.713235 0.686274
vt 0.713235 0.691176
vt 0.713235 0.696078
vt 0.713235 0.700980
vt 0.713235 0.705882
vt 0.713235 0.710784
vt 0.713235 0.715686
vt 0.713235 0.720588
vt 0.713235 0.725490
vt 0.713235 0.730392
vt 0.713235 0.735294
vt 0.713235 0.740196
vt 0.713235 0.745098
vt 0.718137 0.504902
vt 0.718137 0.509804
vt 0.718137 0.514706
vt 0.718137 0.519608
vt 0.718137 0.524510
vt 0.718137 0.529412
vt 0.718137 0.534314
vt 0.718137 0.539216
vt 0.718137 0.544118
vt 0.718137 0.549020
vt 0.718137 0.553922
vt 0.718137 0.558824
vt 0.718137 0.563726
vt 0.718137 0.568627
vt 0.718137 0.573529
vt 0.718137 0.578431
vt 0.718137 0.583333
vt 0.718137 0.588235
vt 0.718137 0.593137
vt 0.718137 0.598039
vt 0.718137 0.602941
vt 0.718137 0.607843
vt 0.718137 0.612745
vt 0.718137 0.617647
vt 0.718137 0.622549
vt 0.718137 0.627451
vt 0.718137 0.632353
vt 0.718137 0.637255
vt 0.718137 0.642157
vt 0.718137 0.647059
vt 0.718137 0.651961
vt 0.718137 0.656863
vt 0.718137 0.661765
vt 0.718137 0.666667
vt 0.718137 0.671569
vt 0.718137 0.676471
vt 0.718137 0.681373
vt 0.718137 0.686274
vt 0.718137 0.691176
vt 0.718137 0.696078
vt 0.718137 0.700980
vt 0.718137 0.705882
vt 0.718137 0.710784
vt 0.718137 0.715686
vt 0.718137 0.720588
vt 0.718137 0.725490
vt 0.718137 0.730392
vt 0.718137 0.735294
vt 0.718137 0.740196
vt 0.718137 0.745098
vt 0.723039 0.504902
vt 0.723039 0.509804
vt 0.723039 0.514706
vt 0.723039 0.519608
vt 0.723039 0.524510
vt 0.723039 0.529412
vt 0.723039 0.534314
vt 0.723039 0.539216
vt 0.723039 0.544118
vt 0.723039 0.549020
vt 0.723039 0.553922
vt 0.723039 0.558824
vt 0.723039 0.563726
vt 0.723039 0.568627
vt 0.723039 0.573529
vt 0.723039 0.578431
vt 0.723039 0.583333
vt 0.723039 0.588235
vt 0.723039 0.593137
vt 0.723039 0.598039
vt 0.723039 0.602941
vt 0.723039 0.607843
vt 0.723039 0.612745
vt 0.723039 0.617647
vt 0.723039 0.622549
vt 0.723039 0.627451
vt 0.723039 0.632353
vt 0.723039 0.637255
vt 0.723039 0.642157
vt 0.723039 0.647059
vt 0.723039 0.651961
vt 0.723039 0.656863
vt 0.723039 0.661765
vt 0.723039 0.666667
vt 0.723039 0.671569
vt 0.723039 0.676471
vt 0.723039 0.681373
vt 0.723039 0.686274
vt 0.723039 0.691176
vt 0.723039 0.696078
vt 0.723039 0.700980
vt 0.723039 0.705882
vt 0.723039 0.710784
vt 0.723039 0.715686
vt 0.723039 0.720588
vt 0.723039 0.725490
vt 0.723039 0.730392
vt 0.723039 0.735294
vt 0.723039 0.740196
vt 0.723039 0.745098
vt 0.727941 0.504902
vt 0.727941 0.509804
vt 0.727941 0.514706
vt 0.727941 0.519608
vt 0.727941 0.524510
vt 0.727941 0.529412
vt 0.727941 0.534314
vt 0.727941 0.539216
vt 0.727941 0.544118
vt 0.727941 0.549020
vt 0.727941 0.553922
vt 0.727941 0.558824
vt 0.727941 0.563726
vt 0.727941 0.568627
vt 0.727941 0.573529
vt 0.727941 0.578431
vt 0.727941 0.583333
vt 0.727941 0.588235
vt 0.727941 0.593137
vt 0.727941 0.598039
vt 0.727941 0.602941
vt 0.727941 0.607843
vt 0.727941 0.612745
vt 0.727941 0.617647
vt 0.727941 0.622549
vt 0.727941 0.627451
vt 0.727941 0.632353
vt 0.727941 0.637255
vt 0.727941 0.642157
vt 0.727941 0.647059
vt 0.727941 0.651961
vt 0.727941 0.656863
vt 0.727941 0.661765
vt 0.727941 0.666667
vt 0.727941 0.671569
vt 0.727941 0.676471
vt 0.727941 0.681373
vt 0.727941 0.686274
vt 0.727941 0.691176
vt 0.727941 0.696078
vt 0.727941 0.700980
vt 0.727941 0.705882
vt 0.727941 0.710784
vt 0.727941 0.715686
vt 0.727941 0.720588
vt 0.727941 0.725490
vt 0.727941 0.730392
vt 0.727941 0.735294
vt 0.727941 0.740196
vt 0.727941 0.745098
vt 0.732843 0.504902
vt 0.732843 0.509804
vt 0.732843 0.514706
vt 0.732843 0.519608
vt 0.732843 0.524510
vt 0.732843 0.529412
vt 0.732843 0.534314
vt 0.732843 0.539216
vt 0.732843 0.544118
vt 0.732843 0.549020
vt 0.732843 0.553921
vt 0.732843 0.558823
vt 0.732843 0.563725
vt 0.732843 0.568627
vt 0.732843 0.573529
vt 0.732843 0.578431
vt 0.732843 0.583333
vt 0.732843 0.588235
vt 0.732843 0.593137
vt 0.732843 0.598039
vt 0.732843 0.602941
vt 0.732843 0.607843
vt 0.732843 0.612745
vt 0.732843 0.617647
vt 0.732843 0.622549
vt 0.732843 0.627451
vt 0.732843 0.632353
vt 0.732843 0.637255
vt 0.732843 0.642157
vt 0.732843 0.647059
vt 0.732843 0.651961
vt 0.732843 0.656863
vt 0.732843 0.661765
vt 0.732843 0.666667
vt 0.732843 0.671569
vt 0.732843 0.676471
vt 0.732843 0.681373
vt 0.732843 0.686274
vt 0.732843 0.691176
vt 0.732843 0.696078
vt 0.732843 0.700980
vt 0.732843 0.705882
vt 0.732843 0.710784
vt 0.732843 0.715686
vt 0.732843 0.720588
vt 0.732843 0.725490
vt 0.732843 0.730392
vt 0.732843 0.735294
vt 0.732843 0.740196
vt 0.732843 0.745098
vt 0.737745 0.504902
vt 0.737745 0.509804
vt 0.737745 0.514706
vt 0.737745 0.519608
vt 0.737745 0.524510
vt 0.737745 0.529412
vt 0.737745 0.534314
vt 0.737745 0.539216
vt 0.737745 0.544118
vt 0.737745 0.549020
vt 0.737745 0.553921
vt 0.737745 0.558823
vt 0.737745 0.563725
vt 0.737745 0.568627
vt 0.737745 0.573529
vt 0.737745 0.578431
vt 0.737745 0.583333
vt 0.737745 0.588235
vt 0.737745 0.593137
vt 0.737745 0.598039
vt 0.737745 0.602941
vt 0.737745 0.607843
vt 0.737745 0.612745
vt 0.737745 0.617647
vt 0.737745 0.622549
vt 0.737745 0.627451
vt 0.737745 0.632353
vt 0.737745 0.637255
vt 0.737745 0.642157
vt 0.737745 0.647059
vt 0.737745 0.651961
vt 0.737745 0.656863
vt 0.737745 0.661765
vt 0.737745 0.666667
vt 0.737745 0.671569
vt 0.737745 0.676471
vt 0.737745 0.681373
vt 0.737745 0.686274
vt 0.737745 0.691176
vt 0.737745 0.696078
vt 0.737745 0.700980
vt 0.737745 0.705882
vt 0.737745 0.710784
vt 0.737745 0.715686
vt 0.737745 0.720588
vt 0.737745 0.725490
vt 0.737745 0.730392
vt 0.737745 0.735294
vt 0.737745 0.740196
vt 0.737745 0.745098
vt 0.742647 0.504902
vt 0.742647 0.509804
vt 0.742647 0.514706
vt 0.742647 0.519608
vt 0.742647 0.524510
vt 0.742647 0.529412
vt 0.742647 0.534314
vt 0.742647 0.539216
vt 0.742647 0.544118
vt 0.742647 0.549020
vt 0.742647 0.553922
vt 0.742647 0.558824
vt 0.742647 0.563726
vt 0.742647 0.568627
vt 0.742647 0.573529
vt 0.742647 0.578431
vt 0.742647 0.583333
vt 0.742647 0.588235
vt 0.742647 0.593137
vt 0.742647 0.598039
vt 0.742647 0.602941
vt 0.742647 0.607843
vt 0.742647 0.612745
vt 0.742647 0.617647
vt 0.742647 0.622549
vt 0.742647 0.627451
vt 0.742647 0.632353
vt 0.742647 0.637255
vt 0.742647 0.642157
vt 0.742647 0.647059
vt 0.742647 0.651961
vt 0.742647 0.656863
vt 0.742647 0.661765
vt 0.742647 0.666667
vt 0.742647 0.671569
vt 0.742647 0.676471
vt 0.742647 0.681373
vt 0.742647 0.686274
vt 0.742647 0.691176
vt 0.742647 0.696078
vt 0.742647 0.700980
vt 0.742647 0.705882
vt 0.742647 0.710784
vt 0.742647 0.715686
vt 0.742647 0.720588
vt 0.742647 0.725490
vt 0.742647 0.730392
vt 0.742647 0.735294
vt 0.742647 0.740196
vt 0.742647 0.745098
vt 0.747549 0.504902
vt 0.747549 0.509804
vt 0.747549 0.514706
vt 0.747549 0.519608
vt 0.747549 0.524510
vt 0.747549 0.529412
vt 0.747549 0.534314
vt 0.747549 0.539216
vt 0.747549 0.544118
vt 0.747549 0.549020
vt 0.747549 0.553922
vt 0.747549 0.558824
vt 0.747549 0.563726
vt 0.747549 0.568627
vt 0.747549 0.573529
vt 0.747549 0.578431
vt 0.747549 0.583333
vt 0.747549 0.588235
vt 0.747549 0.593137
vt 0.747549 0.598039
vt 0.747549 0.602941
vt 0.747549 0.607843
vt 0.747549 0.612745
vt 0.747549 0.617647
vt 0.747549 0.622549
vt 0.747549 0.627451
vt 0.747549 0.632353
vt 0.747549 0.637255
vt 0.747549 0.642157
vt 0.747549 0.647059
vt 0.747549 0.651961
vt 0.747549 0.656863
vt 0.747549 0.661765
vt 0.747549 0.666667
vt 0.747549 0.671569
vt 0.747549 0.676471
vt 0.747549 0.681373
vt 0.747549 0.686275
vt 0.747549 0.691176
vt 0.747549 0.696078
vt 0.747549 0.700980
vt 0.747549 0.705882
vt 0.747549 0.710784
vt 0.747549 0.715686
vt 0.747549 0.720588
vt 0.747549 0.725490
vt 0.747549 0.730392
vt 0.747549 0.735294
vt 0.747549 0.740196
vt 0.747549 0.745098
vt 0.752451 0.504902
vt 0.752451 0.509804
vt 0.752451 0.514706
vt 0.752451 0.519608
vt 0.752451 0.524510
vt 0.752451 0.529412
vt 0.752451 0.534314
vt 0.752451 0.539216
vt 0.752451 0.544118
vt 0.752451 0.549020
vt 0.752451 0.553922
vt 0.752451 0.558824
vt 0.752451 0.563726
vt 0.752451 0.568627
vt 0.752451 0.573529
vt 0.752451 0.578431
vt 0.752451 0.583333
vt 0.752451 0.588235
vt 0.752451 0.593137
vt 0.752451 0.598039
vt 0.752451 0.602941
vt 0.752451 0.607843
vt 0.752451 0.612745
vt 0.752451 0.617647
vt 0.752451 0.622549
vt 0.752451 0.627451
vt 0.752451 0.632353
vt 0.752451 0.637255
vt 0.752451 0.642157
vt 0.752451 0.647059
vt 0.752451 0.651961
vt 0.752451 0.656863
vt 0.752451 0.661765
vt 0.752451 0.666667
vt 0.752451 0.671569
vt 0.752451 0.676471
vt 0.752451 0.681373
vt 0.752451 0.686275
vt 0.752451 0.691176
vt 0.752451 0.696078
vt 0.752451 0.700980
vt 0.752451 0.705882
vt 0.752451 0.710784
vt 0.752451 0.715686
vt 0.752451 0.720588
vt 0.752451 0.725490
vt 0.752451 0.730392
vt 0.752451 0.735294
vt 0.752451 0.740196
vt 0.752451 0.745098
vt 0.757353 0.504902
vt 0.757353 0.509804
vt 0.757353 0.514706
vt 0.757353 0.519608
vt 0.757353 0.524510
vt 0.757353 0.529412
vt 0.757353 0.534314
vt 0.757353 0.539216
vt 0.757353 0.544118
vt 0.757353 0.549020
vt 0.757353 0.553922
vt 0.757353 0.558824
vt 0.757353 0.563726
vt 0.757353 0.568627
vt 0.757353 0.573529
vt 0.757353 0.578431
vt 0.757353 0.583333
vt 0.757353 0.588235
vt 0.757353 0.593137
vt 0.757353 0.598039
vt 0.757353 0.602941
vt 0.757353 0.607843
vt 0.757353 0.612745
vt 0.757353 0.617647
vt 0.757353 0.622549
vt 0.757353 0.627451
vt 0.757353 0.632353
vt 0.757353 0.637255
vt 0.757353 0.642157
vt 0.757353 0.647059
vt 0.757353 0.651961
vt 0.757353 0.656863
vt 0.757353 0.661765
vt 0.757353 0.666667
vt 0.757353 0.671569
vt 0.757353 0.676471
vt 0.757353 0.681373
vt 0.757353 0.686274
vt 0.757353 0.691176
vt 0.757353 0.696078
vt 0.757353 0.700980
vt 0.757353 0.705882
vt 0.757353 0.710784
vt 0.757353 0.715686
vt 0.757353 0.720588
vt 0.757353 0.725490
vt 0.757353 0.730392
vt 0.757353 0.735294
vt 0.757353 0.740196
vt 0.757353 0.745098
vt 0.762255 0.504902
vt 0.762255 0.509804
vt 0.762255 0.514706
vt 0.762255 0.519608
vt 0.762255 0.524510
vt 0.762255 0.529412
vt 0.762255 0.534314
vt 0.762255 0.539216
vt 0.762255 0.544118
vt 0.762255 0.549020
vt 0.762255 0.553922
vt 0.762255 0.558824
vt 0.762255 0.563726
vt 0.762255 0.568627
vt 0.762255 0.573529
vt 0.762255 0.578431
vt 0.762255 0.583333
vt 0.762255 0.588235
vt 0.762255 0.593137
vt 0.762255 0.598039
vt 0.762255 0.602941
vt 0.762255 0.607843
vt 0.762255 0.612745
vt 0.762255 0.617647
vt 0.762255 0.622549
vt 0.762255 0.627451
vt 0.762255 0.632353
vt 0.762255 0.637255
vt 0.762255 0.642157
vt 0.762255 0.647059
vt 0.762255 0.651961
vt 0.762255 0.656863
vt 0.762255 0.661765
vt 0.762255 0.666667
vt 0.762255 0.671569
vt 0.762255 0.676471
vt 0.762255 0.681373
vt 0.762255 0.686274
vt 0.762255 0.691176
vt 0.762255 0.696078
vt 0.762255 0.700980
vt 0.762255 0.705882
vt 0.762255 0.710784
vt 0.762255 0.715686
vt 0.762255 0.720588
vt 0.762255 0.725490
vt 0.762255 0.730392
vt 0.762255 0.735294
vt 0.762255 0.740196
vt 0.762255 0.745098
vt 0.767157 0.504902
vt 0.767157 0.509804
vt 0.767157 0.514706
vt 0.767157 0.519608
vt 0.767157 0.524510
vt 0.767157 0.529412
vt 0.767157 0.534314
vt 0.767157 0.539216
vt 0.767157 0.544118
vt 0.767157 0.549020
vt 0.767157 0.553922
vt 0.767157 0.558824
vt 0.767157 0.563726
vt 0.767157 0.568627
vt 0.767157 0.573529
vt 0.767157 0.578431
vt 0.767157 0.583333
vt 0.767157 0.588235
vt 0.767157 0.593137
vt 0.767157 0.598039
vt 0.767157 0.602941
vt 0.767157 0.607843
vt 0.767157 0.612745
vt 0.767157 0.617647
vt 0.767157 0.622549
vt 0.767157 0.627451
vt 0.767157 0.632353
vt 0.767157 0.637255
vt 0.767157 0.642157
vt 0.767157 0.647059
vt 0.767157 0.651961
vt 0.767157 0.656863
vt 0.767157 0.661765
vt 0.767157 0.666667
vt 0.767157 0.671569
vt 0.767157 0.676471
vt 0.767157 0.681373
vt 0.767157 0.686274
vt 0.767157 0.691176
vt 0.767157 0.696078
vt 0.767157 0.700980
vt 0.767157 0.705882
vt 0.767157 0.710784
vt 0.767157 0.715686
vt 0.767157 0.720588
vt 0.767157 0.725490
vt 0.767157 0.730392
vt 0.767157 0.735294
vt 0.767157 0.740196
vt 0.767157 0.745098
vt 0.772059 0.504902
vt 0.772059 0.509804
vt 0.772059 0.514706
vt 0.772059 0.519608
vt 0.772059 0.524510
vt 0.772059 0.529412
vt 0.772059 0.534314
vt 0.772059 0.539216
vt 0.772059 0.544118
vt 0.772059 0.549020
vt 0.772059 0.553922
vt 0.772059 0.558824
vt 0.772059 0.563726
vt 0.772059 0.568627
vt 0.772059 0.573529
vt 0.772059 0.578431
vt 0.772059 0.583333
vt 0.772059 0.588235
vt 0.772059 0.593137
vt 0.772059 0.598039
vt 0.772059 0.602941
vt 0.772059 0.607843
vt 0.772059 0.612745
vt 0.772059 0.617647
vt 0.772059 0.622549
vt 0.772059 0.627451
vt 0.772059 0.632353
vt 0.772059 0.637255
vt 0.772059 0.642157
vt 0.772059 0.647059
vt 0.772059 0.651961
vt 0.772059 0.656863
vt 0.772059 0.661765
vt 0.772059 0.666667
vt 0.772059 0.671569
vt 0.772059 0.676471
vt 0.772059 0.681373
vt 0.772059 0.686274
vt 0.772059 0.691176
vt 0.772059 0.696078
vt 0.772059 0.700980
vt 0.772059 0.705882
vt 0.772059 0.710784
vt 0.772059 0.715686
vt 0.772059 0.720588
vt 0.772059 0.725490
vt 0.772059 0.730392
vt 0.772059 0.735294
vt 0.772059 0.740196
vt 0.772059 0.745098
vt 0.776961 0.504902
vt 0.776961 0.509804
vt 0.776961 0.514706
vt 0.776961 0.519608
vt 0.776961 0.524510
vt 0.776961 0.529412
vt 0.776961 0.534314
vt 0.776961 0.539216
vt 0.776961 0.544118
vt 0.776961 0.549020
vt 0.776961 0.553922
vt 0.776961 0.558824
vt 0.776961 0.563726
vt 0.776961 0.568627
vt 0.776961 0.573529
vt 0.776961 0.578431
vt 0.776961 0.583333
vt 0.776961 0.588235
vt 0.776961 0.593137
vt 0.776961 0.598039
vt 0.776961 0.602941
vt 0.776961 0.607843
vt 0.776961 0.612745
vt 0.776961 0.617647
vt 0.776961 0.622549
vt 0.776961 0.627451
vt 0.776961 0.632353
vt 0.776961 0.637255
vt 0.776961 0.642157
vt 0.776961 0.647059
vt 0.776961 0.651961
vt 0.776961 0.656863
vt 0.776961 0.661765
vt 0.776961 0.666667
vt 0.776961 0.671569
vt 0.776961 0.676471
vt 0.776961 0.681373
vt 0.776961 0.686274
vt 0.776961 0.691176
vt 0.776961 0.696078
vt 0.776961 0.700980
vt 0.776961 0.705882
vt 0.776961 0.710784
vt 0.776961 0.715686
vt 0.776961 0.720588
vt 0.776961 0.725490
vt 0.776961 0.730392
vt 0.776961 0.735294
vt 0.776961 0.740196
vt 0.776961 0.745098
vt 0.781863 0.504902
vt 0.781863 0.509804
vt 0.781863 0.514706
vt 0.781863 0.519608
vt 0.781863 0.524510
vt 0.781863 0.529412
vt 0.781863 0.534314
vt 0.781863 0.539216
vt 0.781863 0.544118
vt 0.781863 0.549020
vt 0.781863 0.553922
vt 0.781863 0.558824
vt 0.781863 0.563726
vt 0.781863 0.568627
vt 0.781863 0.573529
vt 0.781863 0.578431
vt 0.781863 0.583333
vt 0.781863 0.588235
vt 0.781863 0.593137
vt 0.781863 0.598039
vt 0.781863 0.602941
vt 0.781863 0.607843
vt 0.781863 0.612745
vt 0.781863 0.617647
vt 0.781863 0.622549
vt 0.781863 0.627451
vt 0.781863 0.632353
vt 0.781863 0.637255
vt 0.781863 0.642157
vt 0.781863 0.647059
vt 0.781863 0.651961
vt 0.781863 0.656863
vt 0.781863 0.661765
vt 0.781863 0.666667
vt 0.781863 0.671569
vt 0.781863 0.676471
vt 0.781863 0.681373
vt 0.781863 0.686274
vt 0.781863 0.691176
vt 0.781863 0.696078
vt 0.781863 0.700980
vt 0.781863 0.705882
vt 0.781863 0.710784
vt 0.781863 0.715686
vt 0.781863 0.720588
vt 0.781863 0.725490
vt 0.781863 0.730392
vt 0.781863 0.735294
vt 0.781863 0.740196
vt 0.781863 0.745098
vt 0.786765 0.504902
vt 0.786765 0.509804
vt 0.786765 0.514706
vt 0.786765 0.519608
vt 0.786765 0.524510
vt 0.786765 0.529412
vt 0.786765 0.534314
vt 0.786765 0.539216
vt 0.786765 0.544118
vt 0.786765 0.549020
vt 0.786765 0.553922
vt 0.786765 0.558824
vt 0.786765 0.563726
vt 0.786765 0.568627
vt 0.786765 0.573529
vt 0.786765 0.578431
vt 0.786765 0.583333
vt 0.786765 0.588235
vt 0.786765 0.593137
vt 0.786765 0.598039
vt 0.786765 0.602941
vt 0.786765 0.607843
vt 0.786765 0.612745
vt 0.786765 0.617647
vt 0.786765 0.622549
vt 0.786765 0.627451
vt 0.786765 0.632353
vt 0.786765 0.637255
vt 0.786765 0.642157
vt 0.786765 0.647059
vt 0.786765 0.651961
vt 0.786765 0.656863
vt 0.786765 0.661765
vt 0.786765 0.666667
vt 0.786765 0.671569
vt 0.786765 0.676471
vt 0.786765 0.681373
vt 0.786765 0.686275
vt 0.786765 0.691176
vt 0.786765 0.696078
vt 0.786765 0.700980
vt 0.786765 0.705882
vt 0.786765 0.710784
vt 0.786765 0.715686
vt 0.786765 0.720588
vt 0.786765 0.725490
vt 0.786765 0.730392
vt 0.786765 0.735294
vt 0.786765 0.740196
vt 0.786765 0.745098
vt 0.791667 0.504902
vt 0.791667 0.509804
vt 0.791667 0.514706
vt 0.791667 0.519608
vt 0.791667 0.524510
vt 0.791667 0.529412
vt 0.791667 0.534314
vt 0.791667 0.539216
vt 0.791667 0.544118
vt 0.791667 0.549020
vt 0.791667 0.553922
vt 0.791667 0.558824
vt 0.791667 0.563726
vt 0.791667 0.568627
vt 0.791667 0.573529
vt 0.791667 0.578431
vt 0.791667 0.583333
vt 0.791667 0.588235
vt 0.791667 0.593137
vt 0.791667 0.598039
vt 0.791667 0.602941
vt 0.791667 0.607843
vt 0.791667 0.612745
vt 0.791667 0.617647
vt 0.791667 0.622549
vt 0.791667 0.627451
vt 0.791667 0.632353
vt 0.791667 0.637255
vt 0.791667 0.642157
vt 0.791667 0.647059
vt 0.791667 0.651961
vt 0.791667 0.656863
vt 0.791667 0.661765
vt 0.791667 0.666667
vt 0.791667 0.671569
vt 0.791667 0.676471
vt 0.791667 0.681373
vt 0.791667 0.686275
vt 0.791667 0.691176
vt 0.791667 0.696078
vt 0.791667 0.700980
vt 0.791667 0.705882
vt 0.791667 0.710784
vt 0.791667 0.715686
vt 0.791667 0.720588
vt 0.791667 0.725490
vt 0.791667 0.730392
vt 0.791667 0.735294
vt 0.791667 0.740196
vt 0.791667 0.745098
vt 0.796569 0.504902
vt 0.796569 0.509804
vt 0.796569 0.514706
vt 0.796569 0.519608
vt 0.796569 0.524510
vt 0.796569 0.529412
vt 0.796569 0.534314
vt 0.796569 0.539216
vt 0.796569 0.544118
vt 0.796569 0.549020
vt 0.796569 0.553922
vt 0.796569 0.558824
vt 0.796569 0.563726
vt 0.796569 0.568627
vt 0.796569 0.573529
vt 0.796569 0.578431
vt 0.796569 0.583333
vt 0.796569 0.588235
vt 0.796569 0.593137
vt 0.796569 0.598039
vt 0.796569 0.602941
vt 0.796569 0.607843
vt 0.796569 0.612745
vt 0.796569 0.617647
vt 0.796569 0.622549
vt 0.796569 0.627451
vt 0.796569 0.632353
vt 0.796569 0.637255
vt 0.796569 0.642157
vt 0.796569 0.647059
vt 0.796569 0.651961
vt 0.796569 0.656863
vt 0.796569 0.661765
vt 0.796569 0.666667
vt 0.796569 0.671569
vt 0.796569 0.676471
vt 0.796569 0.681373
vt 0.796569 0.686275
vt 0.796569 0.691176
vt 0.796569 0.696078
vt 0.796569 0.700980
vt 0.796569 0.705882
vt 0.796569 0.710784
vt 0.796569 0.715686
vt 0.796569 0.720588
vt 0.796569 0.725490
vt 0.796569 0.730392
vt 0.796569 0.735294
vt 0.796569 0.740196
vt 0.796569 0.745098
vt 0.801471 0.504902
vt 0.801471 0.509804
vt 0.801471 0.514706
vt 0.801471 0.519608
vt 0.801471 0.524510
vt 0.801471 0.529412
vt 0.801471 0.534314
vt 0.801471 0.539216
vt 0.801471 0.544118
vt 0.801471 0.549020
vt 0.801471 0.553922
vt 0.801471 0.558824
vt 0.801471 0.563726
vt 0.801471 0.568627
vt 0.801471 0.573529
vt 0.801471 0.578431
vt 0.801471 0.583333
vt 0.801471 0.588235
vt 0.801471 0.593137
vt 0.801471 0.598039
vt 0.801471 0.602941
vt 0.801471 0.607843
vt 0.801471 0.612745
vt 0.801471 0.617647
vt 0.801471 0.622549
vt 0.801471 0.627451
vt 0.801471 0.632353
vt 0.801471 0.637255
vt 0.801471 0.642157
vt 0.801471 0.647059
vt 0.801471 0.651961
vt 0.801471 0.656863
vt 0.801471 0.661765
vt 0.801471 0.666667
vt 0.801471 0.671569
vt 0.801471 0.676471
vt 0.801471 0.681373
vt 0.801471 0.686275
vt 0.801471 0.691176
vt 0.801471 0.696078
vt 0.801471 0.700980
vt 0.801471 0.705882
vt 0.801471 0.710784
vt 0.801471 0.715686
vt 0.801471 0.720588
vt 0.801471 0.725490
vt 0.801471 0.730392
vt 0.801471 0.735294
vt 0.801471 0.740196
vt 0.801471 0.745098
vt 0.806373 0.504902
vt 0.806373 0.509804
vt 0.806373 0.514706
vt 0.806373 0.519608
vt 0.806373 0.524510
vt 0.806373 0.529412
vt 0.806373 0.534314
vt 0.806373 0.539216
vt 0.806373 0.544118
vt 0.806373 0.549020
vt 0.806373 0.553922
vt 0.806373 0.558824
vt 0.806373 0.563726
vt 0.806373 0.568627
vt 0.806373 0.573529
vt 0.806373 0.578431
vt 0.806373 0.583333
vt 0.806373 0.588235
vt 0.806373 0.593137
vt 0.806373 0.598039
vt 0.806373 0.602941
vt 0.806373 0.607843
vt 0.806372 0.612745
vt 0.806372 0.617647
vt 0.806372 0.622549
vt 0.806372 0.627451
vt 0.806372 0.632353
vt 0.806372 0.637255
vt 0.806372 0.642157
vt 0.806372 0.647059
vt 0.806372 0.651961
vt 0.806372 0.656863
vt 0.806372 0.661765
vt 0.806372 0.666667
vt 0.806372 0.671569
vt 0.806372 0.676471
vt 0.806372 0.681373
vt 0.806372 0.686275
vt 0.806372 0.691176
vt 0.806372 0.696078
vt 0.806372 0.700980
vt 0.806372 0.705882
vt 0.806372 0.710784
vt 0.806372 0.715686
vt 0.806372 0.720588
vt 0.806372 0.725490
vt 0.806372 0.730392
vt 0.806372 0.735294
vt 0.806372 0.740196
vt 0.806372 0.745098
vt 0.811275 0.504902
vt 0.811275 0.509804
vt 0.811275 0.514706
vt 0.811275 0.519608
vt 0.811275 0.524510
vt 0.811275 0.529412
vt 0.811275 0.534314
vt 0.811275 0.539216
vt 0.811275 0.544118
vt 0.811275 0.549020
vt 0.811275 0.553922
vt 0.811275 0.558824
vt 0.811275 0.563726
vt 0.811275 0.568627
vt 0.811275 0.573529
vt 0.811275 0.578431
vt 0.811275 0.583333
vt 0.811274 0.588235
vt 0.811274 0.593137
vt 0.811274 0.598039
vt 0.811274 0.602941
vt 0.811274 0.607843
vt 0.811274 0.612745
vt 0.811274 0.617647
vt 0.811274 0.622549
vt 0.811274 0.627451
vt 0.811274 0.632353
vt 0.811274 0.637255
vt 0.811274 0.642157
vt 0.811274 0.647059
vt 0.811274 0.651961
vt 0.811274 0.656863
vt 0.811274 0.661765
vt 0.811274 0.666667
vt 0.811274 0.671569
vt 0.811274 0.676471
vt 0.811274 0.681373
vt 0.811274 0.686275
vt 0.811274 0.691176
vt 0.811274 0.696078
vt 0.811274 0.700980
vt 0.811274 0.705882
vt 0.811274 0.710784
vt 0.811274 0.715686
vt 0.811274 0.720588
vt 0.811274 0.725490
vt 0.811275 0.730392
vt 0.811275 0.735294
vt 0.811274 0.740196
vt 0.811274 0.745098
vt 0.816177 0.504902
vt 0.816177 0.509804
vt 0.816177 0.514706
vt 0.816177 0.519608
vt 0.816177 0.524510
vt 0.816177 0.529412
vt 0.816177 0.534314
vt 0.816177 0.539216
vt 0.816177 0.544118
vt 0.816177 0.549020
vt 0.816177 0.553922
vt 0.816177 0.558824
vt 0.816177 0.563726
vt 0.816177 0.568627
vt 0.816177 0.573529
vt 0.816177 0.578431
vt 0.816177 0.583333
vt 0.816177 0.588235
vt 0.816177 0.593137
vt 0.816177 0.598039
vt 0.816177 0.602941
vt 0.816177 0.607843
vt 0.816177 0.612745
vt 0.816177 0.617647
vt 0.816177 0.622549
vt 0.816177 0.627451
vt 0.816177 0.632353
vt 0.816177 0.637255
vt 0.816177 0.642157
vt 0.816177 0.647059
vt 0.816177 0.651961
vt 0.816176 0.656863
vt 0.816176 0.661765
vt 0.816176 0.666667
vt 0.816177 0.671569
vt 0.816177 0.676471
vt 0.816177 0.681373
vt 0.816177 0.686275
vt 0.816177 0.691176
vt 0.816177 0.696078
vt 0.816177 0.700980
vt 0.816177 0.705882
vt 0.816177 0.710784
vt 0.816177 0.715686
vt 0.816177 0.720588
vt 0.816177 0.725490
vt 0.816177 0.730392
vt 0.816177 0.735294
vt 0.816176 0.740196
vt 0.816176 0.745098
vt 0.821078 0.504902
vt 0.821078 0.509804
vt 0.821078 0.514706
vt 0.821079 0.519608
vt 0.821079 0.524510
vt 0.821079 0.529412
vt 0.821079 0.534314
vt 0.821079 0.539216
vt 0.821079 0.544118
vt 0.821079 0.549020
vt 0.821079 0.553922
vt 0.821079 0.558824
vt 0.821079 0.563726
vt 0.821079 0.568627
vt 0.821079 0.573529
vt 0.821079 0.578431
vt 0.821079 0.583333
vt 0.821078 0.588235
vt 0.821079 0.593137
vt 0.821079 0.598039
vt 0.821079 0.602941
vt 0.821078 0.607843
vt 0.821078 0.612745
vt 0.821078 0.617647
vt 0.821078 0.622549
vt 0.821078 0.627451
vt 0.821078 0.632353
vt 0.821078 0.637255
vt 0.821078 0.642157
vt 0.821078 0.647059
vt 0.821078 0.651961
vt 0.821078 0.656863
vt 0.821078 0.661765
vt 0.821078 0.666667
vt 0.821078 0.671569
vt 0.821078 0.676471
vt 0.821078 0.681373
vt 0.821078 0.686275
vt 0.821078 0.691176
vt 0.821078 0.696078
vt 0.821078 0.700980
vt 0.821078 0.705882
vt 0.821078 0.710784
vt 0.821078 0.715686
vt 0.821078 0.720588
vt 0.821078 0.725490
vt 0.821078 0.730392
vt 0.821078 0.735294
vt 0.821078 0.740196
vt 0.821078 0.745098
vt 0.825980 0.504902
vt 0.825980 0.509804
vt 0.825980 0.514706
vt 0.825980 0.519608
vt 0.825980 0.524510
vt 0.825980 0.529412
vt 0.825980 0.534314
vt 0.825980 0.539216
vt 0.825980 0.544118
vt 0.825980 0.549020
vt 0.825980 0.553922
vt 0.825980 0.558824
vt 0.825980 0.563726
vt 0.825980 0.568627
vt 0.825980 0.573529
vt 0.825980 0.578431
vt 0.825980 0.583333
vt 0.825980 0.588235
vt 0.825980 0.593137
vt 0.825980 0.598039
vt 0.825980 0.602941
vt 0.825980 0.607843
vt 0.825980 0.612745
vt 0.825980 0.617647
vt 0.825980 0.622549
vt 0.825980 0.627451
vt 0.825980 0.632353
vt 0.825980 0.637255
vt 0.825980 0.642157
vt 0.825980 0.647059
vt 0.825980 0.651961
vt 0.825980 0.656863
vt 0.825980 0.661765
vt 0.825980 0.666667
vt 0.825980 0.671569
vt 0.825980 0.676471
vt 0.825980 0.681373
vt 0.825980 0.686274
vt 0.825980 0.691176
vt 0.825980 0.696078
vt 0.825980 0.700980
vt 0.825980 0.705882
vt 0.825980 0.710784
vt 0.825980 0.715686
vt 0.825980 0.720588
vt 0.825980 0.725490
vt 0.825980 0.730392
vt 0.825980 0.735294
vt 0.825980 0.740196
vt 0.825980 0.745098
vt 0.830882 0.504902
vt 0.830882 0.509804
vt 0.830882 0.514706
vt 0.830882 0.519608
vt 0.830882 0.524510
vt 0.830882 0.529412
vt 0.830882 0.534314
vt 0.830883 0.539216
vt 0.830883 0.544118
vt 0.830882 0.549020
vt 0.830882 0.553922
vt 0.830882 0.558824
vt 0.830882 0.563726
vt 0.830882 0.568627
vt 0.830882 0.573529
vt 0.830882 0.578431
vt 0.830882 0.583333
vt 0.830882 0.588235
vt 0.830882 0.593137
vt 0.830882 0.598039
vt 0.830882 0.602941
vt 0.830882 0.607843
vt 0.830882 0.612745
vt 0.830882 0.617647
vt 0.830882 0.622549
vt 0.830882 0.627451
vt 0.830882 0.632353
vt 0.830882 0.637255
vt 0.830882 0.642157
vt 0.830882 0.647059
vt 0.830882 0.651961
vt 0.830882 0.656863
vt 0.830882 0.661765
vt 0.830882 0.666667
vt 0.830882 0.671569
vt 0.830882 0.676471
vt 0.830882 0.681373
vt 0.830882 0.686274
vt 0.830882 0.691176
vt 0.830882 0.696078
vt 0.830882 0.700980
vt 0.830882 0.705882
vt 0.830882 0.710784
vt 0.830882 0.715686
vt 0.830882 0.720588
vt 0.830882 0.725490
vt 0.830882 0.730392
vt 0.830882 0.735294
vt 0.830882 0.740196
vt 0.830882 0.745098
vt 0.835784 0.504902
vt 0.835784 0.509804
vt 0.835784 0.514706
vt 0.835784 0.519608
vt 0.835784 0.524510
vt 0.835784 0.529412
vt 0.835784 0.534314
vt 0.835784 0.539216
vt 0.835784 0.544118
vt 0.835784 0.549020
vt 0.835784 0.553922
vt 0.835784 0.558824
vt 0.835784 0.563726
vt 0.835784 0.568627
vt 0.835784 0.573529
vt 0.835784 0.578431
vt 0.835784 0.583333
vt 0.835784 0.588235
vt 0.835784 0.593137
vt 0.835784 0.598039
vt 0.835784 0.602941
vt 0.835784 0.607843
vt 0.835784 0.612745
vt 0.835784 0.617647
vt 0.835784 0.622549
vt 0.835784 0.627451
vt 0.835784 0.632353
vt 0.835784 0.637255
vt 0.835784 0.642157
vt 0.835784 0.647059
vt 0.835784 0.651961
vt 0.835784 0.656863
vt 0.835784 0.661765
vt 0.835784 0.666667
vt 0.835784 0.671569
vt 0.835784 0.676471
vt 0.835784 0.681373
vt 0.835784 0.686274
vt 0.835784 0.691176
vt 0.835784 0.696078
vt 0.835784 0.700980
vt 0.835784 0.705882
vt 0.835784 0.710784
vt 0.835784 0.715686
vt 0.835784 0.720588
vt 0.835784 0.725490
vt 0.835784 0.730392
vt 0.835784 0.735294
vt 0.835784 0.740196
vt 0.835784 0.745098
vt 0.840686 0.504902
vt 0.840686 0.509804
vt 0.840686 0.514706
vt 0.840686 0.519608
vt 0.840686 0.524510
vt 0.840686 0.529412
vt 0.840686 0.534314
vt 0.840686 0.539216
vt 0.840686 0.544118
vt 0.840686 0.549020
vt 0.840686 0.553922
vt 0.840686 0.558824
vt 0.840686 0.563726
vt 0.840686 0.568627
vt 0.840686 0.573529
vt 0.840686 0.578431
vt 0.840686 0.583333
vt 0.840686 0.588235
vt 0.840686 0.593137
vt 0.840686 0.598039
vt 0.840686 0.602941
vt 0.840686 0.607843
vt 0.840686 0.612745
vt 0.840686 0.617647
vt 0.840686 0.622549
vt 0.840686 0.627451
vt 0.840686 0.632353
vt 0.840686 0.637255
vt 0.840686 0.642157
vt 0.840686 0.647059
vt 0.840686 0.651961
vt 0.840686 0.656863
vt 0.840686 0.661765
vt 0.840686 0.666667
vt 0.840686 0.671569
vt 0.840686 0.676471
vt 0.840686 0.681373
vt 0.840686 0.686274
vt 0.840686 0.691176
vt 0.840686 0.696078
vt 0.840686 0.700980
vt 0.840686 0.705882
vt 0.840686 0.710784
vt 0.840686 0.715686
vt 0.840686 0.720588
vt 0.840686 0.725490
vt 0.840686 0.730392
vt 0.840686 0.735294
vt 0.840686 0.740196
vt 0.840686 0.745098
vt 0.845588 0.504902
vt 0.845588 0.509804
vt 0.845588 0.514706
vt 0.845588 0.519608
vt 0.845588 0.524510
vt 0.845588 0.529412
vt 0.845588 0.534314
vt 0.845588 0.539216
vt 0.845588 0.544118
vt 0.845588 0.549020
vt 0.845588 0.553922
vt 0.845588 0.558824
vt 0.845588 0.563726
vt 0.845588 0.568627
vt 0.845588 0.573529
vt 0.845588 0.578431
vt 0.845588 0.583333
vt 0.845588 0.588235
vt 0.845588 0.593137
vt 0.845588 0.598039
vt 0.845588 0.602941
vt 0.845588 0.607843
vt 0.845588 0.612745
vt 0.845588 0.617647
vt 0.845588 0.622549
vt 0.845588 0.627451
vt 0.845588 0.632353
vt 0.845588 0.637255
vt 0.845588 0.642157
vt 0.845588 0.647059
vt 0.845588 0.651961
vt 0.845588 0.656863
vt 0.845588 0.661765
vt 0.845588 0.666667
vt 0.845588 0.671569
vt 0.845588 0.676471
vt 0.845588 0.681373
vt 0.845588 0.686274
vt 0.845588 0.691176
vt 0.845588 0.696078
vt 0.845588 0.700980
vt 0.845588 0.705882
vt 0.845588 0.710784
vt 0.845588 0.715686
vt 0.845588 0.720588
vt 0.845588 0.725490
vt 0.845588 0.730392
vt 0.845588 0.735294
vt 0.845588 0.740196
vt 0.845588 0.745098
vt 0.850490 0.504902
vt 0.850490 0.509804
vt 0.850490 0.514706
vt 0.850490 0.519608
vt 0.850490 0.524510
vt 0.850490 0.529412
vt 0.850490 0.534314
vt 0.850490 0.539216
vt 0.850490 0.544118
vt 0.850490 0.549020
vt 0.850490 0.553922
vt 0.850490 0.558824
vt 0.850490 0.563726
vt 0.850490 0.568627
vt 0.850490 0.573529
vt 0.850490 0.578431
vt 0.850490 0.583333
vt 0.850490 0.588235
vt 0.850490 0.593137
vt 0.850490 0.598039
vt 0.850490 0.602941
vt 0.850490 0.607843
vt 0.850490 0.612745
vt 0.850490 0.617647
vt 0.850490 0.622549
vt 0.850490 0.627451
vt 0.850490 0.632353
vt 0.850490 0.637255
vt 0.850490 0.642157
vt 0.850490 0.647059
vt 0.850490 0.651961
vt 0.850490 0.656863
vt 0.850490 0.661765
vt 0.850490 0.666667
vt 0.850490 0.671569
vt 0.850490 0.676471
vt 0.850490 0.681373
vt 0.850490 0.686274
vt 0.850490 0.691176
vt 0.850490 0.696078
vt 0.850490 0.700980
vt 0.850490 0.705882
vt 0.850490 0.710784
vt 0.850490 0.715686
vt 0.850490 0.720588
vt 0.850490 0.725490
vt 0.850490 0.730392
vt 0.850490 0.735294
vt 0.850490 0.740196
vt 0.850490 0.745098
vt 0.855392 0.504902
vt 0.855392 0.509804
vt 0.855392 0.514706
vt 0.855392 0.519608
vt 0.855392 0.524510
vt 0.855392 0.529412
vt 0.855392 0.534314
vt 0.855392 0.539216
vt 0.855392 0.544118
vt 0.855392 0.549020
vt 0.855392 0.553922
vt 0.855392 0.558824
vt 0.855392 0.563726
vt 0.855392 0.568627
vt 0.855392 0.573529
vt 0.855392 0.578431
vt 0.855392 0.583333
vt 0.855392 0.588235
vt 0.855392 0.593137
vt 0.855392 0.598039
vt 0.855392 0.602941
vt 0.855392 0.607843
vt 0.855392 0.612745
vt 0.855392 0.617647
vt 0.855392 0.622549
vt 0.855392 0.627451
vt 0.855392 0.632353
vt 0.855392 0.637255
vt 0.855392 0.642157
vt 0.855392 0.647059
vt 0.855392 0.651961
vt 0.855392 0.656863
vt 0.855392 0.661765
vt 0.855392 0.666667
vt 0.855392 0.671569
vt 0.855392 0.676471
vt 0.855392 0.681373
vt 0.855392 0.686275
vt 0.855392 0.691176
vt 0.855392 0.696078
vt 0.855392 0.700980
vt 0.855392 0.705882
vt 0.855392 0.710784
vt 0.855392 0.715686
vt 0.855392 0.720588
vt 0.855392 0.725490
vt 0.855392 0.730392
vt 0.855392 0.735294
vt 0.855392 0.740196
vt 0.855392 0.745098
vt 0.860294 0.504902
vt 0.860294 0.509804
vt 0.860294 0.514706
vt 0.860294 0.519608
vt 0.860294 0.524510
vt 0.860294 0.529412
vt 0.860294 0.534314
vt 0.860294 0.539216
vt 0.860294 0.544118
vt 0.860294 0.549020
vt 0.860294 0.553922
vt 0.860294 0.558824
vt 0.860294 0.563726
vt 0.860294 0.568627
vt 0.860294 0.573529
vt 0.860294 0.578431
vt 0.860294 0.583333
vt 0.860294 0.588235
vt 0.860294 0.593137
vt 0.860294 0.598039
vt 0.860294 0.602941
vt 0.860294 0.607843
vt 0.860294 0.612745
vt 0.860294 0.617647
vt 0.860294 0.622549
vt 0.860294 0.627451
vt 0.860294 0.632353
vt 0.860294 0.637255
vt 0.860294 0.642157
vt 0.860294 0.647059
vt 0.860294 0.651961
vt 0.860294 0.656863
vt 0.860294 0.661765
vt 0.860294 0.666667
vt 0.860294 0.671569
vt 0.860294 0.676471
vt 0.860294 0.681373
vt 0.860294 0.686275
vt 0.860294 0.691176
vt 0.860294 0.696078
vt 0.860294 0.700980
vt 0.860294 0.705882
vt 0.860294 0.710784
vt 0.860294 0.715686
vt 0.860294 0.720588
vt 0.860294 0.725490
vt 0.860294 0.730392
vt 0.860294 0.735294
vt 0.860294 0.740196
vt 0.860294 0.745098
vt 0.865196 0.504902
vt 0.865196 0.509804
vt 0.865196 0.514706
vt 0.865196 0.519608
vt 0.865196 0.524510
vt 0.865196 0.529412
vt 0.865196 0.534314
vt 0.865196 0.539216
vt 0.865196 0.544118
vt 0.865196 0.549020
vt 0.865196 0.553922
vt 0.865196 0.558824
vt 0.865196 0.563726
vt 0.865196 0.568627
vt 0.865196 0.573529
vt 0.865196 0.578431
vt 0.865196 0.583333
vt 0.865196 0.588235
vt 0.865196 0.593137
vt 0.865196 0.598039
vt 0.865196 0.602941
vt 0.865196 0.607843
vt 0.865196 0.612745
vt 0.865196 0.617647
vt 0.865196 0.622549
vt 0.865196 0.627451
vt 0.865196 0.632353
vt 0.865196 0.637255
vt 0.865196 0.642157
vt 0.865196 0.647059
vt 0.865196 0.651961
vt 0.865196 0.656863
vt 0.865196 0.661765
vt 0.865196 0.666667
vt 0.865196 0.671569
vt 0.865196 0.676471
vt 0.865196 0.681373
vt 0.865196 0.686275
vt 0.865196 0.691176
vt 0.865196 0.696078
vt 0.865196 0.700980
vt 0.865196 0.705882
vt 0.865196 0.710784
vt 0.865196 0.715686
vt 0.865196 0.720588
vt 0.865196 0.725490
vt 0.865196 0.730392
vt 0.865196 0.735294
vt 0.865196 0.740196
vt 0.865196 0.745098
vt 0.870098 0.504902
vt 0.870098 0.509804
vt 0.870098 0.514706
vt 0.870098 0.519608
vt 0.870098 0.524510
vt 0.870098 0.529412
vt 0.870098 0.534314
vt 0.870098 0.539216
vt 0.870098 0.544118
vt 0.870098 0.549020
vt 0.870098 0.553922
vt 0.870098 0.558824
vt 0.870098 0.563726
vt 0.870098 0.568627
vt 0.870098 0.573529
vt 0.870098 0.578431
vt 0.870098 0.583333
vt 0.870098 0.588235
vt 0.870098 0.593137
vt 0.870098 0.598039
vt 0.870098 0.602941
vt 0.870098 0.607843
vt 0.870098 0.612745
vt 0.870098 0.617647
vt 0.870098 0.622549
vt 0.870098 0.627451
vt 0.870098 0.632353
vt 0.870098 0.637255
vt 0.870098 0.642157
vt 0.870098 0.647059
vt 0.870098 0.651961
vt 0.870098 0.656863
vt 0.870098 0.661765
vt 0.870098 0.666667
vt 0.870098 0.671569
vt 0.870098 0.676471
vt 0.870098 0.681373
vt 0.870098 0.686275
vt 0.870098 0.691176
vt 0.870098 0.696078
vt 0.870098 0.700980
vt 0.870098 0.705882
vt 0.870098 0.710784
vt 0.870098 0.715686
vt 0.870098 0.720588
vt 0.870098 0.725490
vt 0.870098 0.730392
vt 0.870098 0.735294
vt 0.870098 0.740196
vt 0.870098 0.745098
s 0
f 131/131/1 132/132/1 3/3/1
f 7/7/2 206/206/2 2706/2706/2
f 156/156/3 157/157/3 4/4/3
f 306/306/4 157/157/4 256/256/4
f 356/356/5 158/158/5 306/306/5
f 406/406/6 159/159/6 356/356/6
f 456/456/7 160/160/7 406/406/7
f 506/506/8 161/161/8 456/456/8
f 556/556/9 162/162/9 506/506/9
f 606/606/10 163/163/10 556/556/10
f 606/606/11 165/165/11 164/164/11
f 656/656/12 166/166/12 165/165/12
f 706/706/13 167/167/13 166/166/13
f 756/756/14 168/168/14 167/167/14
f 856/856/15 168/168/15 806/806/15
f 906/906/16 169/169/16 856/856/16
f 956/956/17 170/170/17 906/906/17
f 1006/1006/18 171/171/18 956/956/18
f 1006/1006/19 173/173/19 172/172/19
f 1056/1056/20 174/174/20 173/173/20
f 1106/1106/21 175/175/21 174/174/21
f 1156/1156/22 176/176/22 175/175/22
f 1206/1206/23 177/177/23 176/176/23
f 1306/1306/24 177/177/24 1256/1256/24
f 1356/1356/25 178/178/25 1306/1306/25
f 1356/1356/26 180/180/26 179/179/26
f 1406/1406/27 181/181/27 180/180/27
f 1456/1456/28 182/182/28 181/181/28
f 1506/1506/29 183/183/29 182/182/29
f 1556/1556/30 184/184/30 183/183/30
f 1606/1606/31 185/185/31 184/184/31
f 1656/1656/32 186/186/32 185/185/32
f 1756/1756/33 186/186/33 1706/1706/33
f 1806/1806/34 187/187/34 1756/1756/34
f 1806/1806/35 189/189/35 188/188/35
f 1856/1856/36 190/190/36 189/189/36
f 1906/1906/37 191/191/37 190/190/37
f 2006/2006/38 191/191/38 1956/1956/38
f 2056/2056/39 192/192/39 2006/2006/39
f 2106/2106/40 193/193/40 2056/2056/40
f 2156/2156/41 194/194/41 2106/2106/41
f 2156/2156/42 196/196/42 195/195/42
f 2206/2206/43 197/197/43 196/196/43
f 2256/2256/44 198/198/44 197/197/44
f 2306/2306/45 199/199/45 198/198/45
f 2406/2406/46 199/199/46 2356/2356/46
f 2456/2456/47 200/200/47 2406/2406/47
f 2506/2506/48 201/201/48 2456/2456/48
f 2506/2506/49 203/203/49 202/202/49
f 2556/2556/50 204/204/50 203/203/50
f 2606/2606/51 205/205/51 204/204/51
f 2656/2656/52 206/206/52 205/205/52
f 106/106/3 107/107/3 6/6/3
f 107/107/53 208/208/53 108/108/53
f 108/108/54 209/209/54 109/109/54
f 109/109/55 210/210/55 110/110/55
f 210/210/55 111/111/55 110/110/55
f 211/211/56 112/112/56 111/111/56
f 212/212/57 113/113/57 112/112/57
f 213/213/58 114/114/58 113/113/58
f 114/114/59 215/215/59 115/115/59
f 115/115/60 216/216/60 116/116/60
f 116/116/61 217/217/61 117/117/61
f 217/217/61 118/118/61 117/117/61
f 118/118/62 219/219/62 119/119/62
f 219/219/62 120/120/62 119/119/62
f 220/220/63 121/121/63 120/120/63
f 221/221/64 122/122/64 121/121/64
f 222/222/65 123/123/65 122/122/65
f 223/223/66 124/124/66 123/123/66
f 124/124/67 225/225/67 125/125/67
f 125/125/68 226/226/68 126/126/68
f 226/226/68 127/127/68 126/126/68
f 227/227/69 128/128/69 127/127/69
f 228/228/70 129/129/70 128/128/70
f 229/229/71 130/130/71 129/129/71
f 230/230/72 131/131/72 130/130/72
f 231/231/73 132/132/73 131/131/73
f 132/132/74 233/233/74 133/133/74
f 133/133/75 234/234/75 134/134/75
f 134/134/76 235/235/76 135/135/76
f 135/135/77 236/236/77 136/136/77
f 236/236/77 137/137/77 136/136/77
f 237/237/78 138/138/78 137/137/78
f 238/238/79 139/139/79 138/138/79
f 139/139/80 240/240/80 140/140/80
f 140/140/81 241/241/81 141/141/81
f 141/141/82 242/242/82 142/142/82
f 142/142/83 243/243/83 143/143/83
f 143/143/84 244/244/84 144/144/84
f 144/144/85 245/245/85 145/145/85
f 245/245/85 146/146/85 145/145/85
f 246/246/86 147/147/86 146/146/86
f 247/247/87 148/148/87 147/147/87
f 248/248/88 149/149/88 148/148/88
f 249/249/89 150/150/89 149/149/89
f 250/250/90 151/151/90 150/150/90
f 251/251/91 152/152/91 151/151/91
f 252/252/92 153/153/92 152/152/92
f 253/253/93 154/154/93 153/153/93
f 154/154/94 255/255/94 155/155/94
f 155/155/95 256/256/95 156/156/95
f 105/105/96 207/207/96 106/106/96
f 207/207/97 258/258/97 208/208/97
f 208/208/98 259/259/98 209/209/98
f 209/209/99 260/260/99 210/210/99
f 210/210/100 261/261/100 211/211/100
f 211/211/101 262/262/101 212/212/101
f 212/212/102 263/263/102 213/213/102
f 213/213/103 264/264/103 214/214/103
f 264/264/104 215/215/104 214/214/104
f 265/265/105 216/216/105 215/215/105
f 266/266/106 217/217/106 216/216/106
f 267/267/107 218/218/107 217/217/107
f 218/218/108 269/269/108 219/219/108
f 269/269/109 220/220/109 219/219/109
f 270/270/110 221/221/110 220/220/110
f 221/221/111 272/272/111 222/222/111
f 222/222/112 273/273/112 223/223/112
f 223/223/113 274/274/113 224/224/113
f 274/274/114 225/225/114 224/224/114
f 275/275/115 226/226/115 225/225/115
f 226/226/116 277/277/116 227/227/116
f 227/227/117 278/278/117 228/228/117
f 228/228/118 279/279/118 229/229/118
f 229/229/119 280/280/119 230/230/119
f 230/230/120 281/281/120 231/231/120
f 231/231/121 282/282/121 232/232/121
f 282/282/122 233/233/122 232/232/122
f 283/283/123 234/234/123 233/233/123
f 284/284/124 235/235/124 234/234/124
f 235/235/125 286/286/125 236/236/125
f 286/286/126 237/237/126 236/236/126
f 237/237/127 288/288/127 238/238/127
f 238/238/128 289/289/128 239/239/128
f 289/289/129 240/240/129 239/239/129
f 290/290/130 241/241/130 240/240/130
f 291/291/131 242/242/131 241/241/131
f 292/292/132 243/243/132 242/242/132
f 293/293/133 244/244/133 243/243/133
f 294/294/134 245/245/134 244/244/134
f 295/295/135 246/246/135 245/245/135
f 296/296/136 247/247/136 246/246/136
f 297/297/137 248/248/137 247/247/137
f 298/298/138 249/249/138 248/248/138
f 249/249/139 300/300/139 250/250/139
f 250/250/140 301/301/140 251/251/140
f 251/251/141 302/302/141 252/252/141
f 252/252/142 303/303/142 253/253/142
f 253/253/143 304/304/143 254/254/143
f 304/304/144 255/255/144 254/254/144
f 305/305/145 256/256/145 255/255/145
f 104/104/146 257/257/146 105/105/146
f 257/257/147 308/308/147 258/258/147
f 258/258/148 309/309/148 259/259/148
f 259/259/149 310/310/149 260/260/149
f 260/260/150 311/311/150 261/261/150
f 261/261/151 312/312/151 262/262/151
f 262/262/152 313/313/152 263/263/152
f 313/313/153 264/264/153 263/263/153
f 314/314/154 265/265/154 264/264/154
f 315/315/155 266/266/155 265/265/155
f 316/316/156 267/267/156 266/266/156
f 267/267/157 318/318/157 268/268/157
f 318/318/158 269/269/158 268/268/158
f 319/319/159 270/270/159 269/269/159
f 270/270/160 321/321/160 271/271/160
f 271/271/161 322/322/161 272/272/161
f 272/272/162 323/323/162 273/273/162
f 323/323/163 274/274/163 273/273/163
f 324/324/164 275/275/164 274/274/164
f 325/325/165 276/276/165 275/275/165
f 276/276/166 327/327/166 277/277/166
f 277/277/167 328/328/167 278/278/167
f 278/278/168 329/329/168 279/279/168
f 279/279/169 330/330/169 280/280/169
f 280/280/170 331/331/170 281/281/170
f 281/281/171 332/332/171 282/282/171
f 332/332/172 283/283/172 282/282/172
f 333/333/173 284/284/173 283/283/173
f 284/284/174 335/335/174 285/285/174
f 285/285/175 336/336/175 286/286/175
f 286/286/176 337/337/176 287/287/176
f 287/287/177 338/338/177 288/288/177
f 288/288/178 339/339/178 289/289/178
f 339/339/179 290/290/179 289/289/179
f 340/340/180 291/291/180 290/290/180
f 341/341/181 292/292/181 291/291/181
f 342/342/182 293/293/182 292/292/182
f 343/343/183 294/294/183 293/293/183
f 294/294/184 345/345/184 295/295/184
f 295/295/185 346/346/185 296/296/185
f 296/296/186 347/347/186 297/297/186
f 297/297/187 348/348/187 298/298/187
f 348/348/188 299/299/188 298/298/188
f 349/349/189 300/300/189 299/299/189
f 300/300/190 351/351/190 301/301/190
f 301/301/191 352/352/191 302/302/191
f 302/302/192 353/353/192 303/303/192
f 353/353/193 304/304/193 303/303/193
f 354/354/194 305/305/194 304/304/194
f 355/355/195 306/306/195 305/305/195
f 103/103/196 307/307/196 104/104/196
f 307/307/197 358/358/197 308/308/197
f 308/308/198 359/359/198 309/309/198
f 309/309/199 360/360/199 310/310/199
f 310/310/200 361/361/200 311/311/200
f 311/311/201 362/362/201 312/312/201
f 312/312/202 363/363/202 313/313/202
f 313/313/203 364/364/203 314/314/203
f 314/314/204 365/365/204 315/315/204
f 365/365/205 316/316/205 315/315/205
f 316/316/206 367/367/206 317/317/206
f 367/367/207 318/318/207 317/317/207
f 368/368/208 319/319/208 318/318/208
f 369/369/209 320/320/209 319/319/209
f 320/320/210 371/371/210 321/321/210
f 321/321/211 372/372/211 322/322/211
f 322/322/212 373/373/212 323/323/212
f 373/373/213 324/324/213 323/323/213
f 374/374/214 325/325/214 324/324/214
f 375/375/215 326/326/215 325/325/215
f 326/326/216 377/377/216 327/327/216
f 327/327/217 378/378/217 328/328/217
f 328/328/218 379/379/218 329/329/218
f 329/329/219 380/380/219 330/330/219
f 330/330/220 381/381/220 331/331/220
f 381/381/221 332/332/221 331/331/221
f 382/382/222 333/333/222 332/332/222
f 383/383/223 334/334/223 333/333/223
f 334/334/224 385/385/224 335/335/224
f 335/335/225 386/386/225 336/336/225
f 336/336/226 387/387/226 337/337/226
f 337/337/227 388/388/227 338/338/227
f 388/388/228 339/339/228 338/338/228
f 389/389/229 340/340/229 339/339/229
f 390/390/230 341/341/230 340/340/230
f 391/391/231 342/342/231 341/341/231
f 392/392/232 343/343/232 342/342/232
f 393/393/233 344/344/233 343/343/233
f 344/344/234 395/395/234 345/345/234
f 345/345/235 396/396/235 346/346/235
f 346/346/236 397/397/236 347/347/236
f 347/347/237 398/398/237 348/348/237
f 398/398/238 349/349/238 348/348/238
f 399/399/239 350/350/239 349/349/239
f 400/400/240 351/351/240 350/350/240
f 351/351/241 402/402/241 352/352/241
f 352/352/242 403/403/242 353/353/242
f 403/403/243 354/354/243 353/353/243
f 404/404/244 355/355/244 354/354/244
f 405/405/245 356/356/245 355/355/245
f 102/102/246 357/357/246 103/103/246
f 357/357/247 408/408/247 358/358/247
f 358/358/248 409/409/248 359/359/248
f 359/359/249 410/410/249 360/360/249
f 360/360/250 411/411/250 361/361/250
f 411/411/251 362/362/251 361/361/251
f 362/362/252 413/413/252 363/363/252
f 363/363/253 414/414/253 364/364/253
f 364/364/254 415/415/254 365/365/254
f 365/365/255 416/416/255 366/366/255
f 416/416/256 367/367/256 366/366/256
f 417/417/257 368/368/257 367/367/257
f 418/418/258 369/369/258 368/368/258
f 419/419/259 370/370/259 369/369/259
f 370/370/260 421/421/260 371/371/260
f 371/371/261 422/422/261 372/372/261
f 372/372/262 423/423/262 373/373/262
f 373/373/263 424/424/263 374/374/263
f 374/374/264 425/425/264 375/375/264
f 375/375/265 426/426/265 376/376/265
f 426/426/266 377/377/266 376/376/266
f 427/427/267 378/378/267 377/377/267
f 378/378/268 429/429/268 379/379/268
f 379/379/269 430/430/269 380/380/269
f 380/380/270 431/431/270 381/381/270
f 431/431/271 382/382/271 381/381/271
f 432/432/272 383/383/272 382/382/272
f 383/383/273 434/434/273 384/384/273
f 384/384/274 435/435/274 385/385/274
f 385/385/275 436/436/275 386/386/275
f 386/386/276 437/437/276 387/387/276
f 387/387/277 438/438/277 388/388/277
f 438/438/278 389/389/278 388/388/278
f 439/439/279 390/390/279 389/389/279
f 440/440/280 391/391/280 390/390/280
f 441/441/281 392/392/281 391/391/281
f 442/442/282 393/393/282 392/392/282
f 443/443/283 394/394/283 393/393/283
f 444/444/284 395/395/284 394/394/284
f 445/445/285 396/396/285 395/395/285
f 446/446/286 397/397/286 396/396/286
f 397/397/287 448/448/287 398/398/287
f 448/448/288 399/399/288 398/398/288
f 449/449/289 400/400/289 399/399/289
f 450/450/290 401/401/290 400/400/290
f 401/401/291 452/452/291 402/402/291
f 402/402/292 453/453/292 403/403/292
f 453/453/293 404/404/293 403/403/293
f 454/454/294 405/405/294 404/404/294
f 405/405/295 456/456/295 406/406/295
f 101/101/296 407/407/296 102/102/296
f 407/407/297 458/458/297 408/408/297
f 408/408/298 459/459/298 409/409/298
f 409/409/299 460/460/299 410/410/299
f 410/410/300 461/461/300 411/411/300
f 461/461/301 412/412/301 411/411/301
f 412/412/302 463/463/302 413/413/302
f 413/413/303 464/464/303 414/414/303
f 414/414/304 465/465/304 415/415/304
f 415/415/305 466/466/305 416/416/305
f 466/466/306 417/417/306 416/416/306
f 467/467/307 418/418/307 417/417/307
f 418/418/308 469/469/308 419/419/308
f 419/419/309 470/470/309 420/420/309
f 470/470/310 421/421/310 420/420/310
f 471/471/311 422/422/311 421/421/311
f 472/472/312 423/423/312 422/422/312
f 473/473/313 424/424/313 423/423/313
f 424/424/314 475/475/314 425/425/314
f 425/425/315 476/476/315 426/426/315
f 476/476/316 427/427/316 426/426/316
f 477/477/317 428/428/317 427/427/317
f 428/428/318 479/479/318 429/429/318
f 429/429/319 480/480/319 430/430/319
f 480/480/320 431/431/320 430/430/320
f 481/481/321 432/432/321 431/431/321
f 482/482/322 433/433/322 432/432/322
f 433/433/323 484/484/323 434/434/323
f 434/434/324 485/485/324 435/435/324
f 435/435/325 486/486/325 436/436/325
f 436/436/326 487/487/326 437/437/326
f 437/437/327 488/488/327 438/438/327
f 438/438/328 489/489/328 439/439/328
f 489/489/329 440/440/329 439/439/329
f 490/490/330 441/441/330 440/440/330
f 491/491/331 442/442/331 441/441/331
f 492/492/332 443/443/332 442/442/332
f 493/493/333 444/444/333 443/443/333
f 494/494/334 445/445/334 444/444/334
f 495/495/335 446/446/335 445/445/335
f 496/496/336 447/447/336 446/446/336
f 447/447/337 498/498/337 448/448/337
f 498/498/338 449/449/338 448/448/338
f 499/499/339 450/450/339 449/449/339
f 500/500/340 451/451/340 450/450/340
f 451/451/341 502/502/341 452/452/341
f 452/452/342 503/503/342 453/453/342
f 503/503/343 454/454/343 453/453/343
f 454/454/344 505/505/344 455/455/344
f 455/455/345 506/506/345 456/456/345
f 100/100/346 457/457/346 101/101/346
f 457/457/347 508/508/347 458/458/347
f 458/458/348 509/509/348 459/459/348
f 459/459/349 510/510/349 460/460/349
f 460/460/350 511/511/350 461/461/350
f 511/511/351 462/462/351 461/461/351
f 512/512/352 463/463/352 462/462/352
f 513/513/353 464/464/353 463/463/353
f 514/514/354 465/465/354 464/464/354
f 465/465/355 516/516/355 466/466/355
f 466/466/356 517/517/356 467/467/356
f 467/467/357 518/518/357 468/468/357
f 468/468/358 519/519/358 469/469/358
f 469/469/359 520/520/359 470/470/359
f 520/520/360 471/471/360 470/470/360
f 521/521/361 472/472/361 471/471/361
f 522/522/362 473/473/362 472/472/362
f 523/523/363 474/474/363 473/473/363
f 474/474/364 525/525/364 475/475/364
f 475/475/365 526/526/365 476/476/365
f 476/476/366 527/527/366 477/477/366
f 527/527/367 478/478/367 477/477/367
f 478/478/368 529/529/368 479/479/368
f 479/479/369 530/530/369 480/480/369
f 530/530/370 481/481/370 480/480/370
f 531/531/371 482/482/371 481/481/371
f 532/532/372 483/483/372 482/482/372
f 483/483/373 534/534/373 484/484/373
f 484/484/374 535/535/374 485/485/374
f 485/485/375 536/536/375 486/486/375
f 486/486/376 537/537/376 487/487/376
f 487/487/377 538/538/377 488/488/377
f 538/538/378 489/489/378 488/488/378
f 539/539/379 490/490/379 489/489/379
f 540/540/380 491/491/380 490/490/380
f 541/541/381 492/492/381 491/491/381
f 542/542/382 493/493/382 492/492/382
f 493/493/383 544/544/383 494/494/383
f 494/494/384 545/545/384 495/495/384
f 495/495/385 546/546/385 496/496/385
f 496/496/386 547/547/386 497/497/386
f 497/497/387 548/548/387 498/498/387
f 548/548/388 499/499/388 498/498/388
f 549/549/389 500/500/389 499/499/389
f 550/550/390 501/501/390 500/500/390
f 551/551/391 502/502/391 501/501/391
f 552/552/392 503/503/392 502/502/392
f 553/553/393 504/504/393 503/503/393
f 504/504/394 555/555/394 505/505/394
f 505/505/395 556/556/395 506/506/395
f 99/99/396 507/507/396 100/100/396
f 507/507/397 558/558/397 508/508/397
f 508/508/398 559/559/398 509/509/398
f 509/509/399 560/560/399 510/510/399
f 510/510/400 561/561/400 511/511/400
f 561/561/401 512/512/401 511/511/401
f 512/512/402 563/563/402 513/513/402
f 513/513/403 564/564/403 514/514/403
f 514/514/404 565/565/404 515/515/404
f 515/515/405 566/566/405 516/516/405
f 516/516/406 567/567/406 517/517/406
f 517/517/407 568/568/407 518/518/407
f 518/518/408 569/569/408 519/519/408
f 519/519/409 570/570/409 520/520/409
f 570/570/410 521/521/410 520/520/410
f 571/571/411 522/522/411 521/521/411
f 572/572/412 523/523/412 522/522/412
f 573/573/413 524/524/413 523/523/413
f 524/524/414 575/575/414 525/525/414
f 525/525/415 576/576/415 526/526/415
f 526/526/416 577/577/416 527/527/416
f 527/527/417 578/578/417 528/528/417
f 528/528/418 579/579/418 529/529/418
f 579/579/419 530/530/419 529/529/419
f 580/580/420 531/531/420 530/530/420
f 581/581/421 532/532/421 531/531/421
f 582/582/422 533/533/422 532/532/422
f 533/533/423 584/584/423 534/534/423
f 534/534/424 585/585/424 535/535/424
f 535/535/425 586/586/425 536/536/425
f 536/536/426 587/587/426 537/537/426
f 537/537/427 588/588/427 538/538/427
f 588/588/428 539/539/428 538/538/428
f 589/589/429 540/540/429 539/539/429
f 590/590/430 541/541/430 540/540/430
f 591/591/431 542/542/431 541/541/431
f 542/542/432 593/593/432 543/543/432
f 543/543/433 594/594/433 544/544/433
f 544/544/434 595/595/434 545/545/434
f 545/545/435 596/596/435 546/546/435
f 546/546/436 597/597/436 547/547/436
f 547/547/437 598/598/437 548/548/437
f 598/598/438 549/549/438 548/548/438
f 599/599/439 550/550/439 549/549/439
f 600/600/440 551/551/440 550/550/440
f 601/601/441 552/552/441 551/551/441
f 602/602/442 553/553/442 552/552/442
f 603/603/443 554/554/443 553/553/443
f 554/554/444 605/605/444 555/555/444
f 555/555/445 606/606/445 556/556/445
f 98/98/446 557/557/446 99/99/446
f 557/557/447 608/608/447 558/558/447
f 558/558/448 609/609/448 559/559/448
f 559/559/449 610/610/449 560/560/449
f 560/560/450 611/611/450 561/561/450
f 561/561/451 612/612/451 562/562/451
f 562/562/452 613/613/452 563/563/452
f 563/563/453 614/614/453 564/564/453
f 564/564/454 615/615/454 565/565/454
f 565/565/455 616/616/455 566/566/455
f 566/566/456 617/617/456 567/567/456
f 567/567/457 618/618/457 568/568/457
f 568/568/458 619/619/458 569/569/458
f 569/569/459 620/620/459 570/570/459
f 620/620/460 571/571/460 570/570/460
f 621/621/461 572/572/461 571/571/461
f 622/622/462 573/573/462 572/572/462
f 623/623/463 574/574/463 573/573/463
f 574/574/464 625/625/464 575/575/464
f 575/575/465 626/626/465 576/576/465
f 576/576/466 627/627/466 577/577/466
f 577/577/467 628/628/467 578/578/467
f 578/578/468 629/629/468 579/579/468
f 579/579/469 630/630/469 580/580/469
f 580/580/470 631/631/470 581/581/470
f 581/581/471 632/632/471 582/582/471
f 582/582/472 633/633/472 583/583/472
f 633/633/473 584/584/473 583/583/473
f 634/634/474 585/585/474 584/584/474
f 635/635/475 586/586/475 585/585/475
f 636/636/476 587/587/476 586/586/476
f 637/637/477 588/588/477 587/587/477
f 638/638/478 589/589/478 588/588/478
f 639/639/479 590/590/479 589/589/479
f 640/640/480 591/591/480 590/590/480
f 641/641/481 592/592/481 591/591/481
f 592/592/482 643/643/482 593/593/482
f 593/593/483 644/644/483 594/594/483
f 594/594/484 645/645/484 595/595/484
f 595/595/485 646/646/485 596/596/485
f 596/596/486 647/647/486 597/597/486
f 597/597/487 648/648/487 598/598/487
f 648/648/488 599/599/488 598/598/488
f 649/649/489 600/600/489 599/599/489
f 650/650/490 601/601/490 600/600/490
f 651/651/491 602/602/491 601/601/491
f 652/652/492 603/603/492 602/602/492
f 653/653/493 604/604/493 603/603/493
f 604/604/494 655/655/494 605/605/494
f 605/605/495 656/656/495 606/606/495
f 97/97/496 607/607/496 98/98/496
f 607/607/497 658/658/497 608/608/497
f 608/608/498 659/659/498 609/609/498
f 609/609/499 660/660/499 610/610/499
f 610/610/500 661/661/500 611/611/500
f 611/611/501 662/662/501 612/612/501
f 612/612/502 663/663/502 613/613/502
f 613/613/503 664/664/503 614/614/503
f 614/614/504 665/665/504 615/615/504
f 615/615/505 666/666/505 616/616/505
f 666/666/506 617/617/506 616/616/506
f 617/617/507 668/668/507 618/618/507
f 618/618/508 669/669/508 619/619/508
f 619/619/509 670/670/509 620/620/509
f 620/620/510 671/671/510 621/621/510
f 671/671/511 622/622/511 621/621/511
f 672/672/512 623/623/512 622/622/512
f 673/673/513 624/624/513 623/623/513
f 674/674/514 625/625/514 624/624/514
f 625/625/515 676/676/515 626/626/515
f 626/626/516 677/677/516 627/627/516
f 627/627/517 678/678/517 628/628/517
f 628/628/518 679/679/518 629/629/518
f 629/629/519 680/680/519 630/630/519
f 630/630/520 681/681/520 631/631/520
f 631/631/521 682/682/521 632/632/521
f 632/632/522 683/683/522 633/633/522
f 633/633/523 684/684/523 634/634/523
f 684/684/524 635/635/524 634/634/524
f 685/685/525 636/636/525 635/635/525
f 636/636/526 687/687/526 637/637/526
f 637/637/527 688/688/527 638/638/527
f 688/688/528 639/639/528 638/638/528
f 689/689/529 640/640/529 639/639/529
f 690/690/530 641/641/530 640/640/530
f 691/691/531 642/642/531 641/641/531
f 692/692/532 643/643/532 642/642/532
f 643/643/533 694/694/533 644/644/533
f 644/644/534 695/695/534 645/645/534
f 645/645/535 696/696/535 646/646/535
f 646/646/536 697/697/536 647/647/536
f 697/697/537 648/648/537 647/647/537
f 698/698/538 649/649/538 648/648/538
f 699/699/539 650/650/539 649/649/539
f 700/700/540 651/651/540 650/650/540
f 701/701/541 652/652/541 651/651/541
f 702/702/542 653/653/542 652/652/542
f 703/703/543 654/654/543 653/653/543
f 654/654/544 705/705/544 655/655/544
f 655/655/545 706/706/545 656/656/545
f 97/97/546 707/707/546 657/657/546
f 657/657/547 708/708/547 658/658/547
f 658/658/548 709/709/548 659/659/548
f 659/659/549 710/710/549 660/660/549
f 660/660/550 711/711/550 661/661/550
f 661/661/551 712/712/551 662/662/551
f 662/662/552 713/713/552 663/663/552
f 663/663/553 714/714/553 664/664/553
f 664/664/554 715/715/554 665/665/554
f 665/665/555 716/716/555 666/666/555
f 716/716/556 667/667/556 666/666/556
f 667/667/557 718/718/557 668/668/557
f 668/668/558 719/719/558 669/669/558
f 669/669/559 720/720/559 670/670/559
f 670/670/560 721/721/560 671/671/560
f 721/721/561 672/672/561 671/671/561
f 722/722/562 673/673/562 672/672/562
f 723/723/563 674/674/563 673/673/563
f 724/724/564 675/675/564 674/674/564
f 675/675/565 726/726/565 676/676/565
f 676/676/566 727/727/566 677/677/566
f 677/677/567 728/728/567 678/678/567
f 678/678/568 729/729/568 679/679/568
f 679/679/569 730/730/569 680/680/569
f 680/680/570 731/731/570 681/681/570
f 681/681/571 732/732/571 682/682/571
f 682/682/572 733/733/572 683/683/572
f 683/683/573 734/734/573 684/684/573
f 734/734/574 685/685/574 684/684/574
f 735/735/575 686/686/575 685/685/575
f 686/686/576 737/737/576 687/687/576
f 687/687/577 738/738/577 688/688/577
f 738/738/578 689/689/578 688/688/578
f 739/739/579 690/690/579 689/689/579
f 740/740/580 691/691/580 690/690/580
f 741/741/581 692/692/581 691/691/581
f 692/692/582 743/743/582 693/693/582
f 743/743/583 694/694/583 693/693/583
f 744/744/584 695/695/584 694/694/584
f 745/745/585 696/696/585 695/695/585
f 746/746/586 697/697/586 696/696/586
f 747/747/587 698/698/587 697/697/587
f 748/748/588 699/699/588 698/698/588
f 749/749/589 700/700/589 699/699/589
f 750/750/590 701/701/590 700/700/590
f 751/751/591 702/702/591 701/701/591
f 752/752/592 703/703/592 702/702/592
f 703/703/593 754/754/593 704/704/593
f 704/704/594 755/755/594 705/705/594
f 705/705/595 756/756/595 706/706/595
f 96/96/596 757/757/596 707/707/596
f 707/707/597 758/758/597 708/708/597
f 758/758/598 709/709/598 708/708/598
f 759/759/599 710/710/599 709/709/599
f 710/710/600 761/761/600 711/711/600
f 711/711/601 762/762/601 712/712/601
f 712/712/602 763/763/602 713/713/602
f 713/713/603 764/764/603 714/714/603
f 714/714/604 765/765/604 715/715/604
f 715/715/605 766/766/605 716/716/605
f 716/716/606 767/767/606 717/717/606
f 717/717/607 768/768/607 718/718/607
f 718/718/608 769/769/608 719/719/608
f 719/719/609 770/770/609 720/720/609
f 770/770/610 721/721/610 720/720/610
f 771/771/611 722/722/611 721/721/611
f 772/772/612 723/723/612 722/722/612
f 773/773/613 724/724/613 723/723/613
f 774/774/614 725/725/614 724/724/614
f 775/775/615 726/726/615 725/725/615
f 726/726/616 777/777/616 727/727/616
f 727/727/617 778/778/617 728/728/617
f 728/728/618 779/779/618 729/729/618
f 729/729/619 780/780/619 730/730/619
f 730/730/620 781/781/620 731/731/620
f 731/731/621 782/782/621 732/732/621
f 732/732/622 783/783/622 733/733/622
f 733/733/623 784/784/623 734/734/623
f 784/784/624 735/735/624 734/734/624
f 785/785/625 736/736/625 735/735/625
f 786/786/626 737/737/626 736/736/626
f 737/737/627 788/788/627 738/738/627
f 788/788/628 739/739/628 738/738/628
f 789/789/629 740/740/629 739/739/629
f 790/790/630 741/741/630 740/740/630
f 791/791/631 742/742/631 741/741/631
f 742/742/632 793/793/632 743/743/632
f 743/743/633 794/794/633 744/744/633
f 794/794/634 745/745/634 744/744/634
f 745/745/635 796/796/635 746/746/635
f 796/796/636 747/747/636 746/746/636
f 797/797/637 748/748/637 747/747/637
f 798/798/638 749/749/638 748/748/638
f 799/799/639 750/750/639 749/749/639
f 800/800/640 751/751/640 750/750/640
f 801/801/641 752/752/641 751/751/641
f 752/752/642 803/803/642 753/753/642
f 803/803/643 754/754/643 753/753/643
f 804/804/644 755/755/644 754/754/644
f 805/805/645 756/756/645 755/755/645
f 95/95/646 807/807/646 757/757/646
f 807/807/647 758/758/647 757/757/647
f 758/758/648 809/809/648 759/759/648
f 759/759/649 810/810/649 760/760/649
f 760/760/650 811/811/650 761/761/650
f 811/811/651 762/762/651 761/761/651
f 812/812/652 763/763/652 762/762/652
f 813/813/653 764/764/653 763/763/653
f 814/814/654 765/765/654 764/764/654
f 815/815/655 766/766/655 765/765/655
f 766/766/656 817/817/656 767/767/656
f 767/767/657 818/818/657 768/768/657
f 768/768/658 819/819/658 769/769/658
f 769/769/659 820/820/659 770/770/659
f 820/820/660 771/771/660 770/770/660
f 821/821/661 772/772/661 771/771/661
f 822/822/662 773/773/662 772/772/662
f 823/823/663 774/774/663 773/773/663
f 774/774/664 825/825/664 775/775/664
f 825/825/665 776/776/665 775/775/665
f 776/776/666 827/827/666 777/777/666
f 827/827/667 778/778/667 777/777/667
f 778/778/668 829/829/668 779/779/668
f 779/779/669 830/830/669 780/780/669
f 780/780/670 831/831/670 781/781/670
f 781/781/671 832/832/671 782/782/671
f 782/782/672 833/833/672 783/783/672
f 783/783/673 834/834/673 784/784/673
f 784/784/674 835/835/674 785/785/674
f 835/835/675 786/786/675 785/785/675
f 836/836/676 787/787/676 786/786/676
f 787/787/677 838/838/677 788/788/677
f 788/788/678 839/839/678 789/789/678
f 789/789/679 840/840/679 790/790/679
f 790/790/680 841/841/680 791/791/680
f 791/791/681 842/842/681 792/792/681
f 842/842/682 793/793/682 792/792/682
f 843/843/683 794/794/683 793/793/683
f 844/844/684 795/795/684 794/794/684
f 845/845/685 796/796/685 795/795/685
f 846/846/686 797/797/686 796/796/686
f 847/847/687 798/798/687 797/797/687
f 848/848/688 799/799/688 798/798/688
f 849/849/689 800/800/689 799/799/689
f 850/850/690 801/801/690 800/800/690
f 801/801/691 852/852/691 802/802/691
f 802/802/692 853/853/692 803/803/692
f 853/853/693 804/804/693 803/803/693
f 854/854/694 805/805/694 804/804/694
f 855/855/695 806/806/695 805/805/695
f 93/93/696 807/807/696 94/94/696
f 857/857/697 808/808/697 807/807/697
f 858/858/698 809/809/698 808/808/698
f 809/809/699 860/860/699 810/810/699
f 810/810/700 861/861/700 811/811/700
f 861/861/701 812/812/701 811/811/701
f 862/862/702 813/813/702 812/812/702
f 863/863/703 814/814/703 813/813/703
f 864/864/704 815/815/704 814/814/704
f 865/865/705 816/816/705 815/815/705
f 816/816/706 867/867/706 817/817/706
f 817/817/707 868/868/707 818/818/707
f 818/818/708 869/869/708 819/819/708
f 819/819/709 870/870/709 820/820/709
f 820/820/710 871/871/710 821/821/710
f 821/821/711 872/872/711 822/822/711
f 822/822/712 873/873/712 823/823/712
f 823/823/713 874/874/713 824/824/713
f 824/824/714 875/875/714 825/825/714
f 825/825/715 876/876/715 826/826/715
f 826/826/716 877/877/716 827/827/716
f 877/877/717 828/828/717 827/827/717
f 828/828/718 879/879/718 829/829/718
f 879/879/719 830/830/719 829/829/719
f 880/880/720 831/831/720 830/830/720
f 881/881/721 832/832/721 831/831/721
f 832/832/722 883/883/722 833/833/722
f 833/833/723 884/884/723 834/834/723
f 884/884/724 835/835/724 834/834/724
f 885/885/725 836/836/725 835/835/725
f 836/836/726 887/887/726 837/837/726
f 837/837/727 888/888/727 838/838/727
f 838/838/728 889/889/728 839/839/728
f 839/839/729 890/890/729 840/840/729
f 840/840/730 891/891/730 841/841/730
f 841/841/731 892/892/731 842/842/731
f 842/842/732 893/893/732 843/843/732
f 843/843/733 894/894/733 844/844/733
f 844/844/734 895/895/734 845/845/734
f 895/895/735 846/846/735 845/845/735
f 896/896/736 847/847/736 846/846/736
f 897/897/737 848/848/737 847/847/737
f 898/898/738 849/849/738 848/848/738
f 899/899/739 850/850/739 849/849/739
f 900/900/740 851/851/740 850/850/740
f 901/901/741 852/852/741 851/851/741
f 902/902/742 853/853/742 852/852/742
f 903/903/743 854/854/743 853/853/743
f 904/904/744 855/855/744 854/854/744
f 905/905/745 856/856/745 855/855/745
f 92/92/746 857/857/746 93/93/746
f 857/857/747 908/908/747 858/858/747
f 908/908/748 859/859/748 858/858/748
f 909/909/749 860/860/749 859/859/749
f 860/860/750 911/911/750 861/861/750
f 911/911/751 862/862/751 861/861/751
f 912/912/752 863/863/752 862/862/752
f 913/913/753 864/864/753 863/863/753
f 914/914/754 865/865/754 864/864/754
f 915/915/755 866/866/755 865/865/755
f 866/866/756 917/917/756 867/867/756
f 867/867/757 918/918/757 868/868/757
f 868/868/758 919/919/758 869/869/758
f 869/869/759 920/920/759 870/870/759
f 870/870/760 921/921/760 871/871/760
f 871/871/761 922/922/761 872/872/761
f 872/872/762 923/923/762 873/873/762
f 873/873/763 924/924/763 874/874/763
f 874/874/764 925/925/764 875/875/764
f 875/875/765 926/926/765 876/876/765
f 876/876/766 927/927/766 877/877/766
f 877/877/767 928/928/767 878/878/767
f 928/928/768 879/879/768 878/878/768
f 929/929/769 880/880/769 879/879/769
f 930/930/770 881/881/770 880/880/770
f 931/931/771 882/882/771 881/881/771
f 932/932/772 883/883/772 882/882/772
f 883/883/773 934/934/773 884/884/773
f 884/884/774 935/935/774 885/885/774
f 935/935/775 886/886/775 885/885/775
f 936/936/776 887/887/776 886/886/776
f 937/937/777 888/888/777 887/887/777
f 888/888/778 939/939/778 889/889/778
f 889/889/779 940/940/779 890/890/779
f 940/940/780 891/891/780 890/890/780
f 941/941/781 892/892/781 891/891/781
f 892/892/782 943/943/782 893/893/782
f 893/893/783 944/944/783 894/894/783
f 894/894/784 945/945/784 895/895/784
f 945/945/785 896/896/785 895/895/785
f 946/946/786 897/897/786 896/896/786
f 947/947/787 898/898/787 897/897/787
f 948/948/788 899/899/788 898/898/788
f 949/949/789 900/900/789 899/899/789
f 950/950/790 901/901/790 900/900/790
f 951/951/791 902/902/791 901/901/791
f 952/952/792 903/903/792 902/902/792
f 903/903/793 954/954/793 904/904/793
f 904/904/794 955/955/794 905/905/794
f 955/955/795 906/906/795 905/905/795
f 91/91/796 907/907/796 92/92/796
f 907/907/797 958/958/797 908/908/797
f 958/958/798 909/909/798 908/908/798
f 959/959/799 910/910/799 909/909/799
f 960/960/800 911/911/800 910/910/800
f 961/961/801 912/912/801 911/911/801
f 962/962/802 913/913/802 912/912/802
f 963/963/803 914/914/803 913/913/803
f 964/964/804 915/915/804 914/914/804
f 965/965/805 916/916/805 915/915/805
f 916/916/806 967/967/806 917/917/806
f 917/917/807 968/968/807 918/918/807
f 918/918/808 969/969/808 919/919/808
f 919/919/809 970/970/809 920/920/809
f 920/920/810 971/971/810 921/921/810
f 921/921/811 972/972/811 922/922/811
f 922/922/812 973/973/812 923/923/812
f 923/923/813 974/974/813 924/924/813
f 924/924/814 975/975/814 925/925/814
f 925/925/815 976/976/815 926/926/815
f 926/926/816 977/977/816 927/927/816
f 927/927/817 978/978/817 928/928/817
f 978/978/818 929/929/818 928/928/818
f 979/979/819 930/930/819 929/929/819
f 980/980/820 931/931/820 930/930/820
f 981/981/821 932/932/821 931/931/821
f 932/932/822 983/983/822 933/933/822
f 933/933/823 984/984/823 934/934/823
f 934/934/824 985/985/824 935/935/824
f 985/985/825 936/936/825 935/935/825
f 986/986/826 937/937/826 936/936/826
f 987/987/827 938/938/827 937/937/827
f 988/988/828 939/939/828 938/938/828
f 989/989/829 940/940/829 939/939/829
f 990/990/830 941/941/830 940/940/830
f 991/991/831 942/942/831 941/941/831
f 942/942/832 993/993/832 943/943/832
f 943/943/833 994/994/833 944/944/833
f 944/944/834 995/995/834 945/945/834
f 945/945/835 996/996/835 946/946/835
f 946/946/836 997/997/836 947/947/836
f 947/947/837 998/998/837 948/948/837
f 948/948/838 999/999/838 949/949/838
f 999/999/839 950/950/839 949/949/839
f 1000/1000/840 951/951/840 950/950/840
f 1001/1001/841 952/952/841 951/951/841
f 1002/1002/842 953/953/842 952/952/842
f 953/953/843 1004/1004/843 954/954/843
f 954/954/844 1005/1005/844 955/955/844
f 955/955/845 1006/1006/845 956/956/845
f 90/90/846 957/957/846 91/91/846
f 957/957/847 1008/1008/847 958/958/847
f 1008/1008/848 959/959/848 958/958/848
f 1009/1009/849 960/960/849 959/959/849
f 1010/1010/850 961/961/850 960/960/850
f 1011/1011/851 962/962/851 961/961/851
f 1012/1012/852 963/963/852 962/962/852
f 1013/1013/853 964/964/853 963/963/853
f 1014/1014/854 965/965/854 964/964/854
f 1015/1015/855 966/966/855 965/965/855
f 966/966/856 1017/1017/856 967/967/856
f 967/967/857 1018/1018/857 968/968/857
f 968/968/858 1019/1019/858 969/969/858
f 969/969/859 1020/1020/859 970/970/859
f 970/970/860 1021/1021/860 971/971/860
f 971/971/861 1022/1022/861 972/972/861
f 972/972/862 1023/1023/862 973/973/862
f 973/973/863 1024/1024/863 974/974/863
f 974/974/864 1025/1025/864 975/975/864
f 975/975/865 1026/1026/865 976/976/865
f 976/976/866 1027/1027/866 977/977/866
f 977/977/867 1028/1028/867 978/978/867
f 1028/1028/868 979/979/868 978/978/868
f 1029/1029/869 980/980/869 979/979/869
f 1030/1030/870 981/981/870 980/980/870
f 1031/1031/871 982/982/871 981/981/871
f 982/982/872 1033/1033/872 983/983/872
f 983/983/873 1034/1034/873 984/984/873
f 984/984/874 1035/1035/874 985/985/874
f 1035/1035/875 986/986/875 985/985/875
f 1036/1036/876 987/987/876 986/986/876
f 1037/1037/877 988/988/877 987/987/877
f 988/988/878 1039/1039/878 989/989/878
f 1039/1039/879 990/990/879 989/989/879
f 1040/1040/880 991/991/880 990/990/880
f 1041/1041/881 992/992/881 991/991/881
f 992/992/882 1043/1043/882 993/993/882
f 993/993/883 1044/1044/883 994/994/883
f 994/994/884 1045/1045/884 995/995/884
f 995/995/885 1046/1046/885 996/996/885
f 1046/1046/886 997/997/886 996/996/886
f 1047/1047/887 998/998/887 997/997/887
f 998/998/888 1049/1049/888 999/999/888
f 1049/1049/889 1000/1000/889 999/999/889
f 1050/1050/890 1001/1001/890 1000/1000/890
f 1051/1051/891 1002/1002/891 1001/1001/891
f 1052/1052/892 1003/1003/892 1002/1002/892
f 1053/1053/893 1004/1004/893 1003/1003/893
f 1004/1004/894 1055/1055/894 1005/1005/894
f 1005/1005/895 1056/1056/895 1006/1006/895
f 90/90/896 1057/1057/896 1007/1007/896
f 1057/1057/897 1008/1008/897 1007/1007/897
f 1058/1058/898 1009/1009/898 1008/1008/898
f 1059/1059/899 1010/1010/899 1009/1009/899
f 1060/1060/900 1011/1011/900 1010/1010/900
f 1061/1061/901 1012/1012/901 1011/1011/901
f 1062/1062/902 1013/1013/902 1012/1012/902
f 1013/1013/903 1064/1064/903 1014/1014/903
f 1014/1014/904 1065/1065/904 1015/1015/904
f 1015/1015/905 1066/1066/905 1016/1016/905
f 1066/1066/906 1017/1017/906 1016/1016/906
f 1017/1017/907 1068/1068/907 1018/1018/907
f 1018/1018/908 1069/1069/908 1019/1019/908
f 1019/1019/909 1070/1070/909 1020/1020/909
f 1020/1020/910 1071/1071/910 1021/1021/910
f 1021/1021/911 1072/1072/911 1022/1022/911
f 1022/1022/912 1073/1073/912 1023/1023/912
f 1023/1023/913 1074/1074/913 1024/1024/913
f 1024/1024/914 1075/1075/914 1025/1025/914
f 1025/1025/915 1076/1076/915 1026/1026/915
f 1026/1026/916 1077/1077/916 1027/1027/916
f 1027/1027/917 1078/1078/917 1028/1028/917
f 1078/1078/918 1029/1029/918 1028/1028/918
f 1079/1079/919 1030/1030/919 1029/1029/919
f 1080/1080/920 1031/1031/920 1030/1030/920
f 1081/1081/921 1032/1032/921 1031/1031/921
f 1082/1082/922 1033/1033/922 1032/1032/922
f 1033/1033/923 1084/1084/923 1034/1034/923
f 1034/1034/924 1085/1085/924 1035/1035/924
f 1085/1085/925 1036/1036/925 1035/1035/925
f 1086/1086/926 1037/1037/926 1036/1036/926
f 1037/1037/927 1088/1088/927 1038/1038/927
f 1038/1038/928 1089/1089/928 1039/1039/928
f 1089/1089/929 1040/1040/929 1039/1039/929
f 1090/1090/930 1041/1041/930 1040/1040/930
f 1091/1091/931 1042/1042/931 1041/1041/931
f 1042/1042/932 1093/1093/932 1043/1043/932
f 1043/1043/933 1094/1094/933 1044/1044/933
f 1044/1044/934 1095/1095/934 1045/1045/934
f 1045/1045/935 1096/1096/935 1046/1046/935
f 1046/1046/936 1097/1097/936 1047/1047/936
f 1097/1097/937 1048/1048/937 1047/1047/937
f 1098/1098/938 1049/1049/938 1048/1048/938
f 1099/1099/939 1050/1050/939 1049/1049/939
f 1100/1100/940 1051/1051/940 1050/1050/940
f 1101/1101/941 1052/1052/941 1051/1051/941
f 1102/1102/942 1053/1053/942 1052/1052/942
f 1103/1103/943 1054/1054/943 1053/1053/943
f 1054/1054/944 1105/1105/944 1055/1055/944
f 1055/1055/945 1106/1106/945 1056/1056/945
f 89/89/946 1107/1107/946 1057/1057/946
f 1107/1107/947 1058/1058/947 1057/1057/947
f 1108/1108/948 1059/1059/948 1058/1058/948
f 1109/1109/949 1060/1060/949 1059/1059/949
f 1110/1110/950 1061/1061/950 1060/1060/950
f 1111/1111/951 1062/1062/951 1061/1061/951
f 1112/1112/952 1063/1063/952 1062/1062/952
f 1063/1063/953 1114/1114/953 1064/1064/953
f 1064/1064/954 1115/1115/954 1065/1065/954
f 1065/1065/955 1116/1116/955 1066/1066/955
f 1066/1066/956 1117/1117/956 1067/1067/956
f 1117/1117/957 1068/1068/957 1067/1067/957
f 1068/1068/958 1119/1119/958 1069/1069/958
f 1069/1069/959 1120/1120/959 1070/1070/959
f 1070/1070/960 1121/1121/960 1071/1071/960
f 1071/1071/961 1122/1122/961 1072/1072/961
f 1072/1072/962 1123/1123/962 1073/1073/962
f 1073/1073/963 1124/1124/963 1074/1074/963
f 1074/1074/964 1125/1125/964 1075/1075/964
f 1075/1075/965 1126/1126/965 1076/1076/965
f 1076/1076/966 1127/1127/966 1077/1077/966
f 1077/1077/967 1128/1128/967 1078/1078/967
f 1128/1128/968 1079/1079/968 1078/1078/968
f 1129/1129/969 1080/1080/969 1079/1079/969
f 1130/1130/970 1081/1081/970 1080/1080/970
f 1131/1131/971 1082/1082/971 1081/1081/971
f 1132/1132/972 1083/1083/972 1082/1082/972
f 1083/1083/973 1134/1134/973 1084/1084/973
f 1084/1084/974 1135/1135/974 1085/1085/974
f 1085/1085/975 1136/1136/975 1086/1086/975
f 1136/1136/976 1087/1087/976 1086/1086/976
f 1087/1087/977 1138/1138/977 1088/1088/977
f 1138/1138/978 1089/1089/978 1088/1088/978
f 1139/1139/979 1090/1090/979 1089/1089/979
f 1090/1090/980 1141/1141/980 1091/1091/980
f 1141/1141/981 1092/1092/981 1091/1091/981
f 1142/1142/982 1093/1093/982 1092/1092/982
f 1143/1143/983 1094/1094/983 1093/1093/983
f 1094/1094/984 1145/1145/984 1095/1095/984
f 1095/1095/985 1146/1146/985 1096/1096/985
f 1096/1096/986 1147/1147/986 1097/1097/986
f 1147/1147/987 1098/1098/987 1097/1097/987
f 1148/1148/988 1099/1099/988 1098/1098/988
f 1149/1149/989 1100/1100/989 1099/1099/989
f 1150/1150/990 1101/1101/990 1100/1100/990
f 1151/1151/991 1102/1102/991 1101/1101/991
f 1152/1152/992 1103/1103/992 1102/1102/992
f 1153/1153/993 1104/1104/993 1103/1103/993
f 1104/1104/994 1155/1155/994 1105/1105/994
f 1105/1105/995 1156/1156/995 1106/1106/995
f 88/88/996 1157/1157/996 1107/1107/996
f 1157/1157/997 1108/1108/997 1107/1107/997
f 1158/1158/998 1109/1109/998 1108/1108/998
f 1159/1159/999 1110/1110/999 1109/1109/999
f 1160/1160/1000 1111/1111/1000 1110/1110/1000
f 1111/1111/1001 1162/1162/1001 1112/1112/1001
f 1112/1112/1002 1163/1163/1002 1113/1113/1002
f 1113/1113/1003 1164/1164/1003 1114/1114/1003
f 1114/1114/1004 1165/1165/1004 1115/1115/1004
f 1115/1115/1005 1166/1166/1005 1116/1116/1005
f 1116/1116/1006 1167/1167/1006 1117/1117/1006
f 1117/1117/1007 1168/1168/1007 1118/1118/1007
f 1168/1168/1008 1119/1119/1008 1118/1118/1008
f 1119/1119/1009 1170/1170/1009 1120/1120/1009
f 1120/1120/1010 1171/1171/1010 1121/1121/1010
f 1121/1121/1011 1172/1172/1011 1122/1122/1011
f 1172/1172/1012 1123/1123/1012 1122/1122/1012
f 1173/1173/1013 1124/1124/1013 1123/1123/1013
f 1174/1174/1014 1125/1125/1014 1124/1124/1014
f 1125/1125/1015 1176/1176/1015 1126/1126/1015
f 1126/1126/1016 1177/1177/1016 1127/1127/1016
f 1127/1127/1017 1178/1178/1017 1128/1128/1017
f 1128/1128/1018 1179/1179/1018 1129/1129/1018
f 1179/1179/1019 1130/1130/1019 1129/1129/1019
f 1180/1180/1020 1131/1131/1020 1130/1130/1020
f 1181/1181/1021 1132/1132/1021 1131/1131/1021
f 1182/1182/1022 1133/1133/1022 1132/1132/1022
f 1133/1133/1023 1184/1184/1023 1134/1134/1023
f 1134/1134/1024 1185/1185/1024 1135/1135/1024
f 1135/1135/1025 1186/1186/1025 1136/1136/1025
f 1186/1186/1026 1137/1137/1026 1136/1136/1026
f 1187/1187/1027 1138/1138/1027 1137/1137/1027
f 1188/1188/1028 1139/1139/1028 1138/1138/1028
f 1189/1189/1029 1140/1140/1029 1139/1139/1029
f 1140/1140/1030 1191/1191/1030 1141/1141/1030
f 1191/1191/1031 1142/1142/1031 1141/1141/1031
f 1192/1192/1032 1143/1143/1032 1142/1142/1032
f 1193/1193/1033 1144/1144/1033 1143/1143/1033
f 1144/1144/1034 1195/1195/1034 1145/1145/1034
f 1145/1145/1035 1196/1196/1035 1146/1146/1035
f 1146/1146/1036 1197/1197/1036 1147/1147/1036
f 1197/1197/1037 1148/1148/1037 1147/1147/1037
f 1198/1198/1038 1149/1149/1038 1148/1148/1038
f 1199/1199/1039 1150/1150/1039 1149/1149/1039
f 1200/1200/1040 1151/1151/1040 1150/1150/1040
f 1201/1201/1041 1152/1152/1041 1151/1151/1041
f 1202/1202/1042 1153/1153/1042 1152/1152/1042
f 1203/1203/1043 1154/1154/1043 1153/1153/1043
f 1154/1154/1044 1205/1205/1044 1155/1155/1044
f 1155/1155/1045 1206/1206/1045 1156/1156/1045
f 87/87/1046 1207/1207/1046 1157/1157/1046
f 1207/1207/1047 1158/1158/1047 1157/1157/1047
f 1208/1208/1048 1159/1159/1048 1158/1158/1048
f 1209/1209/1049 1160/1160/1049 1159/1159/1049
f 1160/1160/1050 1211/1211/1050 1161/1161/1050
f 1161/1161/1051 1212/1212/1051 1162/1162/1051
f 1162/1162/1052 1213/1213/1052 1163/1163/1052
f 1163/1163/1053 1214/1214/1053 1164/1164/1053
f 1214/1214/1054 1165/1165/1054 1164/1164/1054
f 1165/1165/1055 1216/1216/1055 1166/1166/1055
f 1166/1166/1056 1217/1217/1056 1167/1167/1056
f 1167/1167/1057 1218/1218/1057 1168/1168/1057
f 1218/1218/1058 1169/1169/1058 1168/1168/1058
f 1219/1219/1059 1170/1170/1059 1169/1169/1059
f 1220/1220/1060 1171/1171/1060 1170/1170/1060
f 1171/1171/1061 1222/1222/1061 1172/1172/1061
f 1222/1222/1062 1173/1173/1062 1172/1172/1062
f 1223/1223/1063 1174/1174/1063 1173/1173/1063
f 1224/1224/1064 1175/1175/1064 1174/1174/1064
f 1175/1175/1065 1226/1226/1065 1176/1176/1065
f 1176/1176/1066 1227/1227/1066 1177/1177/1066
f 1177/1177/1067 1228/1228/1067 1178/1178/1067
f 1178/1178/1068 1229/1229/1068 1179/1179/1068
f 1229/1229/1069 1180/1180/1069 1179/1179/1069
f 1230/1230/1070 1181/1181/1070 1180/1180/1070
f 1231/1231/1071 1182/1182/1071 1181/1181/1071
f 1182/1182/1072 1233/1233/1072 1183/1183/1072
f 1183/1183/1073 1234/1234/1073 1184/1184/1073
f 1184/1184/1074 1235/1235/1074 1185/1185/1074
f 1185/1185/1075 1236/1236/1075 1186/1186/1075
f 1236/1236/1076 1187/1187/1076 1186/1186/1076
f 1237/1237/1077 1188/1188/1077 1187/1187/1077
f 1238/1238/1078 1189/1189/1078 1188/1188/1078
f 1239/1239/1079 1190/1190/1079 1189/1189/1079
f 1240/1240/1080 1191/1191/1080 1190/1190/1080
f 1191/1191/1081 1242/1242/1081 1192/1192/1081
f 1192/1192/1082 1243/1243/1082 1193/1193/1082
f 1193/1193/1083 1244/1244/1083 1194/1194/1083
f 1194/1194/1084 1245/1245/1084 1195/1195/1084
f 1245/1245/1085 1196/1196/1085 1195/1195/1085
f 1246/1246/1086 1197/1197/1086 1196/1196/1086
f 1247/1247/1087 1198/1198/1087 1197/1197/1087
f 1248/1248/1088 1199/1199/1088 1198/1198/1088
f 1249/1249/1089 1200/1200/1089 1199/1199/1089
f 1250/1250/1090 1201/1201/1090 1200/1200/1090
f 1251/1251/1091 1202/1202/1091 1201/1201/1091
f 1252/1252/1092 1203/1203/1092 1202/1202/1092
f 1253/1253/1093 1204/1204/1093 1203/1203/1093
f 1204/1204/1094 1255/1255/1094 1205/1205/1094
f 1205/1205/1095 1256/1256/1095 1206/1206/1095
f 86/86/1096 1257/1257/1096 1207/1207/1096
f 1257/1257/1097 1208/1208/1097 1207/1207/1097
f 1258/1258/1098 1209/1209/1098 1208/1208/1098
f 1259/1259/1099 1210/1210/1099 1209/1209/1099
f 1210/1210/1100 1261/1261/1100 1211/1211/1100
f 1211/1211/1101 1262/1262/1101 1212/1212/1101
f 1212/1212/1102 1263/1263/1102 1213/1213/1102
f 1213/1213/1103 1264/1264/1103 1214/1214/1103
f 1214/1214/1104 1265/1265/1104 1215/1215/1104
f 1265/1265/1105 1216/1216/1105 1215/1215/1105
f 1266/1266/1106 1217/1217/1106 1216/1216/1106
f 1217/1217/1107 1268/1268/1107 1218/1218/1107
f 1268/1268/1108 1219/1219/1108 1218/1218/1108
f 1269/1269/1109 1220/1220/1109 1219/1219/1109
f 1270/1270/1110 1221/1221/1110 1220/1220/1110
f 1221/1221/1111 1272/1272/1111 1222/1222/1111
f 1272/1272/1112 1223/1223/1112 1222/1222/1112
f 1273/1273/1113 1224/1224/1113 1223/1223/1113
f 1274/1274/1114 1225/1225/1114 1224/1224/1114
f 1275/1275/1115 1226/1226/1115 1225/1225/1115
f 1226/1226/1116 1277/1277/1116 1227/1227/1116
f 1227/1227/1117 1278/1278/1117 1228/1228/1117
f 1228/1228/1118 1279/1279/1118 1229/1229/1118
f 1279/1279/1119 1230/1230/1119 1229/1229/1119
f 1280/1280/1120 1231/1231/1120 1230/1230/1120
f 1281/1281/1121 1232/1232/1121 1231/1231/1121
f 1232/1232/1122 1283/1283/1122 1233/1233/1122
f 1233/1233/1123 1284/1284/1123 1234/1234/1123
f 1234/1234/1124 1285/1285/1124 1235/1235/1124
f 1235/1235/1125 1286/1286/1125 1236/1236/1125
f 1236/1236/1126 1287/1287/1126 1237/1237/1126
f 1237/1237/1127 1288/1288/1127 1238/1238/1127
f 1238/1238/1128 1289/1289/1128 1239/1239/1128
f 1239/1239/1129 1290/1290/1129 1240/1240/1129
f 1240/1240/1130 1291/1291/1130 1241/1241/1130
f 1241/1241/1131 1292/1292/1131 1242/1242/1131
f 1242/1242/1132 1293/1293/1132 1243/1243/1132
f 1243/1243/1133 1294/1294/1133 1244/1244/1133
f 1244/1244/1134 1295/1295/1134 1245/1245/1134
f 1295/1295/1135 1246/1246/1135 1245/1245/1135
f 1296/1296/1136 1247/1247/1136 1246/1246/1136
f 1297/1297/1137 1248/1248/1137 1247/1247/1137
f 1298/1298/1138 1249/1249/1138 1248/1248/1138
f 1299/1299/1139 1250/1250/1139 1249/1249/1139
f 1300/1300/1140 1251/1251/1140 1250/1250/1140
f 1301/1301/1141 1252/1252/1141 1251/1251/1141
f 1302/1302/1142 1253/1253/1142 1252/1252/1142
f 1253/1253/1143 1304/1304/1143 1254/1254/1143
f 1304/1304/1144 1255/1255/1144 1254/1254/1144
f 1305/1305/1145 1256/1256/1145 1255/1255/1145
f 85/85/1146 1307/1307/1146 1257/1257/1146
f 1307/1307/1147 1258/1258/1147 1257/1257/1147
f 1308/1308/1148 1259/1259/1148 1258/1258/1148
f 1309/1309/1149 1260/1260/1149 1259/1259/1149
f 1260/1260/1150 1311/1311/1150 1261/1261/1150
f 1261/1261/1151 1312/1312/1151 1262/1262/1151
f 1262/1262/1152 1313/1313/1152 1263/1263/1152
f 1263/1263/1153 1314/1314/1153 1264/1264/1153
f 1264/1264/1154 1315/1315/1154 1265/1265/1154
f 1315/1315/1155 1266/1266/1155 1265/1265/1155
f 1316/1316/1156 1267/1267/1156 1266/1266/1156
f 1267/1267/1157 1318/1318/1157 1268/1268/1157
f 1318/1318/1158 1269/1269/1158 1268/1268/1158
f 1319/1319/1159 1270/1270/1159 1269/1269/1159
f 1320/1320/1160 1271/1271/1160 1270/1270/1160
f 1321/1321/1161 1272/1272/1161 1271/1271/1161
f 1322/1322/1162 1273/1273/1162 1272/1272/1162
f 1323/1323/1163 1274/1274/1163 1273/1273/1163
f 1324/1324/1164 1275/1275/1164 1274/1274/1164
f 1325/1325/1165 1276/1276/1165 1275/1275/1165
f 1276/1276/1166 1327/1327/1166 1277/1277/1166
f 1277/1277/1167 1328/1328/1167 1278/1278/1167
f 1278/1278/1168 1329/1329/1168 1279/1279/1168
f 1329/1329/1169 1280/1280/1169 1279/1279/1169
f 1330/1330/1170 1281/1281/1170 1280/1280/1170
f 1281/1281/1171 1332/1332/1171 1282/1282/1171
f 1282/1282/1172 1333/1333/1172 1283/1283/1172
f 1283/1283/1173 1334/1334/1173 1284/1284/1173
f 1284/1284/1174 1335/1335/1174 1285/1285/1174
f 1285/1285/1175 1336/1336/1175 1286/1286/1175
f 1286/1286/1176 1337/1337/1176 1287/1287/1176
f 1287/1287/1177 1338/1338/1177 1288/1288/1177
f 1288/1288/1178 1339/1339/1178 1289/1289/1178
f 1289/1289/1179 1340/1340/1179 1290/1290/1179
f 1290/1290/1180 1341/1341/1180 1291/1291/1180
f 1291/1291/1181 1342/1342/1181 1292/1292/1181
f 1292/1292/1182 1343/1343/1182 1293/1293/1182
f 1293/1293/1183 1344/1344/1183 1294/1294/1183
f 1294/1294/1184 1345/1345/1184 1295/1295/1184
f 1295/1295/1185 1346/1346/1185 1296/1296/1185
f 1296/1296/1186 1347/1347/1186 1297/1297/1186
f 1347/1347/1187 1298/1298/1187 1297/1297/1187
f 1348/1348/1188 1299/1299/1188 1298/1298/1188
f 1349/1349/1189 1300/1300/1189 1299/1299/1189
f 1350/1350/1190 1301/1301/1190 1300/1300/1190
f 1351/1351/1191 1302/1302/1191 1301/1301/1191
f 1302/1302/1192 1353/1353/1192 1303/1303/1192
f 1303/1303/1193 1354/1354/1193 1304/1304/1193
f 1354/1354/1194 1305/1305/1194 1304/1304/1194
f 1355/1355/1195 1306/1306/1195 1305/1305/1195
f 84/84/1196 1357/1357/1196 1307/1307/1196
f 1357/1357/1197 1308/1308/1197 1307/1307/1197
f 1358/1358/1198 1309/1309/1198 1308/1308/1198
f 1359/1359/1199 1310/1310/1199 1309/1309/1199
f 1310/1310/1200 1361/1361/1200 1311/1311/1200
f 1311/1311/1201 1362/1362/1201 1312/1312/1201
f 1312/1312/1202 1363/1363/1202 1313/1313/1202
f 1313/1313/1203 1364/1364/1203 1314/1314/1203
f 1314/1314/1204 1365/1365/1204 1315/1315/1204
f 1365/1365/1205 1316/1316/1205 1315/1315/1205
f 1366/1366/1206 1317/1317/1206 1316/1316/1206
f 1317/1317/1207 1368/1368/1207 1318/1318/1207
f 1318/1318/1208 1369/1369/1208 1319/1319/1208
f 1319/1319/1209 1370/1370/1209 1320/1320/1209
f 1370/1370/1210 1321/1321/1210 1320/1320/1210
f 1371/1371/1211 1322/1322/1211 1321/1321/1211
f 1372/1372/1212 1323/1323/1212 1322/1322/1212
f 1373/1373/1213 1324/1324/1213 1323/1323/1213
f 1374/1374/1214 1325/1325/1214 1324/1324/1214
f 1375/1375/1215 1326/1326/1215 1325/1325/1215
f 1326/1326/1216 1377/1377/1216 1327/1327/1216
f 1327/1327/1217 1378/1378/1217 1328/1328/1217
f 1328/1328/1218 1379/1379/1218 1329/1329/1218
f 1329/1329/1219 1380/1380/1219 1330/1330/1219
f 1330/1330/1220 1381/1381/1220 1331/1331/1220
f 1331/1331/1221 1382/1382/1221 1332/1332/1221
f 1332/1332/1222 1383/1383/1222 1333/1333/1222
f 1333/1333/1223 1384/1384/1223 1334/1334/1223
f 1334/1334/1224 1385/1385/1224 1335/1335/1224
f 1385/1385/1225 1336/1336/1225 1335/1335/1225
f 1386/1386/1226 1337/1337/1226 1336/1336/1226
f 1337/1337/1227 1388/1388/1227 1338/1338/1227
f 1338/1338/1228 1389/1389/1228 1339/1339/1228
f 1339/1339/1229 1390/1390/1229 1340/1340/1229
f 1340/1340/1230 1391/1391/1230 1341/1341/1230
f 1341/1341/1231 1392/1392/1231 1342/1342/1231
f 1342/1342/1232 1393/1393/1232 1343/1343/1232
f 1343/1343/1233 1394/1394/1233 1344/1344/1233
f 1344/1344/1234 1395/1395/1234 1345/1345/1234
f 1345/1345/1235 1396/1396/1235 1346/1346/1235
f 1346/1346/1236 1397/1397/1236 1347/1347/1236
f 1347/1347/1237 1398/1398/1237 1348/1348/1237
f 1348/1348/1238 1399/1399/1238 1349/1349/1238
f 1349/1349/1239 1400/1400/1239 1350/1350/1239
f 1350/1350/1240 1401/1401/1240 1351/1351/1240
f 1351/1351/1241 1402/1402/1241 1352/1352/1241
f 1352/1352/1242 1403/1403/1242 1353/1353/1242
f 1353/1353/1243 1404/1404/1243 1354/1354/1243
f 1404/1404/1244 1355/1355/1244 1354/1354/1244
f 1355/1355/1245 1406/1406/1245 1356/1356/1245
f 83/83/1246 1407/1407/1246 1357/1357/1246
f 1407/1407/1247 1358/1358/1247 1357/1357/1247
f 1408/1408/1248 1359/1359/1248 1358/1358/1248
f 1409/1409/1249 1360/1360/1249 1359/1359/1249
f 1360/1360/1250 1411/1411/1250 1361/1361/1250
f 1361/1361/1251 1412/1412/1251 1362/1362/1251
f 1362/1362/1252 1413/1413/1252 1363/1363/1252
f 1363/1363/1253 1414/1414/1253 1364/1364/1253
f 1364/1364/1254 1415/1415/1254 1365/1365/1254
f 1415/1415/1255 1366/1366/1255 1365/1365/1255
f 1366/1366/1256 1417/1417/1256 1367/1367/1256
f 1367/1367/1257 1418/1418/1257 1368/1368/1257
f 1368/1368/1258 1419/1419/1258 1369/1369/1258
f 1369/1369/1259 1420/1420/1259 1370/1370/1259
f 1420/1420/1260 1371/1371/1260 1370/1370/1260
f 1421/1421/1261 1372/1372/1261 1371/1371/1261
f 1422/1422/1262 1373/1373/1262 1372/1372/1262
f 1423/1423/1263 1374/1374/1263 1373/1373/1263
f 1424/1424/1264 1375/1375/1264 1374/1374/1264
f 1425/1425/1265 1376/1376/1265 1375/1375/1265
f 1426/1426/1266 1377/1377/1266 1376/1376/1266
f 1427/1427/1267 1378/1378/1267 1377/1377/1267
f 1428/1428/1268 1379/1379/1268 1378/1378/1268
f 1429/1429/1269 1380/1380/1269 1379/1379/1269
f 1380/1380/1270 1431/1431/1270 1381/1381/1270
f 1381/1381/1271 1432/1432/1271 1382/1382/1271
f 1382/1382/1272 1433/1433/1272 1383/1383/1272
f 1383/1383/1273 1434/1434/1273 1384/1384/1273
f 1384/1384/1274 1435/1435/1274 1385/1385/1274
f 1435/1435/1275 1386/1386/1275 1385/1385/1275
f 1436/1436/1276 1387/1387/1276 1386/1386/1276
f 1387/1387/1277 1438/1438/1277 1388/1388/1277
f 1388/1388/1278 1439/1439/1278 1389/1389/1278
f 1389/1389/1279 1440/1440/1279 1390/1390/1279
f 1390/1390/1280 1441/1441/1280 1391/1391/1280
f 1391/1391/1281 1442/1442/1281 1392/1392/1281
f 1392/1392/1282 1443/1443/1282 1393/1393/1282
f 1393/1393/1283 1444/1444/1283 1394/1394/1283
f 1444/1444/1284 1395/1395/1284 1394/1394/1284
f 1395/1395/1285 1446/1446/1285 1396/1396/1285
f 1396/1396/1286 1447/1447/1286 1397/1397/1286
f 1397/1397/1287 1448/1448/1287 1398/1398/1287
f 1398/1398/1288 1449/1449/1288 1399/1399/1288
f 1399/1399/1289 1450/1450/1289 1400/1400/1289
f 1400/1400/1290 1451/1451/1290 1401/1401/1290
f 1401/1401/1291 1452/1452/1291 1402/1402/1291
f 1402/1402/1292 1453/1453/1292 1403/1403/1292
f 1403/1403/1293 1454/1454/1293 1404/1404/1293
f 1454/1454/1294 1405/1405/1294 1404/1404/1294
f 1405/1405/1295 1456/1456/1295 1406/1406/1295
f 81/81/1296 1407/1407/1296 82/82/1296
f 1457/1457/1297 1408/1408/1297 1407/1407/1297
f 1458/1458/1298 1409/1409/1298 1408/1408/1298
f 1459/1459/1299 1410/1410/1299 1409/1409/1299
f 1410/1410/1300 1461/1461/1300 1411/1411/1300
f 1411/1411/1301 1462/1462/1301 1412/1412/1301
f 1412/1412/1302 1463/1463/1302 1413/1413/1302
f 1413/1413/1303 1464/1464/1303 1414/1414/1303
f 1464/1464/1304 1415/1415/1304 1414/1414/1304
f 1465/1465/1305 1416/1416/1305 1415/1415/1305
f 1416/1416/1306 1467/1467/1306 1417/1417/1306
f 1417/1417/1307 1468/1468/1307 1418/1418/1307
f 1418/1418/1308 1469/1469/1308 1419/1419/1308
f 1419/1419/1309 1470/1470/1309 1420/1420/1309
f 1470/1470/1310 1421/1421/1310 1420/1420/1310
f 1471/1471/1311 1422/1422/1311 1421/1421/1311
f 1472/1472/1312 1423/1423/1312 1422/1422/1312
f 1473/1473/1313 1424/1424/1313 1423/1423/1313
f 1424/1424/1314 1475/1475/1314 1425/1425/1314
f 1475/1475/1315 1426/1426/1315 1425/1425/1315
f 1476/1476/1316 1427/1427/1316 1426/1426/1316
f 1427/1427/1317 1478/1478/1317 1428/1428/1317
f 1478/1478/1318 1429/1429/1318 1428/1428/1318
f 1479/1479/1319 1430/1430/1319 1429/1429/1319
f 1430/1430/1320 1481/1481/1320 1431/1431/1320
f 1431/1431/1321 1482/1482/1321 1432/1432/1321
f 1432/1432/1322 1483/1483/1322 1433/1433/1322
f 1433/1433/1323 1484/1484/1323 1434/1434/1323
f 1434/1434/1324 1485/1485/1324 1435/1435/1324
f 1435/1435/1325 1486/1486/1325 1436/1436/1325
f 1436/1436/1326 1487/1487/1326 1437/1437/1326
f 1487/1487/1327 1438/1438/1327 1437/1437/1327
f 1438/1438/1328 1489/1489/1328 1439/1439/1328
f 1439/1439/1329 1490/1490/1329 1440/1440/1329
f 1440/1440/1330 1491/1491/1330 1441/1441/1330
f 1441/1441/1331 1492/1492/1331 1442/1442/1331
f 1442/1442/1332 1493/1493/1332 1443/1443/1332
f 1443/1443/1333 1494/1494/1333 1444/1444/1333
f 1494/1494/1334 1445/1445/1334 1444/1444/1334
f 1445/1445/1335 1496/1496/1335 1446/1446/1335
f 1446/1446/1336 1497/1497/1336 1447/1447/1336
f 1447/1447/1337 1498/1498/1337 1448/1448/1337
f 1448/1448/1338 1499/1499/1338 1449/1449/1338
f 1449/1449/1339 1500/1500/1339 1450/1450/1339
f 1450/1450/1340 1501/1501/1340 1451/1451/1340
f 1451/1451/1341 1502/1502/1341 1452/1452/1341
f 1452/1452/1342 1503/1503/1342 1453/1453/1342
f 1453/1453/1343 1504/1504/1343 1454/1454/1343
f 1504/1504/1344 1455/1455/1344 1454/1454/1344
f 1455/1455/1345 1506/1506/1345 1456/1456/1345
f 80/80/1346 1457/1457/1346 81/81/1346
f 1507/1507/1347 1458/1458/1347 1457/1457/1347
f 1508/1508/1348 1459/1459/1348 1458/1458/1348
f 1509/1509/1349 1460/1460/1349 1459/1459/1349
f 1510/1510/1350 1461/1461/1350 1460/1460/1350
f 1461/1461/1351 1512/1512/1351 1462/1462/1351
f 1462/1462/1352 1513/1513/1352 1463/1463/1352
f 1463/1463/1353 1514/1514/1353 1464/1464/1353
f 1514/1514/1354 1465/1465/1354 1464/1464/1354
f 1465/1465/1355 1516/1516/1355 1466/1466/1355
f 1466/1466/1356 1517/1517/1356 1467/1467/1356
f 1467/1467/1357 1518/1518/1357 1468/1468/1357
f 1468/1468/1358 1519/1519/1358 1469/1469/1358
f 1469/1469/1359 1520/1520/1359 1470/1470/1359
f 1520/1520/1360 1471/1471/1360 1470/1470/1360
f 1521/1521/1361 1472/1472/1361 1471/1471/1361
f 1522/1522/1362 1473/1473/1362 1472/1472/1362
f 1523/1523/1363 1474/1474/1363 1473/1473/1363
f 1524/1524/1364 1475/1475/1364 1474/1474/1364
f 1525/1525/1365 1476/1476/1365 1475/1475/1365
f 1526/1526/1366 1477/1477/1366 1476/1476/1366
f 1527/1527/1367 1478/1478/1367 1477/1477/1367
f 1528/1528/1368 1479/1479/1368 1478/1478/1368
f 1529/1529/1369 1480/1480/1369 1479/1479/1369
f 1480/1480/1370 1531/1531/1370 1481/1481/1370
f 1531/1531/1371 1482/1482/1371 1481/1481/1371
f 1532/1532/1372 1483/1483/1372 1482/1482/1372
f 1533/1533/1373 1484/1484/1373 1483/1483/1373
f 1534/1534/1374 1485/1485/1374 1484/1484/1374
f 1485/1485/1375 1536/1536/1375 1486/1486/1375
f 1486/1486/1376 1537/1537/1376 1487/1487/1376
f 1537/1537/1377 1488/1488/1377 1487/1487/1377
f 1538/1538/1378 1489/1489/1378 1488/1488/1378
f 1539/1539/1379 1490/1490/1379 1489/1489/1379
f 1490/1490/1380 1541/1541/1380 1491/1491/1380
f 1491/1491/1381 1542/1542/1381 1492/1492/1381
f 1542/1542/1382 1493/1493/1382 1492/1492/1382
f 1543/1543/1383 1494/1494/1383 1493/1493/1383
f 1544/1544/1384 1495/1495/1384 1494/1494/1384
f 1495/1495/1385 1546/1546/1385 1496/1496/1385
f 1496/1496/1386 1547/1547/1386 1497/1497/1386
f 1497/1497/1387 1548/1548/1387 1498/1498/1387
f 1498/1498/1388 1549/1549/1388 1499/1499/1388
f 1499/1499/1389 1550/1550/1389 1500/1500/1389
f 1500/1500/1390 1551/1551/1390 1501/1501/1390
f 1551/1551/1391 1502/1502/1391 1501/1501/1391
f 1552/1552/1392 1503/1503/1392 1502/1502/1392
f 1553/1553/1393 1504/1504/1393 1503/1503/1393
f 1554/1554/1394 1505/1505/1394 1504/1504/1394
f 1505/1505/1395 1556/1556/1395 1506/1506/1395
f 79/79/1396 1507/1507/1396 80/80/1396
f 1557/1557/1397 1508/1508/1397 1507/1507/1397
f 1558/1558/1398 1509/1509/1398 1508/1508/1398
f 1559/1559/1399 1510/1510/1399 1509/1509/1399
f 1560/1560/1400 1511/1511/1400 1510/1510/1400
f 1561/1561/1401 1512/1512/1401 1511/1511/1401
f 1512/1512/1402 1563/1563/1402 1513/1513/1402
f 1513/1513/1403 1564/1564/1403 1514/1514/1403
f 1514/1514/1404 1565/1565/1404 1515/1515/1404
f 1515/1515/1405 1566/1566/1405 1516/1516/1405
f 1516/1516/1406 1567/1567/1406 1517/1517/1406
f 1517/1517/1407 1568/1568/1407 1518/1518/1407
f 1518/1518/1408 1569/1569/1408 1519/1519/1408
f 1519/1519/1409 1570/1570/1409 1520/1520/1409
f 1570/1570/1410 1521/1521/1410 1520/1520/1410
f 1521/1521/1411 1572/1572/1411 1522/1522/1411
f 1522/1522/1412 1573/1573/1412 1523/1523/1412
f 1523/1523/1413 1574/1574/1413 1524/1524/1413
f 1574/1574/1414 1525/1525/1414 1524/1524/1414
f 1525/1525/1415 1576/1576/1415 1526/1526/1415
f 1576/1576/1416 1527/1527/1416 1526/1526/1416
f 1577/1577/1417 1528/1528/1417 1527/1527/1417
f 1578/1578/1418 1529/1529/1418 1528/1528/1418
f 1579/1579/1419 1530/1530/1419 1529/1529/1419
f 1580/1580/1420 1531/1531/1420 1530/1530/1420
f 1581/1581/1421 1532/1532/1421 1531/1531/1421
f 1582/1582/1422 1533/1533/1422 1532/1532/1422
f 1583/1583/1423 1534/1534/1423 1533/1533/1423
f 1584/1584/1424 1535/1535/1424 1534/1534/1424
f 1535/1535/1425 1586/1586/1425 1536/1536/1425
f 1536/1536/1426 1587/1587/1426 1537/1537/1426
f 1587/1587/1427 1538/1538/1427 1537/1537/1427
f 1588/1588/1428 1539/1539/1428 1538/1538/1428
f 1589/1589/1429 1540/1540/1429 1539/1539/1429
f 1590/1590/1430 1541/1541/1430 1540/1540/1430
f 1591/1591/1431 1542/1542/1431 1541/1541/1431
f 1592/1592/1432 1543/1543/1432 1542/1542/1432
f 1593/1593/1433 1544/1544/1433 1543/1543/1433
f 1594/1594/1434 1545/1545/1434 1544/1544/1434
f 1545/1545/1435 1596/1596/1435 1546/1546/1435
f 1546/1546/1436 1597/1597/1436 1547/1547/1436
f 1547/1547/1437 1598/1598/1437 1548/1548/1437
f 1548/1548/1438 1599/1599/1438 1549/1549/1438
f 1549/1549/1439 1600/1600/1439 1550/1550/1439
f 1550/1550/1440 1601/1601/1440 1551/1551/1440
f 1601/1601/1441 1552/1552/1441 1551/1551/1441
f 1602/1602/1442 1553/1553/1442 1552/1552/1442
f 1603/1603/1443 1554/1554/1443 1553/1553/1443
f 1604/1604/1444 1555/1555/1444 1554/1554/1444
f 1605/1605/1445 1556/1556/1445 1555/1555/1445
f 78/78/1446 1557/1557/1446 79/79/1446
f 1607/1607/1447 1558/1558/1447 1557/1557/1447
f 1608/1608/1448 1559/1559/1448 1558/1558/1448
f 1609/1609/1449 1560/1560/1449 1559/1559/1449
f 1610/1610/1450 1561/1561/1450 1560/1560/1450
f 1611/1611/1451 1562/1562/1451 1561/1561/1451
f 1612/1612/1452 1563/1563/1452 1562/1562/1452
f 1563/1563/1453 1614/1614/1453 1564/1564/1453
f 1564/1564/1454 1615/1615/1454 1565/1565/1454
f 1565/1565/1455 1616/1616/1455 1566/1566/1455
f 1566/1566/1456 1617/1617/1456 1567/1567/1456
f 1617/1617/1457 1568/1568/1457 1567/1567/1457
f 1618/1618/1458 1569/1569/1458 1568/1568/1458
f 1619/1619/1459 1570/1570/1459 1569/1569/1459
f 1570/1570/1460 1621/1621/1460 1571/1571/1460
f 1571/1571/1461 1622/1622/1461 1572/1572/1461
f 1572/1572/1462 1623/1623/1462 1573/1573/1462
f 1573/1573/1463 1624/1624/1463 1574/1574/1463
f 1624/1624/1464 1575/1575/1464 1574/1574/1464
f 1575/1575/1465 1626/1626/1465 1576/1576/1465
f 1626/1626/1466 1577/1577/1466 1576/1576/1466
f 1627/1627/1467 1578/1578/1467 1577/1577/1467
f 1628/1628/1468 1579/1579/1468 1578/1578/1468
f 1629/1629/1469 1580/1580/1469 1579/1579/1469
f 1630/1630/1470 1581/1581/1470 1580/1580/1470
f 1631/1631/1471 1582/1582/1471 1581/1581/1471
f 1632/1632/1472 1583/1583/1472 1582/1582/1472
f 1633/1633/1473 1584/1584/1473 1583/1583/1473
f 1634/1634/1474 1585/1585/1474 1584/1584/1474
f 1635/1635/1475 1586/1586/1475 1585/1585/1475
f 1636/1636/1476 1587/1587/1476 1586/1586/1476
f 1637/1637/1477 1588/1588/1477 1587/1587/1477
f 1638/1638/1478 1589/1589/1478 1588/1588/1478
f 1639/1639/1479 1590/1590/1479 1589/1589/1479
f 1640/1640/1480 1591/1591/1480 1590/1590/1480
f 1641/1641/1481 1592/1592/1481 1591/1591/1481
f 1642/1642/1482 1593/1593/1482 1592/1592/1482
f 1643/1643/1483 1594/1594/1483 1593/1593/1483
f 1644/1644/1484 1595/1595/1484 1594/1594/1484
f 1595/1595/1485 1646/1646/1485 1596/1596/1485
f 1596/1596/1486 1647/1647/1486 1597/1597/1486
f 1597/1597/1487 1648/1648/1487 1598/1598/1487
f 1598/1598/1488 1649/1649/1488 1599/1599/1488
f 1599/1599/1489 1650/1650/1489 1600/1600/1489
f 1600/1600/1490 1651/1651/1490 1601/1601/1490
f 1651/1651/1491 1602/1602/1491 1601/1601/1491
f 1652/1652/1492 1603/1603/1492 1602/1602/1492
f 1653/1653/1493 1604/1604/1493 1603/1603/1493
f 1654/1654/1494 1605/1605/1494 1604/1604/1494
f 1655/1655/1495 1606/1606/1495 1605/1605/1495
f 77/77/1496 1607/1607/1496 78/78/1496
f 1657/1657/1497 1608/1608/1497 1607/1607/1497
f 1658/1658/1498 1609/1609/1498 1608/1608/1498
f 1659/1659/1499 1610/1610/1499 1609/1609/1499
f 1660/1660/1500 1611/1611/1500 1610/1610/1500
f 1661/1661/1501 1612/1612/1501 1611/1611/1501
f 1662/1662/1502 1613/1613/1502 1612/1612/1502
f 1613/1613/1503 1664/1664/1503 1614/1614/1503
f 1614/1614/1504 1665/1665/1504 1615/1615/1504
f 1665/1665/1505 1616/1616/1505 1615/1615/1505
f 1666/1666/1506 1617/1617/1506 1616/1616/1506
f 1667/1667/1507 1618/1618/1507 1617/1617/1507
f 1668/1668/1508 1619/1619/1508 1618/1618/1508
f 1669/1669/1509 1620/1620/1509 1619/1619/1509
f 1620/1620/1510 1671/1671/1510 1621/1621/1510
f 1621/1621/1511 1672/1672/1511 1622/1622/1511
f 1622/1622/1512 1673/1673/1512 1623/1623/1512
f 1623/1623/1513 1674/1674/1513 1624/1624/1513
f 1674/1674/1514 1625/1625/1514 1624/1624/1514
f 1675/1675/1515 1626/1626/1515 1625/1625/1515
f 1676/1676/1516 1627/1627/1516 1626/1626/1516
f 1677/1677/1517 1628/1628/1517 1627/1627/1517
f 1678/1678/1518 1629/1629/1518 1628/1628/1518
f 1679/1679/1519 1630/1630/1519 1629/1629/1519
f 1680/1680/1520 1631/1631/1520 1630/1630/1520
f 1681/1681/1521 1632/1632/1521 1631/1631/1521
f 1682/1682/1522 1633/1633/1522 1632/1632/1522
f 1683/1683/1523 1634/1634/1523 1633/1633/1523
f 1684/1684/1524 1635/1635/1524 1634/1634/1524
f 1685/1685/1525 1636/1636/1525 1635/1635/1525
f 1686/1686/1526 1637/1637/1526 1636/1636/1526
f 1687/1687/1527 1638/1638/1527 1637/1637/1527
f 1688/1688/1528 1639/1639/1528 1638/1638/1528
f 1689/1689/1529 1640/1640/1529 1639/1639/1529
f 1690/1690/1530 1641/1641/1530 1640/1640/1530
f 1691/1691/1531 1642/1642/1531 1641/1641/1531
f 1692/1692/1532 1643/1643/1532 1642/1642/1532
f 1693/1693/1533 1644/1644/1533 1643/1643/1533
f 1644/1644/1534 1695/1695/1534 1645/1645/1534
f 1645/1645/1535 1696/1696/1535 1646/1646/1535
f 1646/1646/1536 1697/1697/1536 1647/1647/1536
f 1647/1647/1537 1698/1698/1537 1648/1648/1537
f 1648/1648/1538 1699/1699/1538 1649/1649/1538
f 1649/1649/1539 1700/1700/1539 1650/1650/1539
f 1650/1650/1540 1701/1701/1540 1651/1651/1540
f 1651/1651/1541 1702/1702/1541 1652/1652/1541
f 1702/1702/1542 1653/1653/1542 1652/1652/1542
f 1703/1703/1543 1654/1654/1543 1653/1653/1543
f 1654/1654/1544 1705/1705/1544 1655/1655/1544
f 1655/1655/1545 1706/1706/1545 1656/1656/1545
f 76/76/1546 1657/1657/1546 77/77/1546
f 1707/1707/1547 1658/1658/1547 1657/1657/1547
f 1708/1708/1548 1659/1659/1548 1658/1658/1548
f 1659/1659/1549 1710/1710/1549 1660/1660/1549
f 1660/1660/1550 1711/1711/1550 1661/1661/1550
f 1661/1661/1551 1712/1712/1551 1662/1662/1551
f 1662/1662/1552 1713/1713/1552 1663/1663/1552
f 1713/1713/1553 1664/1664/1553 1663/1663/1553
f 1714/1714/1554 1665/1665/1554 1664/1664/1554
f 1715/1715/1555 1666/1666/1555 1665/1665/1555
f 1716/1716/1556 1667/1667/1556 1666/1666/1556
f 1717/1717/1557 1668/1668/1557 1667/1667/1557
f 1718/1718/1558 1669/1669/1558 1668/1668/1558
f 1719/1719/1559 1670/1670/1559 1669/1669/1559
f 1720/1720/1560 1671/1671/1560 1670/1670/1560
f 1721/1721/1561 1672/1672/1561 1671/1671/1561
f 1722/1722/1562 1673/1673/1562 1672/1672/1562
f 1723/1723/1563 1674/1674/1563 1673/1673/1563
f 1724/1724/1564 1675/1675/1564 1674/1674/1564
f 1675/1675/1565 1726/1726/1565 1676/1676/1565
f 1676/1676/1566 1727/1727/1566 1677/1677/1566
f 1677/1677/1567 1728/1728/1567 1678/1678/1567
f 1678/1678/1568 1729/1729/1568 1679/1679/1568
f 1729/1729/1569 1680/1680/1569 1679/1679/1569
f 1730/1730/1570 1681/1681/1570 1680/1680/1570
f 1731/1731/1571 1682/1682/1571 1681/1681/1571
f 1732/1732/1572 1683/1683/1572 1682/1682/1572
f 1733/1733/1573 1684/1684/1573 1683/1683/1573
f 1734/1734/1574 1685/1685/1574 1684/1684/1574
f 1735/1735/1575 1686/1686/1575 1685/1685/1575
f 1736/1736/1576 1687/1687/1576 1686/1686/1576
f 1737/1737/1577 1688/1688/1577 1687/1687/1577
f 1738/1738/1578 1689/1689/1578 1688/1688/1578
f 1739/1739/1579 1690/1690/1579 1689/1689/1579
f 1740/1740/1580 1691/1691/1580 1690/1690/1580
f 1741/1741/1581 1692/1692/1581 1691/1691/1581
f 1742/1742/1582 1693/1693/1582 1692/1692/1582
f 1743/1743/1583 1694/1694/1583 1693/1693/1583
f 1694/1694/1584 1745/1745/1584 1695/1695/1584
f 1695/1695/1585 1746/1746/1585 1696/1696/1585
f 1696/1696/1586 1747/1747/1586 1697/1697/1586
f 1697/1697/1587 1748/1748/1587 1698/1698/1587
f 1698/1698/1588 1749/1749/1588 1699/1699/1588
f 1699/1699/1589 1750/1750/1589 1700/1700/1589
f 1700/1700/1590 1751/1751/1590 1701/1701/1590
f 1701/1701/1591 1752/1752/1591 1702/1702/1591
f 1702/1702/1592 1753/1753/1592 1703/1703/1592
f 1703/1703/1593 1754/1754/1593 1704/1704/1593
f 1704/1704/1594 1755/1755/1594 1705/1705/1594
f 1705/1705/1595 1756/1756/1595 1706/1706/1595
f 75/75/1596 1707/1707/1596 76/76/1596
f 1757/1757/1597 1708/1708/1597 1707/1707/1597
f 1758/1758/1598 1709/1709/1598 1708/1708/1598
f 1709/1709/1599 1760/1760/1599 1710/1710/1599
f 1710/1710/1600 1761/1761/1600 1711/1711/1600
f 1711/1711/1601 1762/1762/1601 1712/1712/1601
f 1712/1712/1602 1763/1763/1602 1713/1713/1602
f 1763/1763/1603 1714/1714/1603 1713/1713/1603
f 1764/1764/1604 1715/1715/1604 1714/1714/1604
f 1765/1765/1605 1716/1716/1605 1715/1715/1605
f 1766/1766/1606 1717/1717/1606 1716/1716/1606
f 1767/1767/1607 1718/1718/1607 1717/1717/1607
f 1768/1768/1608 1719/1719/1608 1718/1718/1608
f 1769/1769/1609 1720/1720/1609 1719/1719/1609
f 1720/1720/1610 1771/1771/1610 1721/1721/1610
f 1721/1721/1611 1772/1772/1611 1722/1722/1611
f 1772/1772/1612 1723/1723/1612 1722/1722/1612
f 1773/1773/1613 1724/1724/1613 1723/1723/1613
f 1774/1774/1614 1725/1725/1614 1724/1724/1614
f 1775/1775/1615 1726/1726/1615 1725/1725/1615
f 1776/1776/1616 1727/1727/1616 1726/1726/1616
f 1777/1777/1617 1728/1728/1617 1727/1727/1617
f 1778/1778/1618 1729/1729/1618 1728/1728/1618
f 1729/1729/1619 1780/1780/1619 1730/1730/1619
f 1730/1730/1620 1781/1781/1620 1731/1731/1620
f 1731/1731/1621 1782/1782/1621 1732/1732/1621
f 1782/1782/1622 1733/1733/1622 1732/1732/1622
f 1783/1783/1623 1734/1734/1623 1733/1733/1623
f 1784/1784/1624 1735/1735/1624 1734/1734/1624
f 1785/1785/1625 1736/1736/1625 1735/1735/1625
f 1786/1786/1626 1737/1737/1626 1736/1736/1626
f 1787/1787/1627 1738/1738/1627 1737/1737/1627
f 1788/1788/1628 1739/1739/1628 1738/1738/1628
f 1789/1789/1629 1740/1740/1629 1739/1739/1629
f 1790/1790/1630 1741/1741/1630 1740/1740/1630
f 1791/1791/1631 1742/1742/1631 1741/1741/1631
f 1792/1792/1632 1743/1743/1632 1742/1742/1632
f 1793/1793/1633 1744/1744/1633 1743/1743/1633
f 1744/1744/1634 1795/1795/1634 1745/1745/1634
f 1745/1745/1635 1796/1796/1635 1746/1746/1635
f 1746/1746/1636 1797/1797/1636 1747/1747/1636
f 1747/1747/1637 1798/1798/1637 1748/1748/1637
f 1748/1748/1638 1799/1799/1638 1749/1749/1638
f 1749/1749/1639 1800/1800/1639 1750/1750/1639
f 1750/1750/1640 1801/1801/1640 1751/1751/1640
f 1751/1751/1641 1802/1802/1641 1752/1752/1641
f 1752/1752/1642 1803/1803/1642 1753/1753/1642
f 1753/1753/1643 1804/1804/1643 1754/1754/1643
f 1754/1754/1644 1805/1805/1644 1755/1755/1644
f 1755/1755/1645 1806/1806/1645 1756/1756/1645
f 74/74/1646 1757/1757/1646 75/75/1646
f 1807/1807/1647 1758/1758/1647 1757/1757/1647
f 1758/1758/1648 1809/1809/1648 1759/1759/1648
f 1759/1759/1649 1810/1810/1649 1760/1760/1649
f 1760/1760/1650 1811/1811/1650 1761/1761/1650
f 1761/1761/1651 1812/1812/1651 1762/1762/1651
f 1762/1762/1652 1813/1813/1652 1763/1763/1652
f 1763/1763/1653 1814/1814/1653 1764/1764/1653
f 1814/1814/1654 1765/1765/1654 1764/1764/1654
f 1815/1815/1655 1766/1766/1655 1765/1765/1655
f 1816/1816/1656 1767/1767/1656 1766/1766/1656
f 1817/1817/1657 1768/1768/1657 1767/1767/1657
f 1818/1818/1658 1769/1769/1658 1768/1768/1658
f 1819/1819/1659 1770/1770/1659 1769/1769/1659
f 1770/1770/1660 1821/1821/1660 1771/1771/1660
f 1771/1771/1661 1822/1822/1661 1772/1772/1661
f 1822/1822/1662 1773/1773/1662 1772/1772/1662
f 1823/1823/1663 1774/1774/1663 1773/1773/1663
f 1824/1824/1664 1775/1775/1664 1774/1774/1664
f 1825/1825/1665 1776/1776/1665 1775/1775/1665
f 1826/1826/1666 1777/1777/1666 1776/1776/1666
f 1827/1827/1667 1778/1778/1667 1777/1777/1667
f 1828/1828/1668 1779/1779/1668 1778/1778/1668
f 1779/1779/1669 1830/1830/1669 1780/1780/1669
f 1780/1780/1670 1831/1831/1670 1781/1781/1670
f 1781/1781/1671 1832/1832/1671 1782/1782/1671
f 1782/1782/1672 1833/1833/1672 1783/1783/1672
f 1783/1783/1673 1834/1834/1673 1784/1784/1673
f 1834/1834/1674 1785/1785/1674 1784/1784/1674
f 1835/1835/1675 1786/1786/1675 1785/1785/1675
f 1836/1836/1676 1787/1787/1676 1786/1786/1676
f 1837/1837/1677 1788/1788/1677 1787/1787/1677
f 1838/1838/1678 1789/1789/1678 1788/1788/1678
f 1839/1839/1679 1790/1790/1679 1789/1789/1679
f 1840/1840/1680 1791/1791/1680 1790/1790/1680
f 1841/1841/1681 1792/1792/1681 1791/1791/1681
f 1842/1842/1682 1793/1793/1682 1792/1792/1682
f 1793/1793/1683 1844/1844/1683 1794/1794/1683
f 1794/1794/1684 1845/1845/1684 1795/1795/1684
f 1795/1795/1685 1846/1846/1685 1796/1796/1685
f 1796/1796/1686 1847/1847/1686 1797/1797/1686
f 1797/1797/1687 1848/1848/1687 1798/1798/1687
f 1798/1798/1688 1849/1849/1688 1799/1799/1688
f 1799/1799/1689 1850/1850/1689 1800/1800/1689
f 1800/1800/1690 1851/1851/1690 1801/1801/1690
f 1851/1851/1691 1802/1802/1691 1801/1801/1691
f 1852/1852/1692 1803/1803/1692 1802/1802/1692
f 1853/1853/1693 1804/1804/1693 1803/1803/1693
f 1854/1854/1694 1805/1805/1694 1804/1804/1694
f 1855/1855/1695 1806/1806/1695 1805/1805/1695
f 74/74/1696 1857/1857/1696 1807/1807/1696
f 1807/1807/1697 1858/1858/1697 1808/1808/1697
f 1808/1808/1698 1859/1859/1698 1809/1809/1698
f 1859/1859/1699 1810/1810/1699 1809/1809/1699
f 1810/1810/1700 1861/1861/1700 1811/1811/1700
f 1811/1811/1701 1862/1862/1701 1812/1812/1701
f 1812/1812/1702 1863/1863/1702 1813/1813/1702
f 1813/1813/1703 1864/1864/1703 1814/1814/1703
f 1864/1864/1704 1815/1815/1704 1814/1814/1704
f 1865/1865/1705 1816/1816/1705 1815/1815/1705
f 1866/1866/1706 1817/1817/1706 1816/1816/1706
f 1867/1867/1707 1818/1818/1707 1817/1817/1707
f 1818/1818/1708 1869/1869/1708 1819/1819/1708
f 1819/1819/1709 1870/1870/1709 1820/1820/1709
f 1870/1870/1710 1821/1821/1710 1820/1820/1710
f 1871/1871/1711 1822/1822/1711 1821/1821/1711
f 1872/1872/1712 1823/1823/1712 1822/1822/1712
f 1873/1873/1713 1824/1824/1713 1823/1823/1713
f 1874/1874/1714 1825/1825/1714 1824/1824/1714
f 1875/1875/1715 1826/1826/1715 1825/1825/1715
f 1826/1826/1716 1877/1877/1716 1827/1827/1716
f 1877/1877/1717 1828/1828/1717 1827/1827/1717
f 1878/1878/1718 1829/1829/1718 1828/1828/1718
f 1829/1829/1719 1880/1880/1719 1830/1830/1719
f 1830/1830/1720 1881/1881/1720 1831/1831/1720
f 1831/1831/1721 1882/1882/1721 1832/1832/1721
f 1832/1832/1722 1883/1883/1722 1833/1833/1722
f 1833/1833/1723 1884/1884/1723 1834/1834/1723
f 1834/1834/1724 1885/1885/1724 1835/1835/1724
f 1835/1835/1725 1886/1886/1725 1836/1836/1725
f 1886/1886/1726 1837/1837/1726 1836/1836/1726
f 1887/1887/1727 1838/1838/1727 1837/1837/1727
f 1888/1888/1728 1839/1839/1728 1838/1838/1728
f 1889/1889/1729 1840/1840/1729 1839/1839/1729
f 1890/1890/1730 1841/1841/1730 1840/1840/1730
f 1891/1891/1731 1842/1842/1731 1841/1841/1731
f 1842/1842/1732 1893/1893/1732 1843/1843/1732
f 1893/1893/1733 1844/1844/1733 1843/1843/1733
f 1894/1894/1734 1845/1845/1734 1844/1844/1734
f 1895/1895/1735 1846/1846/1735 1845/1845/1735
f 1896/1896/1736 1847/1847/1736 1846/1846/1736
f 1897/1897/1737 1848/1848/1737 1847/1847/1737
f 1898/1898/1738 1849/1849/1738 1848/1848/1738
f 1849/1849/1739 1900/1900/1739 1850/1850/1739
f 1900/1900/1740 1851/1851/1740 1850/1850/1740
f 1901/1901/1741 1852/1852/1741 1851/1851/1741
f 1902/1902/1742 1853/1853/1742 1852/1852/1742
f 1903/1903/1743 1854/1854/1743 1853/1853/1743
f 1904/1904/1744 1855/1855/1744 1854/1854/1744
f 1905/1905/1745 1856/1856/1745 1855/1855/1745
f 73/73/1746 1907/1907/1746 1857/1857/1746
f 1857/1857/1747 1908/1908/1747 1858/1858/1747
f 1858/1858/1748 1909/1909/1748 1859/1859/1748
f 1859/1859/1749 1910/1910/1749 1860/1860/1749
f 1910/1910/1750 1861/1861/1750 1860/1860/1750
f 1911/1911/1751 1862/1862/1751 1861/1861/1751
f 1912/1912/1752 1863/1863/1752 1862/1862/1752
f 1913/1913/1753 1864/1864/1753 1863/1863/1753
f 1914/1914/1754 1865/1865/1754 1864/1864/1754
f 1915/1915/1755 1866/1866/1755 1865/1865/1755
f 1916/1916/1756 1867/1867/1756 1866/1866/1756
f 1917/1917/1757 1868/1868/1757 1867/1867/1757
f 1868/1868/1758 1919/1919/1758 1869/1869/1758
f 1869/1869/1759 1920/1920/1759 1870/1870/1759
f 1920/1920/1760 1871/1871/1760 1870/1870/1760
f 1921/1921/1761 1872/1872/1761 1871/1871/1761
f 1922/1922/1762 1873/1873/1762 1872/1872/1762
f 1923/1923/1763 1874/1874/1763 1873/1873/1763
f 1924/1924/1764 1875/1875/1764 1874/1874/1764
f 1875/1875/1765 1926/1926/1765 1876/1876/1765
f 1876/1876/1766 1927/1927/1766 1877/1877/1766
f 1877/1877/1767 1928/1928/1767 1878/1878/1767
f 1878/1878/1768 1929/1929/1768 1879/1879/1768
f 1879/1879/1769 1930/1930/1769 1880/1880/1769
f 1880/1880/1770 1931/1931/1770 1881/1881/1770
f 1881/1881/1771 1932/1932/1771 1882/1882/1771
f 1882/1882/1772 1933/1933/1772 1883/1883/1772
f 1883/1883/1773 1934/1934/1773 1884/1884/1773
f 1884/1884/1774 1935/1935/1774 1885/1885/1774
f 1885/1885/1775 1936/1936/1775 1886/1886/1775
f 1886/1886/1776 1937/1937/1776 1887/1887/1776
f 1887/1887/1777 1938/1938/1777 1888/1888/1777
f 1888/1888/1778 1939/1939/1778 1889/1889/1778
f 1889/1889/1779 1940/1940/1779 1890/1890/1779
f 1940/1940/1780 1891/1891/1780 1890/1890/1780
f 1891/1891/1781 1942/1942/1781 1892/1892/1781
f 1892/1892/1782 1943/1943/1782 1893/1893/1782
f 1943/1943/1783 1894/1894/1783 1893/1893/1783
f 1944/1944/1784 1895/1895/1784 1894/1894/1784
f 1945/1945/1785 1896/1896/1785 1895/1895/1785
f 1946/1946/1786 1897/1897/1786 1896/1896/1786
f 1947/1947/1787 1898/1898/1787 1897/1897/1787
f 1948/1948/1788 1899/1899/1788 1898/1898/1788
f 1949/1949/1789 1900/1900/1789 1899/1899/1789
f 1900/1900/1790 1951/1951/1790 1901/1901/1790
f 1901/1901/1791 1952/1952/1791 1902/1902/1791
f 1902/1902/1792 1953/1953/1792 1903/1903/1792
f 1903/1903/1793 1954/1954/1793 1904/1904/1793
f 1904/1904/1794 1955/1955/1794 1905/1905/1794
f 1905/1905/1795 1956/1956/1795 1906/1906/1795
f 72/72/1796 1957/1957/1796 1907/1907/1796
f 1907/1907/1797 1958/1958/1797 1908/1908/1797
f 1908/1908/1798 1959/1959/1798 1909/1909/1798
f 1959/1959/1799 1910/1910/1799 1909/1909/1799
f 1960/1960/1800 1911/1911/1800 1910/1910/1800
f 1961/1961/1801 1912/1912/1801 1911/1911/1801
f 1912/1912/1802 1963/1963/1802 1913/1913/1802
f 1913/1913/1803 1964/1964/1803 1914/1914/1803
f 1964/1964/1804 1915/1915/1804 1914/1914/1804
f 1965/1965/1805 1916/1916/1805 1915/1915/1805
f 1966/1966/1806 1917/1917/1806 1916/1916/1806
f 1967/1967/1807 1918/1918/1807 1917/1917/1807
f 1918/1918/1808 1969/1969/1808 1919/1919/1808
f 1919/1919/1809 1970/1970/1809 1920/1920/1809
f 1970/1970/1810 1921/1921/1810 1920/1920/1810
f 1971/1971/1811 1922/1922/1811 1921/1921/1811
f 1972/1972/1812 1923/1923/1812 1922/1922/1812
f 1973/1973/1813 1924/1924/1813 1923/1923/1813
f 1974/1974/1814 1925/1925/1814 1924/1924/1814
f 1925/1925/1815 1976/1976/1815 1926/1926/1815
f 1926/1926/1816 1977/1977/1816 1927/1927/1816
f 1927/1927/1817 1978/1978/1817 1928/1928/1817
f 1928/1928/1818 1979/1979/1818 1929/1929/1818
f 1929/1929/1819 1980/1980/1819 1930/1930/1819
f 1930/1930/1820 1981/1981/1820 1931/1931/1820
f 1931/1931/1821 1982/1982/1821 1932/1932/1821
f 1932/1932/1822 1983/1983/1822 1933/1933/1822
f 1933/1933/1823 1984/1984/1823 1934/1934/1823
f 1934/1934/1824 1985/1985/1824 1935/1935/1824
f 1935/1935/1825 1986/1986/1825 1936/1936/1825
f 1936/1936/1826 1987/1987/1826 1937/1937/1826
f 1937/1937/1827 1988/1988/1827 1938/1938/1827
f 1938/1938/1828 1989/1989/1828 1939/1939/1828
f 1989/1989/1829 1940/1940/1829 1939/1939/1829
f 1990/1990/1830 1941/1941/1830 1940/1940/1830
f 1941/1941/1831 1992/1992/1831 1942/1942/1831
f 1992/1992/1832 1943/1943/1832 1942/1942/1832
f 1993/1993/1833 1944/1944/1833 1943/1943/1833
f 1994/1994/1834 1945/1945/1834 1944/1944/1834
f 1995/1995/1835 1946/1946/1835 1945/1945/1835
f 1996/1996/1836 1947/1947/1836 1946/1946/1836
f 1997/1997/1837 1948/1948/1837 1947/1947/1837
f 1998/1998/1838 1949/1949/1838 1948/1948/1838
f 1949/1949/1839 2000/2000/1839 1950/1950/1839
f 1950/1950/1840 2001/2001/1840 1951/1951/1840
f 1951/1951/1841 2002/2002/1841 1952/1952/1841
f 1952/1952/1842 2003/2003/1842 1953/1953/1842
f 1953/1953/1843 2004/2004/1843 1954/1954/1843
f 1954/1954/1844 2005/2005/1844 1955/1955/1844
f 1955/1955/1845 2006/2006/1845 1956/1956/1845
f 71/71/1846 2007/2007/1846 1957/1957/1846
f 1957/1957/1847 2008/2008/1847 1958/1958/1847
f 1958/1958/1848 2009/2009/1848 1959/1959/1848
f 1959/1959/1849 2010/2010/1849 1960/1960/1849
f 2010/2010/1850 1961/1961/1850 1960/1960/1850
f 2011/2011/1851 1962/1962/1851 1961/1961/1851
f 1962/1962/1852 2013/2013/1852 1963/1963/1852
f 1963/1963/1853 2014/2014/1853 1964/1964/1853
f 1964/1964/1854 2015/2015/1854 1965/1965/1854
f 1965/1965/1855 2016/2016/1855 1966/1966/1855
f 1966/1966/1856 2017/2017/1856 1967/1967/1856
f 1967/1967/1857 2018/2018/1857 1968/1968/1857
f 1968/1968/1858 2019/2019/1858 1969/1969/1858
f 2019/2019/1859 1970/1970/1859 1969/1969/1859
f 2020/2020/1860 1971/1971/1860 1970/1970/1860
f 2021/2021/1861 1972/1972/1861 1971/1971/1861
f 2022/2022/1862 1973/1973/1862 1972/1972/1862
f 1973/1973/1863 2024/2024/1863 1974/1974/1863
f 1974/1974/1864 2025/2025/1864 1975/1975/1864
f 2025/2025/1865 1976/1976/1865 1975/1975/1865
f 2026/2026/1866 1977/1977/1866 1976/1976/1866
f 2027/2027/1867 1978/1978/1867 1977/1977/1867
f 2028/2028/1868 1979/1979/1868 1978/1978/1868
f 1979/1979/1869 2030/2030/1869 1980/1980/1869
f 1980/1980/1870 2031/2031/1870 1981/1981/1870
f 1981/1981/1871 2032/2032/1871 1982/1982/1871
f 1982/1982/1872 2033/2033/1872 1983/1983/1872
f 1983/1983/1873 2034/2034/1873 1984/1984/1873
f 1984/1984/1874 2035/2035/1874 1985/1985/1874
f 1985/1985/1875 2036/2036/1875 1986/1986/1875
f 1986/1986/1876 2037/2037/1876 1987/1987/1876
f 1987/1987/1877 2038/2038/1877 1988/1988/1877
f 1988/1988/1878 2039/2039/1878 1989/1989/1878
f 1989/1989/1879 2040/2040/1879 1990/1990/1879
f 2040/2040/1880 1991/1991/1880 1990/1990/1880
f 1991/1991/1881 2042/2042/1881 1992/1992/1881
f 2042/2042/1882 1993/1993/1882 1992/1992/1882
f 2043/2043/1883 1994/1994/1883 1993/1993/1883
f 2044/2044/1884 1995/1995/1884 1994/1994/1884
f 2045/2045/1885 1996/1996/1885 1995/1995/1885
f 2046/2046/1886 1997/1997/1886 1996/1996/1886
f 2047/2047/1887 1998/1998/1887 1997/1997/1887
f 2048/2048/1888 1999/1999/1888 1998/1998/1888
f 1999/1999/1889 2050/2050/1889 2000/2000/1889
f 2000/2000/1890 2051/2051/1890 2001/2001/1890
f 2001/2001/1891 2052/2052/1891 2002/2002/1891
f 2002/2002/1892 2053/2053/1892 2003/2003/1892
f 2003/2003/1893 2054/2054/1893 2004/2004/1893
f 2004/2004/1894 2055/2055/1894 2005/2005/1894
f 2005/2005/1895 2056/2056/1895 2006/2006/1895
f 70/70/1896 2057/2057/1896 2007/2007/1896
f 2007/2007/1897 2058/2058/1897 2008/2008/1897
f 2008/2008/1898 2059/2059/1898 2009/2009/1898
f 2009/2009/1899 2060/2060/1899 2010/2010/1899
f 2060/2060/1900 2011/2011/1900 2010/2010/1900
f 2061/2061/1901 2012/2012/1901 2011/2011/1901
f 2012/2012/1902 2063/2063/1902 2013/2013/1902
f 2013/2013/1903 2064/2064/1903 2014/2014/1903
f 2014/2014/1904 2065/2065/1904 2015/2015/1904
f 2015/2015/1905 2066/2066/1905 2016/2016/1905
f 2066/2066/1906 2017/2017/1906 2016/2016/1906
f 2067/2067/1907 2018/2018/1907 2017/2017/1907
f 2018/2018/1908 2069/2069/1908 2019/2019/1908
f 2019/2019/1909 2070/2070/1909 2020/2020/1909
f 2070/2070/1910 2021/2021/1910 2020/2020/1910
f 2071/2071/1911 2022/2022/1911 2021/2021/1911
f 2022/2022/1912 2073/2073/1912 2023/2023/1912
f 2023/2023/1913 2074/2074/1913 2024/2024/1913
f 2024/2024/1914 2075/2075/1914 2025/2025/1914
f 2025/2025/1915 2076/2076/1915 2026/2026/1915
f 2076/2076/1916 2027/2027/1916 2026/2026/1916
f 2077/2077/1917 2028/2028/1917 2027/2027/1917
f 2078/2078/1918 2029/2029/1918 2028/2028/1918
f 2079/2079/1919 2030/2030/1919 2029/2029/1919
f 2030/2030/1920 2081/2081/1920 2031/2031/1920
f 2031/2031/1921 2082/2082/1921 2032/2032/1921
f 2032/2032/1922 2083/2083/1922 2033/2033/1922
f 2033/2033/1923 2084/2084/1923 2034/2034/1923
f 2034/2034/1924 2085/2085/1924 2035/2035/1924
f 2035/2035/1925 2086/2086/1925 2036/2036/1925
f 2036/2036/1926 2087/2087/1926 2037/2037/1926
f 2037/2037/1927 2088/2088/1927 2038/2038/1927
f 2038/2038/1928 2089/2089/1928 2039/2039/1928
f 2039/2039/1929 2090/2090/1929 2040/2040/1929
f 2040/2040/1930 2091/2091/1930 2041/2041/1930
f 2041/2041/1931 2092/2092/1931 2042/2042/1931
f 2092/2092/1932 2043/2043/1932 2042/2042/1932
f 2093/2093/1933 2044/2044/1933 2043/2043/1933
f 2094/2094/1934 2045/2045/1934 2044/2044/1934
f 2095/2095/1935 2046/2046/1935 2045/2045/1935
f 2096/2096/1936 2047/2047/1936 2046/2046/1936
f 2047/2047/1937 2098/2098/1937 2048/2048/1937
f 2048/2048/1938 2099/2099/1938 2049/2049/1938
f 2099/2099/1939 2050/2050/1939 2049/2049/1939
f 2050/2050/1940 2101/2101/1940 2051/2051/1940
f 2051/2051/1941 2102/2102/1941 2052/2052/1941
f 2052/2052/1942 2103/2103/1942 2053/2053/1942
f 2053/2053/1943 2104/2104/1943 2054/2054/1943
f 2054/2054/1944 2105/2105/1944 2055/2055/1944
f 2055/2055/1945 2106/2106/1945 2056/2056/1945
f 69/69/1946 2107/2107/1946 2057/2057/1946
f 2057/2057/1947 2108/2108/1947 2058/2058/1947
f 2058/2058/1948 2109/2109/1948 2059/2059/1948
f 2059/2059/1949 2110/2110/1949 2060/2060/1949
f 2060/2060/1950 2111/2111/1950 2061/2061/1950
f 2111/2111/1951 2062/2062/1951 2061/2061/1951
f 2062/2062/1952 2113/2113/1952 2063/2063/1952
f 2063/2063/1953 2114/2114/1953 2064/2064/1953
f 2064/2064/1954 2115/2115/1954 2065/2065/1954
f 2065/2065/1955 2116/2116/1955 2066/2066/1955
f 2116/2116/1956 2067/2067/1956 2066/2066/1956
f 2117/2117/1957 2068/2068/1957 2067/2067/1957
f 2068/2068/1958 2119/2119/1958 2069/2069/1958
f 2069/2069/1959 2120/2120/1959 2070/2070/1959
f 2070/2070/1960 2121/2121/1960 2071/2071/1960
f 2071/2071/1961 2122/2122/1961 2072/2072/1961
f 2072/2072/1962 2123/2123/1962 2073/2073/1962
f 2073/2073/1963 2124/2124/1963 2074/2074/1963
f 2074/2074/1964 2125/2125/1964 2075/2075/1964
f 2075/2075/1965 2126/2126/1965 2076/2076/1965
f 2126/2126/1966 2077/2077/1966 2076/2076/1966
f 2127/2127/1967 2078/2078/1967 2077/2077/1967
f 2078/2078/1968 2129/2129/1968 2079/2079/1968
f 2079/2079/1969 2130/2130/1969 2080/2080/1969
f 2080/2080/1970 2131/2131/1970 2081/2081/1970
f 2081/2081/1971 2132/2132/1971 2082/2082/1971
f 2082/2082/1972 2133/2133/1972 2083/2083/1972
f 2083/2083/1973 2134/2134/1973 2084/2084/1973
f 2084/2084/1974 2135/2135/1974 2085/2085/1974
f 2085/2085/1975 2136/2136/1975 2086/2086/1975
f 2086/2086/1976 2137/2137/1976 2087/2087/1976
f 2087/2087/1977 2138/2138/1977 2088/2088/1977
f 2088/2088/1978 2139/2139/1978 2089/2089/1978
f 2089/2089/1979 2140/2140/1979 2090/2090/1979
f 2090/2090/1980 2141/2141/1980 2091/2091/1980
f 2141/2141/1981 2092/2092/1981 2091/2091/1981
f 2142/2142/1982 2093/2093/1982 2092/2092/1982
f 2143/2143/1983 2094/2094/1983 2093/2093/1983
f 2144/2144/1984 2095/2095/1984 2094/2094/1984
f 2095/2095/1985 2146/2146/1985 2096/2096/1985
f 2096/2096/1986 2147/2147/1986 2097/2097/1986
f 2147/2147/1987 2098/2098/1987 2097/2097/1987
f 2148/2148/1988 2099/2099/1988 2098/2098/1988
f 2149/2149/1989 2100/2100/1989 2099/2099/1989
f 2100/2100/1990 2151/2151/1990 2101/2101/1990
f 2101/2101/1991 2152/2152/1991 2102/2102/1991
f 2102/2102/1992 2153/2153/1992 2103/2103/1992
f 2103/2103/1993 2154/2154/1993 2104/2104/1993
f 2154/2154/1994 2105/2105/1994 2104/2104/1994
f 2155/2155/1995 2106/2106/1995 2105/2105/1995
f 67/67/1996 2107/2107/1996 68/68/1996
f 2107/2107/1997 2158/2158/1997 2108/2108/1997
f 2108/2108/1998 2159/2159/1998 2109/2109/1998
f 2109/2109/1999 2160/2160/1999 2110/2110/1999
f 2110/2110/2000 2161/2161/2000 2111/2111/2000
f 2111/2111/2001 2162/2162/2001 2112/2112/2001
f 2162/2162/2002 2113/2113/2002 2112/2112/2002
f 2113/2113/2003 2164/2164/2003 2114/2114/2003
f 2114/2114/2004 2165/2165/2004 2115/2115/2004
f 2165/2165/2005 2116/2116/2005 2115/2115/2005
f 2166/2166/2006 2117/2117/2006 2116/2116/2006
f 2167/2167/2007 2118/2118/2007 2117/2117/2007
f 2118/2118/2008 2169/2169/2008 2119/2119/2008
f 2119/2119/2009 2170/2170/2009 2120/2120/2009
f 2120/2120/2010 2171/2171/2010 2121/2121/2010
f 2171/2171/2011 2122/2122/2011 2121/2121/2011
f 2122/2122/2012 2173/2173/2012 2123/2123/2012
f 2123/2123/2013 2174/2174/2013 2124/2124/2013
f 2124/2124/2014 2175/2175/2014 2125/2125/2014
f 2125/2125/2015 2176/2176/2015 2126/2126/2015
f 2126/2126/2016 2177/2177/2016 2127/2127/2016
f 2177/2177/2017 2128/2128/2017 2127/2127/2017
f 2128/2128/2018 2179/2179/2018 2129/2129/2018
f 2129/2129/2019 2180/2180/2019 2130/2130/2019
f 2130/2130/2020 2181/2181/2020 2131/2131/2020
f 2131/2131/2021 2182/2182/2021 2132/2132/2021
f 2132/2132/2022 2183/2183/2022 2133/2133/2022
f 2133/2133/2023 2184/2184/2023 2134/2134/2023
f 2134/2134/2024 2185/2185/2024 2135/2135/2024
f 2135/2135/2025 2186/2186/2025 2136/2136/2025
f 2136/2136/2026 2187/2187/2026 2137/2137/2026
f 2137/2137/2027 2188/2188/2027 2138/2138/2027
f 2138/2138/2028 2189/2189/2028 2139/2139/2028
f 2139/2139/2029 2190/2190/2029 2140/2140/2029
f 2140/2140/2030 2191/2191/2030 2141/2141/2030
f 2191/2191/2031 2142/2142/2031 2141/2141/2031
f 2192/2192/2032 2143/2143/2032 2142/2142/2032
f 2193/2193/2033 2144/2144/2033 2143/2143/2033
f 2144/2144/2034 2195/2195/2034 2145/2145/2034
f 2145/2145/2035 2196/2196/2035 2146/2146/2035
f 2146/2146/2036 2197/2197/2036 2147/2147/2036
f 2197/2197/2037 2148/2148/2037 2147/2147/2037
f 2198/2198/2038 2149/2149/2038 2148/2148/2038
f 2199/2199/2039 2150/2150/2039 2149/2149/2039
f 2200/2200/2040 2151/2151/2040 2150/2150/2040
f 2201/2201/2041 2152/2152/2041 2151/2151/2041
f 2202/2202/2042 2153/2153/2042 2152/2152/2042
f 2203/2203/2043 2154/2154/2043 2153/2153/2043
f 2204/2204/2044 2155/2155/2044 2154/2154/2044
f 2205/2205/2045 2156/2156/2045 2155/2155/2045
f 66/66/2046 2157/2157/2046 67/67/2046
f 2157/2157/2047 2208/2208/2047 2158/2158/2047
f 2208/2208/2048 2159/2159/2048 2158/2158/2048
f 2159/2159/2049 2210/2210/2049 2160/2160/2049
f 2160/2160/2050 2211/2211/2050 2161/2161/2050
f 2161/2161/2051 2212/2212/2051 2162/2162/2051
f 2162/2162/2052 2213/2213/2052 2163/2163/2052
f 2213/2213/2053 2164/2164/2053 2163/2163/2053
f 2214/2214/2054 2165/2165/2054 2164/2164/2054
f 2215/2215/2055 2166/2166/2055 2165/2165/2055
f 2216/2216/2056 2167/2167/2056 2166/2166/2056
f 2217/2217/2057 2168/2168/2057 2167/2167/2057
f 2168/2168/2058 2219/2219/2058 2169/2169/2058
f 2169/2169/2059 2220/2220/2059 2170/2170/2059
f 2170/2170/2060 2221/2221/2060 2171/2171/2060
f 2171/2171/2061 2222/2222/2061 2172/2172/2061
f 2222/2222/2062 2173/2173/2062 2172/2172/2062
f 2223/2223/2063 2174/2174/2063 2173/2173/2063
f 2224/2224/2064 2175/2175/2064 2174/2174/2064
f 2225/2225/2065 2176/2176/2065 2175/2175/2065
f 2226/2226/2066 2177/2177/2066 2176/2176/2066
f 2227/2227/2067 2178/2178/2067 2177/2177/2067
f 2228/2228/2068 2179/2179/2068 2178/2178/2068
f 2179/2179/2069 2230/2230/2069 2180/2180/2069
f 2180/2180/2070 2231/2231/2070 2181/2181/2070
f 2181/2181/2071 2232/2232/2071 2182/2182/2071
f 2182/2182/2072 2233/2233/2072 2183/2183/2072
f 2183/2183/2073 2234/2234/2073 2184/2184/2073
f 2184/2184/2074 2235/2235/2074 2185/2185/2074
f 2185/2185/2075 2236/2236/2075 2186/2186/2075
f 2186/2186/2076 2237/2237/2076 2187/2187/2076
f 2187/2187/2077 2238/2238/2077 2188/2188/2077
f 2188/2188/2078 2239/2239/2078 2189/2189/2078
f 2189/2189/2079 2240/2240/2079 2190/2190/2079
f 2190/2190/2080 2241/2241/2080 2191/2191/2080
f 2241/2241/2081 2192/2192/2081 2191/2191/2081
f 2242/2242/2082 2193/2193/2082 2192/2192/2082
f 2243/2243/2083 2194/2194/2083 2193/2193/2083
f 2194/2194/2084 2245/2245/2084 2195/2195/2084
f 2195/2195/2085 2246/2246/2085 2196/2196/2085
f 2196/2196/2086 2247/2247/2086 2197/2197/2086
f 2197/2197/2087 2248/2248/2087 2198/2198/2087
f 2198/2198/2088 2249/2249/2088 2199/2199/2088
f 2199/2199/2089 2250/2250/2089 2200/2200/2089
f 2250/2250/2090 2201/2201/2090 2200/2200/2090
f 2251/2251/2091 2202/2202/2091 2201/2201/2091
f 2252/2252/2092 2203/2203/2092 2202/2202/2092
f 2253/2253/2093 2204/2204/2093 2203/2203/2093
f 2254/2254/2094 2205/2205/2094 2204/2204/2094
f 2255/2255/2095 2206/2206/2095 2205/2205/2095
f 65/65/2096 2207/2207/2096 66/66/2096
f 2207/2207/2097 2258/2258/2097 2208/2208/2097
f 2258/2258/2098 2209/2209/2098 2208/2208/2098
f 2209/2209/2099 2260/2260/2099 2210/2210/2099
f 2210/2210/2100 2261/2261/2100 2211/2211/2100
f 2211/2211/2101 2262/2262/2101 2212/2212/2101
f 2212/2212/2102 2263/2263/2102 2213/2213/2102
f 2213/2213/2103 2264/2264/2103 2214/2214/2103
f 2264/2264/2104 2215/2215/2104 2214/2214/2104
f 2265/2265/2105 2216/2216/2105 2215/2215/2105
f 2266/2266/2106 2217/2217/2106 2216/2216/2106
f 2267/2267/2107 2218/2218/2107 2217/2217/2107
f 2218/2218/2108 2269/2269/2108 2219/2219/2108
f 2219/2219/2109 2270/2270/2109 2220/2220/2109
f 2220/2220/2110 2271/2271/2110 2221/2221/2110
f 2221/2221/2111 2272/2272/2111 2222/2222/2111
f 2222/2222/2112 2273/2273/2112 2223/2223/2112
f 2273/2273/2113 2224/2224/2113 2223/2223/2113
f 2274/2274/2114 2225/2225/2114 2224/2224/2114
f 2275/2275/2115 2226/2226/2115 2225/2225/2115
f 2276/2276/2116 2227/2227/2116 2226/2226/2116
f 2277/2277/2117 2228/2228/2117 2227/2227/2117
f 2228/2228/2118 2279/2279/2118 2229/2229/2118
f 2279/2279/2119 2230/2230/2119 2229/2229/2119
f 2280/2280/2120 2231/2231/2120 2230/2230/2120
f 2281/2281/2121 2232/2232/2121 2231/2231/2121
f 2282/2282/2122 2233/2233/2122 2232/2232/2122
f 2283/2283/2123 2234/2234/2123 2233/2233/2123
f 2234/2234/2124 2285/2285/2124 2235/2235/2124
f 2235/2235/2125 2286/2286/2125 2236/2236/2125
f 2236/2236/2126 2287/2287/2126 2237/2237/2126
f 2237/2237/2127 2288/2288/2127 2238/2238/2127
f 2238/2238/2128 2289/2289/2128 2239/2239/2128
f 2239/2239/2129 2290/2290/2129 2240/2240/2129
f 2240/2240/2130 2291/2291/2130 2241/2241/2130
f 2291/2291/2131 2242/2242/2131 2241/2241/2131
f 2292/2292/2132 2243/2243/2132 2242/2242/2132
f 2243/2243/2133 2294/2294/2133 2244/2244/2133
f 2244/2244/2134 2295/2295/2134 2245/2245/2134
f 2245/2245/2135 2296/2296/2135 2246/2246/2135
f 2246/2246/2136 2297/2297/2136 2247/2247/2136
f 2247/2247/2137 2298/2298/2137 2248/2248/2137
f 2298/2298/2138 2249/2249/2138 2248/2248/2138
f 2299/2299/2139 2250/2250/2139 2249/2249/2139
f 2300/2300/2140 2251/2251/2140 2250/2250/2140
f 2301/2301/2141 2252/2252/2141 2251/2251/2141
f 2302/2302/2142 2253/2253/2142 2252/2252/2142
f 2303/2303/2143 2254/2254/2143 2253/2253/2143
f 2304/2304/2144 2255/2255/2144 2254/2254/2144
f 2305/2305/2145 2256/2256/2145 2255/2255/2145
f 64/64/2146 2257/2257/2146 65/65/2146
f 2257/2257/2147 2308/2308/2147 2258/2258/2147
f 2308/2308/2148 2259/2259/2148 2258/2258/2148
f 2259/2259/2149 2310/2310/2149 2260/2260/2149
f 2260/2260/2150 2311/2311/2150 2261/2261/2150
f 2261/2261/2151 2312/2312/2151 2262/2262/2151
f 2262/2262/2152 2313/2313/2152 2263/2263/2152
f 2263/2263/2153 2314/2314/2153 2264/2264/2153
f 2264/2264/2154 2315/2315/2154 2265/2265/2154
f 2265/2265/2155 2316/2316/2155 2266/2266/2155
f 2266/2266/2156 2317/2317/2156 2267/2267/2156
f 2267/2267/2157 2318/2318/2157 2268/2268/2157
f 2268/2268/2158 2319/2319/2158 2269/2269/2158
f 2269/2269/2159 2320/2320/2159 2270/2270/2159
f 2270/2270/2160 2321/2321/2160 2271/2271/2160
f 2271/2271/2161 2322/2322/2161 2272/2272/2161
f 2272/2272/2162 2323/2323/2162 2273/2273/2162
f 2323/2323/2163 2274/2274/2163 2273/2273/2163
f 2324/2324/2164 2275/2275/2164 2274/2274/2164
f 2325/2325/2165 2276/2276/2165 2275/2275/2165
f 2326/2326/2166 2277/2277/2166 2276/2276/2166
f 2277/2277/2167 2328/2328/2167 2278/2278/2167
f 2328/2328/2168 2279/2279/2168 2278/2278/2168
f 2329/2329/2169 2280/2280/2169 2279/2279/2169
f 2330/2330/2170 2281/2281/2170 2280/2280/2170
f 2331/2331/2171 2282/2282/2171 2281/2281/2171
f 2332/2332/2172 2283/2283/2172 2282/2282/2172
f 2333/2333/2173 2284/2284/2173 2283/2283/2173
f 2334/2334/2174 2285/2285/2174 2284/2284/2174
f 2335/2335/2175 2286/2286/2175 2285/2285/2175
f 2336/2336/2176 2287/2287/2176 2286/2286/2176
f 2337/2337/2177 2288/2288/2177 2287/2287/2177
f 2338/2338/2178 2289/2289/2178 2288/2288/2178
f 2339/2339/2179 2290/2290/2179 2289/2289/2179
f 2340/2340/2180 2291/2291/2180 2290/2290/2180
f 2291/2291/2181 2342/2342/2181 2292/2292/2181
f 2292/2292/2182 2343/2343/2182 2293/2293/2182
f 2343/2343/2183 2294/2294/2183 2293/2293/2183
f 2294/2294/2184 2345/2345/2184 2295/2295/2184
f 2295/2295/2185 2346/2346/2185 2296/2296/2185
f 2346/2346/2186 2297/2297/2186 2296/2296/2186
f 2347/2347/2187 2298/2298/2187 2297/2297/2187
f 2348/2348/2188 2299/2299/2188 2298/2298/2188
f 2349/2349/2189 2300/2300/2189 2299/2299/2189
f 2350/2350/2190 2301/2301/2190 2300/2300/2190
f 2351/2351/2191 2302/2302/2191 2301/2301/2191
f 2352/2352/2192 2303/2303/2192 2302/2302/2192
f 2353/2353/2193 2304/2304/2193 2303/2303/2193
f 2354/2354/2194 2305/2305/2194 2304/2304/2194
f 2355/2355/2195 2306/2306/2195 2305/2305/2195
f 63/63/2196 2307/2307/2196 64/64/2196
f 2307/2307/2197 2358/2358/2197 2308/2308/2197
f 2358/2358/2198 2309/2309/2198 2308/2308/2198
f 2359/2359/2199 2310/2310/2199 2309/2309/2199
f 2360/2360/2200 2311/2311/2200 2310/2310/2200
f 2361/2361/2201 2312/2312/2201 2311/2311/2201
f 2312/2312/2202 2363/2363/2202 2313/2313/2202
f 2313/2313/2203 2364/2364/2203 2314/2314/2203
f 2314/2314/2204 2365/2365/2204 2315/2315/2204
f 2315/2315/2205 2366/2366/2205 2316/2316/2205
f 2316/2316/2206 2367/2367/2206 2317/2317/2206
f 2317/2317/2207 2368/2368/2207 2318/2318/2207
f 2368/2368/2208 2319/2319/2208 2318/2318/2208
f 2369/2369/2209 2320/2320/2209 2319/2319/2209
f 2370/2370/2210 2321/2321/2210 2320/2320/2210
f 2371/2371/2211 2322/2322/2211 2321/2321/2211
f 2372/2372/2212 2323/2323/2212 2322/2322/2212
f 2373/2373/2213 2324/2324/2213 2323/2323/2213
f 2374/2374/2214 2325/2325/2214 2324/2324/2214
f 2325/2325/2215 2376/2376/2215 2326/2326/2215
f 2376/2376/2216 2327/2327/2216 2326/2326/2216
f 2377/2377/2217 2328/2328/2217 2327/2327/2217
f 2378/2378/2218 2329/2329/2218 2328/2328/2218
f 2379/2379/2219 2330/2330/2219 2329/2329/2219
f 2380/2380/2220 2331/2331/2220 2330/2330/2220
f 2381/2381/2221 2332/2332/2221 2331/2331/2221
f 2382/2382/2222 2333/2333/2222 2332/2332/2222
f 2383/2383/2223 2334/2334/2223 2333/2333/2223
f 2384/2384/2224 2335/2335/2224 2334/2334/2224
f 2385/2385/2225 2336/2336/2225 2335/2335/2225
f 2386/2386/2226 2337/2337/2226 2336/2336/2226
f 2387/2387/2227 2338/2338/2227 2337/2337/2227
f 2388/2388/2228 2339/2339/2228 2338/2338/2228
f 2389/2389/2229 2340/2340/2229 2339/2339/2229
f 2390/2390/2230 2341/2341/2230 2340/2340/2230
f 2341/2341/2231 2392/2392/2231 2342/2342/2231
f 2392/2392/2232 2343/2343/2232 2342/2342/2232
f 2343/2343/2233 2394/2394/2233 2344/2344/2233
f 2344/2344/2234 2395/2395/2234 2345/2345/2234
f 2395/2395/2235 2346/2346/2235 2345/2345/2235
f 2396/2396/2236 2347/2347/2236 2346/2346/2236
f 2397/2397/2237 2348/2348/2237 2347/2347/2237
f 2398/2398/2238 2349/2349/2238 2348/2348/2238
f 2399/2399/2239 2350/2350/2239 2349/2349/2239
f 2400/2400/2240 2351/2351/2240 2350/2350/2240
f 2401/2401/2241 2352/2352/2241 2351/2351/2241
f 2402/2402/2242 2353/2353/2242 2352/2352/2242
f 2403/2403/2243 2354/2354/2243 2353/2353/2243
f 2354/2354/2244 2405/2405/2244 2355/2355/2244
f 2355/2355/2245 2406/2406/2245 2356/2356/2245
f 63/63/2246 2407/2407/2246 2357/2357/2246
f 2407/2407/2247 2358/2358/2247 2357/2357/2247
f 2408/2408/2248 2359/2359/2248 2358/2358/2248
f 2409/2409/2249 2360/2360/2249 2359/2359/2249
f 2410/2410/2250 2361/2361/2250 2360/2360/2250
f 2411/2411/2251 2362/2362/2251 2361/2361/2251
f 2412/2412/2252 2363/2363/2252 2362/2362/2252
f 2363/2363/2253 2414/2414/2253 2364/2364/2253
f 2364/2364/2254 2415/2415/2254 2365/2365/2254
f 2365/2365/2255 2416/2416/2255 2366/2366/2255
f 2366/2366/2256 2417/2417/2256 2367/2367/2256
f 2367/2367/2257 2418/2418/2257 2368/2368/2257
f 2418/2418/2258 2369/2369/2258 2368/2368/2258
f 2419/2419/2259 2370/2370/2259 2369/2369/2259
f 2420/2420/2260 2371/2371/2260 2370/2370/2260
f 2421/2421/2261 2372/2372/2261 2371/2371/2261
f 2372/2372/2262 2423/2423/2262 2373/2373/2262
f 2373/2373/2263 2424/2424/2263 2374/2374/2263
f 2374/2374/2264 2425/2425/2264 2375/2375/2264
f 2425/2425/2265 2376/2376/2265 2375/2375/2265
f 2426/2426/2266 2377/2377/2266 2376/2376/2266
f 2427/2427/2267 2378/2378/2267 2377/2377/2267
f 2428/2428/2268 2379/2379/2268 2378/2378/2268
f 2429/2429/2269 2380/2380/2269 2379/2379/2269
f 2430/2430/2270 2381/2381/2270 2380/2380/2270
f 2431/2431/2271 2382/2382/2271 2381/2381/2271
f 2432/2432/2272 2383/2383/2272 2382/2382/2272
f 2433/2433/2273 2384/2384/2273 2383/2383/2273
f 2434/2434/2274 2385/2385/2274 2384/2384/2274
f 2435/2435/2275 2386/2386/2275 2385/2385/2275
f 2436/2436/2276 2387/2387/2276 2386/2386/2276
f 2437/2437/2277 2388/2388/2277 2387/2387/2277
f 2438/2438/2278 2389/2389/2278 2388/2388/2278
f 2439/2439/2279 2390/2390/2279 2389/2389/2279
f 2440/2440/2280 2391/2391/2280 2390/2390/2280
f 2391/2391/2281 2442/2442/2281 2392/2392/2281
f 2442/2442/2282 2393/2393/2282 2392/2392/2282
f 2393/2393/2283 2444/2444/2283 2394/2394/2283
f 2444/2444/2284 2395/2395/2284 2394/2394/2284
f 2445/2445/2285 2396/2396/2285 2395/2395/2285
f 2446/2446/2286 2397/2397/2286 2396/2396/2286
f 2447/2447/2287 2398/2398/2287 2397/2397/2287
f 2448/2448/2288 2399/2399/2288 2398/2398/2288
f 2449/2449/2289 2400/2400/2289 2399/2399/2289
f 2450/2450/2290 2401/2401/2290 2400/2400/2290
f 2451/2451/2291 2402/2402/2291 2401/2401/2291
f 2452/2452/2292 2403/2403/2292 2402/2402/2292
f 2403/2403/2293 2454/2454/2293 2404/2404/2293
f 2404/2404/2294 2455/2455/2294 2405/2405/2294
f 2405/2405/2295 2456/2456/2295 2406/2406/2295
f 62/62/2296 2457/2457/2296 2407/2407/2296
f 2457/2457/2297 2408/2408/2297 2407/2407/2297
f 2408/2408/2298 2459/2459/2298 2409/2409/2298
f 2459/2459/2299 2410/2410/2299 2409/2409/2299
f 2460/2460/2300 2411/2411/2300 2410/2410/2300
f 2461/2461/2301 2412/2412/2301 2411/2411/2301
f 2412/2412/2302 2463/2463/2302 2413/2413/2302
f 2463/2463/2303 2414/2414/2303 2413/2413/2303
f 2414/2414/2304 2465/2465/2304 2415/2415/2304
f 2415/2415/2305 2466/2466/2305 2416/2416/2305
f 2416/2416/2306 2467/2467/2306 2417/2417/2306
f 2417/2417/2307 2468/2468/2307 2418/2418/2307
f 2468/2468/2308 2419/2419/2308 2418/2418/2308
f 2469/2469/2309 2420/2420/2309 2419/2419/2309
f 2470/2470/2310 2421/2421/2310 2420/2420/2310
f 2421/2421/2311 2472/2472/2311 2422/2422/2311
f 2422/2422/2312 2473/2473/2312 2423/2423/2312
f 2423/2423/2313 2474/2474/2313 2424/2424/2313
f 2474/2474/2314 2425/2425/2314 2424/2424/2314
f 2475/2475/2315 2426/2426/2315 2425/2425/2315
f 2476/2476/2316 2427/2427/2316 2426/2426/2316
f 2477/2477/2317 2428/2428/2317 2427/2427/2317
f 2478/2478/2318 2429/2429/2318 2428/2428/2318
f 2479/2479/2319 2430/2430/2319 2429/2429/2319
f 2480/2480/2320 2431/2431/2320 2430/2430/2320
f 2431/2431/2321 2482/2482/2321 2432/2432/2321
f 2432/2432/2322 2483/2483/2322 2433/2433/2322
f 2433/2433/2323 2484/2484/2323 2434/2434/2323
f 2434/2434/2324 2485/2485/2324 2435/2435/2324
f 2435/2435/2325 2486/2486/2325 2436/2436/2325
f 2436/2436/2326 2487/2487/2326 2437/2437/2326
f 2437/2437/2327 2488/2488/2327 2438/2438/2327
f 2438/2438/2328 2489/2489/2328 2439/2439/2328
f 2439/2439/2329 2490/2490/2329 2440/2440/2329
f 2440/2440/2330 2491/2491/2330 2441/2441/2330
f 2441/2441/2331 2492/2492/2331 2442/2442/2331
f 2442/2442/2332 2493/2493/2332 2443/2443/2332
f 2493/2493/2333 2444/2444/2333 2443/2443/2333
f 2494/2494/2334 2445/2445/2334 2444/2444/2334
f 2495/2495/2335 2446/2446/2335 2445/2445/2335
f 2496/2496/2336 2447/2447/2336 2446/2446/2336
f 2497/2497/2337 2448/2448/2337 2447/2447/2337
f 2498/2498/2338 2449/2449/2338 2448/2448/2338
f 2499/2499/2339 2450/2450/2339 2449/2449/2339
f 2500/2500/2340 2451/2451/2340 2450/2450/2340
f 2501/2501/2341 2452/2452/2341 2451/2451/2341
f 2502/2502/2342 2453/2453/2342 2452/2452/2342
f 2503/2503/2343 2454/2454/2343 2453/2453/2343
f 2454/2454/2344 2505/2505/2344 2455/2455/2344
f 2455/2455/2345 2506/2506/2345 2456/2456/2345
f 61/61/2346 2507/2507/2346 2457/2457/2346
f 2507/2507/2347 2458/2458/2347 2457/2457/2347
f 2458/2458/2348 2509/2509/2348 2459/2459/2348
f 2459/2459/2349 2510/2510/2349 2460/2460/2349
f 2460/2460/2350 2511/2511/2350 2461/2461/2350
f 2461/2461/2351 2512/2512/2351 2462/2462/2351
f 2512/2512/2352 2463/2463/2352 2462/2462/2352
f 2513/2513/2353 2464/2464/2353 2463/2463/2353
f 2514/2514/2354 2465/2465/2354 2464/2464/2354
f 2465/2465/2355 2516/2516/2355 2466/2466/2355
f 2466/2466/2356 2517/2517/2356 2467/2467/2356
f 2467/2467/2357 2518/2518/2357 2468/2468/2357
f 2518/2518/2358 2469/2469/2358 2468/2468/2358
f 2519/2519/2359 2470/2470/2359 2469/2469/2359
f 2520/2520/2360 2471/2471/2360 2470/2470/2360
f 2471/2471/2361 2522/2522/2361 2472/2472/2361
f 2472/2472/2362 2523/2523/2362 2473/2473/2362
f 2473/2473/2363 2524/2524/2363 2474/2474/2363
f 2524/2524/2364 2475/2475/2364 2474/2474/2364
f 2525/2525/2365 2476/2476/2365 2475/2475/2365
f 2526/2526/2366 2477/2477/2366 2476/2476/2366
f 2527/2527/2367 2478/2478/2367 2477/2477/2367
f 2478/2478/2368 2529/2529/2368 2479/2479/2368
f 2529/2529/2369 2480/2480/2369 2479/2479/2369
f 2480/2480/2370 2531/2531/2370 2481/2481/2370
f 2481/2481/2371 2532/2532/2371 2482/2482/2371
f 2482/2482/2372 2533/2533/2372 2483/2483/2372
f 2483/2483/2373 2534/2534/2373 2484/2484/2373
f 2484/2484/2374 2535/2535/2374 2485/2485/2374
f 2485/2485/2375 2536/2536/2375 2486/2486/2375
f 2486/2486/2376 2537/2537/2376 2487/2487/2376
f 2487/2487/2377 2538/2538/2377 2488/2488/2377
f 2488/2488/2378 2539/2539/2378 2489/2489/2378
f 2489/2489/2379 2540/2540/2379 2490/2490/2379
f 2490/2490/2380 2541/2541/2380 2491/2491/2380
f 2491/2491/2381 2542/2542/2381 2492/2492/2381
f 2492/2492/2382 2543/2543/2382 2493/2493/2382
f 2543/2543/2383 2494/2494/2383 2493/2493/2383
f 2544/2544/2384 2495/2495/2384 2494/2494/2384
f 2545/2545/2385 2496/2496/2385 2495/2495/2385
f 2546/2546/2386 2497/2497/2386 2496/2496/2386
f 2547/2547/2387 2498/2498/2387 2497/2497/2387
f 2548/2548/2388 2499/2499/2388 2498/2498/2388
f 2549/2549/2389 2500/2500/2389 2499/2499/2389
f 2550/2550/2390 2501/2501/2390 2500/2500/2390
f 2551/2551/2391 2502/2502/2391 2501/2501/2391
f 2552/2552/2392 2503/2503/2392 2502/2502/2392
f 2553/2553/2393 2504/2504/2393 2503/2503/2393
f 2554/2554/2394 2505/2505/2394 2504/2504/2394
f 2555/2555/2395 2506/2506/2395 2505/2505/2395
f 60/60/2396 2557/2557/2396 2507/2507/2396
f 2507/2507/2397 2558/2558/2397 2508/2508/2397
f 2508/2508/2398 2559/2559/2398 2509/2509/2398
f 2509/2509/2399 2560/2560/2399 2510/2510/2399
f 2510/2510/2400 2561/2561/2400 2511/2511/2400
f 2511/2511/2401 2562/2562/2401 2512/2512/2401
f 2512/2512/2402 2563/2563/2402 2513/2513/2402
f 2513/2513/2403 2564/2564/2403 2514/2514/2403
f 2514/2514/2404 2565/2565/2404 2515/2515/2404
f 2515/2515/2405 2566/2566/2405 2516/2516/2405
f 2516/2516/2406 2567/2567/2406 2517/2517/2406
f 2517/2517/2407 2568/2568/2407 2518/2518/2407
f 2568/2568/2408 2519/2519/2408 2518/2518/2408
f 2569/2569/2409 2520/2520/2409 2519/2519/2409
f 2520/2520/2410 2571/2571/2410 2521/2521/2410
f 2571/2571/2411 2522/2522/2411 2521/2521/2411
f 2572/2572/2412 2523/2523/2412 2522/2522/2412
f 2523/2523/2413 2574/2574/2413 2524/2524/2413
f 2524/2524/2414 2575/2575/2414 2525/2525/2414
f 2575/2575/2415 2526/2526/2415 2525/2525/2415
f 2526/2526/2416 2577/2577/2416 2527/2527/2416
f 2577/2577/2417 2528/2528/2417 2527/2527/2417
f 2578/2578/2418 2529/2529/2418 2528/2528/2418
f 2579/2579/2419 2530/2530/2419 2529/2529/2419
f 2530/2530/2420 2581/2581/2420 2531/2531/2420
f 2531/2531/2421 2582/2582/2421 2532/2532/2421
f 2532/2532/2422 2583/2583/2422 2533/2533/2422
f 2533/2533/2423 2584/2584/2423 2534/2534/2423
f 2534/2534/2424 2585/2585/2424 2535/2535/2424
f 2535/2535/2425 2586/2586/2425 2536/2536/2425
f 2536/2536/2426 2587/2587/2426 2537/2537/2426
f 2537/2537/2427 2588/2588/2427 2538/2538/2427
f 2538/2538/2428 2589/2589/2428 2539/2539/2428
f 2539/2539/2429 2590/2590/2429 2540/2540/2429
f 2540/2540/2430 2591/2591/2430 2541/2541/2430
f 2541/2541/2431 2592/2592/2431 2542/2542/2431
f 2542/2542/2432 2593/2593/2432 2543/2543/2432
f 2593/2593/2433 2544/2544/2433 2543/2543/2433
f 2594/2594/2434 2545/2545/2434 2544/2544/2434
f 2595/2595/2435 2546/2546/2435 2545/2545/2435
f 2596/2596/2436 2547/2547/2436 2546/2546/2436
f 2597/2597/2437 2548/2548/2437 2547/2547/2437
f 2598/2598/2438 2549/2549/2438 2548/2548/2438
f 2599/2599/2439 2550/2550/2439 2549/2549/2439
f 2600/2600/2440 2551/2551/2440 2550/2550/2440
f 2601/2601/2441 2552/2552/2441 2551/2551/2441
f 2602/2602/2442 2553/2553/2442 2552/2552/2442
f 2553/2553/2443 2604/2604/2443 2554/2554/2443
f 2604/2604/2444 2555/2555/2444 2554/2554/2444
f 2605/2605/2445 2556/2556/2445 2555/2555/2445
f 59/59/2446 2607/2607/2446 2557/2557/2446
f 2557/2557/2447 2608/2608/2447 2558/2558/2447
f 2608/2608/2448 2559/2559/2448 2558/2558/2448
f 2559/2559/2449 2610/2610/2449 2560/2560/2449
f 2560/2560/2450 2611/2611/2450 2561/2561/2450
f 2561/2561/2451 2612/2612/2451 2562/2562/2451
f 2562/2562/2452 2613/2613/2452 2563/2563/2452
f 2563/2563/2453 2614/2614/2453 2564/2564/2453
f 2564/2564/2454 2615/2615/2454 2565/2565/2454
f 2615/2615/2455 2566/2566/2455 2565/2565/2455
f 2566/2566/2456 2617/2617/2456 2567/2567/2456
f 2617/2617/2457 2568/2568/2457 2567/2567/2457
f 2568/2568/2458 2619/2619/2458 2569/2569/2458
f 2569/2569/2459 2620/2620/2459 2570/2570/2459
f 2620/2620/2460 2571/2571/2460 2570/2570/2460
f 2621/2621/2461 2572/2572/2461 2571/2571/2461
f 2622/2622/2462 2573/2573/2462 2572/2572/2462
f 2573/2573/2463 2624/2624/2463 2574/2574/2463
f 2574/2574/2464 2625/2625/2464 2575/2575/2464
f 2575/2575/2465 2626/2626/2465 2576/2576/2465
f 2576/2576/2466 2627/2627/2466 2577/2577/2466
f 2627/2627/2467 2578/2578/2467 2577/2577/2467
f 2628/2628/2468 2579/2579/2468 2578/2578/2468
f 2629/2629/2469 2580/2580/2469 2579/2579/2469
f 2580/2580/2470 2631/2631/2470 2581/2581/2470
f 2581/2581/2471 2632/2632/2471 2582/2582/2471
f 2582/2582/2472 2633/2633/2472 2583/2583/2472
f 2583/2583/2473 2634/2634/2473 2584/2584/2473
f 2584/2584/2474 2635/2635/2474 2585/2585/2474
f 2585/2585/2475 2636/2636/2475 2586/2586/2475
f 2586/2586/2476 2637/2637/2476 2587/2587/2476
f 2587/2587/2477 2638/2638/2477 2588/2588/2477
f 2588/2588/2478 2639/2639/2478 2589/2589/2478
f 2589/2589/2479 2640/2640/2479 2590/2590/2479
f 2590/2590/2480 2641/2641/2480 2591/2591/2480
f 2591/2591/2481 2642/2642/2481 2592/2592/2481
f 2642/2642/2482 2593/2593/2482 2592/2592/2482
f 2643/2643/2483 2594/2594/2483 2593/2593/2483
f 2644/2644/2484 2595/2595/2484 2594/2594/2484
f 2645/2645/2485 2596/2596/2485 2595/2595/2485
f 2646/2646/2486 2597/2597/2486 2596/2596/2486
f 2647/2647/2487 2598/2598/2487 2597/2597/2487
f 2648/2648/2488 2599/2599/2488 2598/2598/2488
f 2649/2649/2489 2600/2600/2489 2599/2599/2489
f 2650/2650/2490 2601/2601/2490 2600/2600/2490
f 2651/2651/2491 2602/2602/2491 2601/2601/2491
f 2652/2652/2492 2603/2603/2492 2602/2602/2492
f 2603/2603/2493 2654/2654/2493 2604/2604/2493
f 2604/2604/2494 2655/2655/2494 2605/2605/2494
f 2655/2655/2495 2606/2606/2495 2605/2605/2495
f 57/57/2496 2607/2607/2496 58/58/2496
f 2657/2657/2497 2608/2608/2497 2607/2607/2497
f 2658/2658/2498 2609/2609/2498 2608/2608/2498
f 2609/2609/2499 2660/2660/2499 2610/2610/2499
f 2610/2610/2500 2661/2661/2500 2611/2611/2500
f 2611/2611/2501 2662/2662/2501 2612/2612/2501
f 2662/2662/2502 2613/2613/2502 2612/2612/2502
f 2663/2663/2503 2614/2614/2503 2613/2613/2503
f 2614/2614/2504 2665/2665/2504 2615/2615/2504
f 2665/2665/2505 2616/2616/2505 2615/2615/2505
f 2666/2666/2506 2617/2617/2506 2616/2616/2506
f 2667/2667/2507 2618/2618/2507 2617/2617/2507
f 2618/2618/2508 2669/2669/2508 2619/2619/2508
f 2619/2619/2509 2670/2670/2509 2620/2620/2509
f 2670/2670/2510 2621/2621/2510 2620/2620/2510
f 2671/2671/2511 2622/2622/2511 2621/2621/2511
f 2672/2672/2512 2623/2623/2512 2622/2622/2512
f 2623/2623/2513 2674/2674/2513 2624/2624/2513
f 2624/2624/2514 2675/2675/2514 2625/2625/2514
f 2625/2625/2515 2676/2676/2515 2626/2626/2515
f 2626/2626/2516 2677/2677/2516 2627/2627/2516
f 2677/2677/2517 2628/2628/2517 2627/2627/2517
f 2678/2678/2518 2629/2629/2518 2628/2628/2518
f 2629/2629/2519 2680/2680/2519 2630/2630/2519
f 2680/2680/2520 2631/2631/2520 2630/2630/2520
f 2681/2681/2521 2632/2632/2521 2631/2631/2521
f 2632/2632/2522 2683/2683/2522 2633/2633/2522
f 2633/2633/2523 2684/2684/2523 2634/2634/2523
f 2634/2634/2524 2685/2685/2524 2635/2635/2524
f 2635/2635/2525 2686/2686/2525 2636/2636/2525
f 2636/2636/2526 2687/2687/2526 2637/2637/2526
f 2637/2637/2527 2688/2688/2527 2638/2638/2527
f 2638/2638/2528 2689/2689/2528 2639/2639/2528
f 2639/2639/2529 2690/2690/2529 2640/2640/2529
f 2640/2640/2530 2691/2691/2530 2641/2641/2530
f 2641/2641/2531 2692/2692/2531 2642/2642/2531
f 2692/2692/2532 2643/2643/2532 2642/2642/2532
f 2693/2693/2533 2644/2644/2533 2643/2643/2533
f 2694/2694/2534 2645/2645/2534 2644/2644/2534
f 2695/2695/2535 2646/2646/2535 2645/2645/2535
f 2696/2696/2536 2647/2647/2536 2646/2646/2536
f 2697/2697/2537 2648/2648/2537 2647/2647/2537
f 2698/2698/2538 2649/2649/2538 2648/2648/2538
f 2699/2699/2539 2650/2650/2539 2649/2649/2539
f 2700/2700/2540 2651/2651/2540 2650/2650/2540
f 2701/2701/2541 2652/2652/2541 2651/2651/2541
f 2652/2652/2542 2703/2703/2542 2653/2653/2542
f 2653/2653/2543 2704/2704/2543 2654/2654/2543
f 2654/2654/2544 2705/2705/2544 2655/2655/2544
f 2705/2705/2545 2656/2656/2545 2655/2655/2545
f 57/57/2546 56/56/2546 2657/2657/2546
f 2657/2657/2547 55/55/2547 2658/2658/2547
f 2658/2658/2548 54/54/2548 2659/2659/2548
f 2659/2659/2549 53/53/2549 2660/2660/2549
f 2660/2660/2550 52/52/2550 2661/2661/2550
f 2661/2661/2551 51/51/2551 2662/2662/2551
f 2662/2662/2552 50/50/2552 2663/2663/2552
f 2663/2663/2553 49/49/2553 2664/2664/2553
f 49/49/2554 2665/2665/2554 2664/2664/2554
f 48/48/2555 2666/2666/2555 2665/2665/2555
f 47/47/2556 2667/2667/2556 2666/2666/2556
f 46/46/2557 2668/2668/2557 2667/2667/2557
f 2668/2668/2558 44/44/2558 2669/2669/2558
f 2669/2669/2559 43/43/2559 2670/2670/2559
f 2670/2670/2560 42/42/2560 2671/2671/2560
f 2671/2671/2561 41/41/2561 2672/2672/2561
f 2672/2672/2562 40/40/2562 2673/2673/2562
f 40/40/2563 2674/2674/2563 2673/2673/2563
f 39/39/2564 2675/2675/2564 2674/2674/2564
f 38/38/2565 2676/2676/2565 2675/2675/2565
f 2676/2676/2566 36/36/2566 2677/2677/2566
f 2677/2677/2567 35/35/2567 2678/2678/2567
f 35/35/2568 2679/2679/2568 2678/2678/2568
f 34/34/2569 2680/2680/2569 2679/2679/2569
f 33/33/2570 2681/2681/2570 2680/2680/2570
f 32/32/2571 2682/2682/2571 2681/2681/2571
f 31/31/2572 2683/2683/2572 2682/2682/2572
f 30/30/2573 2684/2684/2573 2683/2683/2573
f 29/29/2574 2685/2685/2574 2684/2684/2574
f 28/28/2575 2686/2686/2575 2685/2685/2575
f 27/27/2576 2687/2687/2576 2686/2686/2576
f 2687/2687/2577 25/25/2577 2688/2688/2577
f 2688/2688/2578 24/24/2578 2689/2689/2578
f 2689/2689/2579 23/23/2579 2690/2690/2579
f 2690/2690/2580 22/22/2580 2691/2691/2580
f 2691/2691/2581 21/21/2581 2692/2692/2581
f 21/21/2582 2693/2693/2582 2692/2692/2582
f 20/20/2583 2694/2694/2583 2693/2693/2583
f 19/19/2584 2695/2695/2584 2694/2694/2584
f 18/18/2585 2696/2696/2585 2695/2695/2585
f 17/17/2586 2697/2697/2586 2696/2696/2586
f 2697/2697/2587 15/15/2587 2698/2698/2587
f 2698/2698/2588 14/14/2588 2699/2699/2588
f 2699/2699/2589 13/13/2589 2700/2700/2589
f 2700/2700/2590 12/12/2590 2701/2701/2590
f 2701/2701/2591 11/11/2591 2702/2702/2591
f 11/11/2592 2703/2703/2592 2702/2702/2592
f 10/10/2593 2704/2704/2593 2703/2703/2593
f 9/9/2594 2705/2705/2594 2704/2704/2594
f 8/8/2595 2706/2706/2595 2705/2705/2595
f 3/3/1 5/5/1 6/6/1
f 3/3/1 6/6/1 107/107/1
f 156/156/1 4/4/1 3/3/1
f 155/155/1 156/156/1 3/3/1
f 3/3/1 107/107/1 108/108/1
f 3/3/1 108/108/1 109/109/1
f 154/154/1 155/155/1 3/3/1
f 153/153/1 154/154/1 3/3/1
f 3/3/1 109/109/1 110/110/1
f 3/3/1 110/110/1 111/111/1
f 152/152/1 153/153/1 3/3/1
f 151/151/1 152/152/1 3/3/1
f 3/3/1 111/111/1 112/112/1
f 3/3/1 112/112/1 113/113/1
f 150/150/1 151/151/1 3/3/1
f 149/149/1 150/150/1 3/3/1
f 3/3/1 113/113/1 114/114/1
f 3/3/1 114/114/1 115/115/1
f 148/148/1 149/149/1 3/3/1
f 147/147/1 148/148/1 3/3/1
f 3/3/1 115/115/1 116/116/1
f 3/3/1 116/116/1 117/117/1
f 146/146/1 147/147/1 3/3/1
f 145/145/1 146/146/1 3/3/1
f 3/3/1 117/117/1 118/118/1
f 3/3/1 118/118/1 119/119/1
f 144/144/1 145/145/1 3/3/1
f 143/143/1 144/144/1 3/3/1
f 3/3/1 119/119/1 120/120/1
f 3/3/1 120/120/1 121/121/1
f 142/142/1 143/143/1 3/3/1
f 141/141/1 142/142/1 3/3/1
f 3/3/1 121/121/1 122/122/1
f 3/3/1 122/122/1 123/123/1
f 140/140/1 141/141/1 3/3/1
f 139/139/1 140/140/1 3/3/1
f 3/3/1 123/123/1 124/124/1
f 3/3/1 124/124/1 125/125/1
f 138/138/1 139/139/1 3/3/1
f 137/137/1 138/138/1 3/3/1
f 3/3/1 125/125/1 126/126/1
f 3/3/1 126/126/1 127/127/1
f 136/136/1 137/137/1 3/3/1
f 135/135/1 136/136/1 3/3/1
f 3/3/1 127/127/1 128/128/1
f 3/3/1 128/128/1 129/129/1
f 134/134/1 135/135/1 3/3/1
f 133/133/1 134/134/1 3/3/1
f 3/3/1 129/129/1 130/130/1
f 3/3/1 130/130/1 131/131/1
f 132/132/1 133/133/1 3/3/1
f 7/7/3 1/1/3 206/206/3
f 156/156/2596 256/256/2596 157/157/2596
f 306/306/2597 158/158/2597 157/157/2597
f 356/356/2598 159/159/2598 158/158/2598
f 406/406/2599 160/160/2599 159/159/2599
f 456/456/2600 161/161/2600 160/160/2600
f 506/506/2601 162/162/2601 161/161/2601
f 556/556/2602 163/163/2602 162/162/2602
f 606/606/11 164/164/11 163/163/11
f 606/606/2603 656/656/2603 165/165/2603
f 656/656/2604 706/706/2604 166/166/2604
f 706/706/2605 756/756/2605 167/167/2605
f 756/756/2606 806/806/2606 168/168/2606
f 856/856/2607 169/169/2607 168/168/2607
f 906/906/2608 170/170/2608 169/169/2608
f 956/956/2609 171/171/2609 170/170/2609
f 1006/1006/19 172/172/19 171/171/19
f 1006/1006/2610 1056/1056/2610 173/173/2610
f 1056/1056/2611 1106/1106/2611 174/174/2611
f 1106/1106/2612 1156/1156/2612 175/175/2612
f 1156/1156/2613 1206/1206/2613 176/176/2613
f 1206/1206/2614 1256/1256/2614 177/177/2614
f 1306/1306/2615 178/178/2615 177/177/2615
f 1356/1356/26 179/179/26 178/178/26
f 1356/1356/2616 1406/1406/2616 180/180/2616
f 1406/1406/2617 1456/1456/2617 181/181/2617
f 1456/1456/2618 1506/1506/2618 182/182/2618
f 1506/1506/2619 1556/1556/2619 183/183/2619
f 1556/1556/2620 1606/1606/2620 184/184/2620
f 1606/1606/2621 1656/1656/2621 185/185/2621
f 1656/1656/2622 1706/1706/2622 186/186/2622
f 1756/1756/2623 187/187/2623 186/186/2623
f 1806/1806/35 188/188/35 187/187/35
f 1806/1806/2624 1856/1856/2624 189/189/2624
f 1856/1856/2625 1906/1906/2625 190/190/2625
f 1906/1906/2626 1956/1956/2626 191/191/2626
f 2006/2006/2627 192/192/2627 191/191/2627
f 2056/2056/2628 193/193/2628 192/192/2628
f 2106/2106/2629 194/194/2629 193/193/2629
f 2156/2156/42 195/195/42 194/194/42
f 2156/2156/2630 2206/2206/2630 196/196/2630
f 2206/2206/2631 2256/2256/2631 197/197/2631
f 2256/2256/2632 2306/2306/2632 198/198/2632
f 2306/2306/2633 2356/2356/2633 199/199/2633
f 2406/2406/2634 200/200/2634 199/199/2634
f 2456/2456/2635 201/201/2635 200/200/2635
f 2506/2506/49 202/202/49 201/201/49
f 2506/2506/2636 2556/2556/2636 203/203/2636
f 2556/2556/2637 2606/2606/2637 204/204/2637
f 2606/2606/2638 2656/2656/2638 205/205/2638
f 2656/2656/2639 2706/2706/2639 206/206/2639
f 106/106/2640 207/207/2640 107/107/2640
f 107/107/2641 207/207/2641 208/208/2641
f 108/108/2642 208/208/2642 209/209/2642
f 109/109/2643 209/209/2643 210/210/2643
f 210/210/2644 211/211/2644 111/111/2644
f 211/211/2645 212/212/2645 112/112/2645
f 212/212/2646 213/213/2646 113/113/2646
f 213/213/2647 214/214/2647 114/114/2647
f 114/114/2648 214/214/2648 215/215/2648
f 115/115/2649 215/215/2649 216/216/2649
f 116/116/2650 216/216/2650 217/217/2650
f 217/217/2651 218/218/2651 118/118/2651
f 118/118/2652 218/218/2652 219/219/2652
f 219/219/2653 220/220/2653 120/120/2653
f 220/220/2654 221/221/2654 121/121/2654
f 221/221/2655 222/222/2655 122/122/2655
f 222/222/2656 223/223/2656 123/123/2656
f 223/223/2657 224/224/2657 124/124/2657
f 124/124/2658 224/224/2658 225/225/2658
f 125/125/2659 225/225/2659 226/226/2659
f 226/226/2660 227/227/2660 127/127/2660
f 227/227/2661 228/228/2661 128/128/2661
f 228/228/2662 229/229/2662 129/129/2662
f 229/229/2663 230/230/2663 130/130/2663
f 230/230/2664 231/231/2664 131/131/2664
f 231/231/2665 232/232/2665 132/132/2665
f 132/132/2666 232/232/2666 233/233/2666
f 133/133/2667 233/233/2667 234/234/2667
f 134/134/2668 234/234/2668 235/235/2668
f 135/135/2669 235/235/2669 236/236/2669
f 236/236/2670 237/237/2670 137/137/2670
f 237/237/2671 238/238/2671 138/138/2671
f 238/238/2672 239/239/2672 139/139/2672
f 139/139/2673 239/239/2673 240/240/2673
f 140/140/2674 240/240/2674 241/241/2674
f 141/141/2675 241/241/2675 242/242/2675
f 142/142/2676 242/242/2676 243/243/2676
f 143/143/2677 243/243/2677 244/244/2677
f 144/144/2678 244/244/2678 245/245/2678
f 245/245/2679 246/246/2679 146/146/2679
f 246/246/2680 247/247/2680 147/147/2680
f 247/247/2681 248/248/2681 148/148/2681
f 248/248/2682 249/249/2682 149/149/2682
f 249/249/2683 250/250/2683 150/150/2683
f 250/250/2684 251/251/2684 151/151/2684
f 251/251/2685 252/252/2685 152/152/2685
f 252/252/2686 253/253/2686 153/153/2686
f 253/253/2687 254/254/2687 154/154/2687
f 154/154/2688 254/254/2688 255/255/2688
f 155/155/2689 255/255/2689 256/256/2689
f 105/105/2690 257/257/2690 207/207/2690
f 207/207/2691 257/257/2691 258/258/2691
f 208/208/2692 258/258/2692 259/259/2692
f 209/209/2693 259/259/2693 260/260/2693
f 210/210/2694 260/260/2694 261/261/2694
f 211/211/2695 261/261/2695 262/262/2695
f 212/212/2696 262/262/2696 263/263/2696
f 213/213/2697 263/263/2697 264/264/2697
f 264/264/2698 265/265/2698 215/215/2698
f 265/265/2699 266/266/2699 216/216/2699
f 266/266/2700 267/267/2700 217/217/2700
f 267/267/2701 268/268/2701 218/218/2701
f 218/218/2702 268/268/2702 269/269/2702
f 269/269/2703 270/270/2703 220/220/2703
f 270/270/2704 271/271/2704 221/221/2704
f 221/221/2705 271/271/2705 272/272/2705
f 222/222/2706 272/272/2706 273/273/2706
f 223/223/2707 273/273/2707 274/274/2707
f 274/274/2708 275/275/2708 225/225/2708
f 275/275/2709 276/276/2709 226/226/2709
f 226/226/2710 276/276/2710 277/277/2710
f 227/227/2711 277/277/2711 278/278/2711
f 228/228/2712 278/278/2712 279/279/2712
f 229/229/2713 279/279/2713 280/280/2713
f 230/230/2714 280/280/2714 281/281/2714
f 231/231/2715 281/281/2715 282/282/2715
f 282/282/2716 283/283/2716 233/233/2716
f 283/283/2717 284/284/2717 234/234/2717
f 284/284/2718 285/285/2718 235/235/2718
f 235/235/2719 285/285/2719 286/286/2719
f 286/286/2720 287/287/2720 237/237/2720
f 237/237/2721 287/287/2721 288/288/2721
f 238/238/2722 288/288/2722 289/289/2722
f 289/289/2723 290/290/2723 240/240/2723
f 290/290/2724 291/291/2724 241/241/2724
f 291/291/2725 292/292/2725 242/242/2725
f 292/292/2726 293/293/2726 243/243/2726
f 293/293/2727 294/294/2727 244/244/2727
f 294/294/2728 295/295/2728 245/245/2728
f 295/295/2729 296/296/2729 246/246/2729
f 296/296/2730 297/297/2730 247/247/2730
f 297/297/2731 298/298/2731 248/248/2731
f 298/298/2732 299/299/2732 249/249/2732
f 249/249/2733 299/299/2733 300/300/2733
f 250/250/2734 300/300/2734 301/301/2734
f 251/251/2735 301/301/2735 302/302/2735
f 252/252/2736 302/302/2736 303/303/2736
f 253/253/2737 303/303/2737 304/304/2737
f 304/304/2738 305/305/2738 255/255/2738
f 305/305/2739 306/306/2739 256/256/2739
f 104/104/2740 307/307/2740 257/257/2740
f 257/257/2741 307/307/2741 308/308/2741
f 258/258/2742 308/308/2742 309/309/2742
f 259/259/2743 309/309/2743 310/310/2743
f 260/260/2744 310/310/2744 311/311/2744
f 261/261/2745 311/311/2745 312/312/2745
f 262/262/2746 312/312/2746 313/313/2746
f 313/313/2747 314/314/2747 264/264/2747
f 314/314/2748 315/315/2748 265/265/2748
f 315/315/2749 316/316/2749 266/266/2749
f 316/316/2750 317/317/2750 267/267/2750
f 267/267/2751 317/317/2751 318/318/2751
f 318/318/2752 319/319/2752 269/269/2752
f 319/319/2753 320/320/2753 270/270/2753
f 270/270/2754 320/320/2754 321/321/2754
f 271/271/2755 321/321/2755 322/322/2755
f 272/272/2756 322/322/2756 323/323/2756
f 323/323/2757 324/324/2757 274/274/2757
f 324/324/2758 325/325/2758 275/275/2758
f 325/325/2759 326/326/2759 276/276/2759
f 276/276/2760 326/326/2760 327/327/2760
f 277/277/2761 327/327/2761 328/328/2761
f 278/278/2762 328/328/2762 329/329/2762
f 279/279/2763 329/329/2763 330/330/2763
f 280/280/2764 330/330/2764 331/331/2764
f 281/281/2765 331/331/2765 332/332/2765
f 332/332/2766 333/333/2766 283/283/2766
f 333/333/2767 334/334/2767 284/284/2767
f 284/284/2768 334/334/2768 335/335/2768
f 285/285/2769 335/335/2769 336/336/2769
f 286/286/2770 336/336/2770 337/337/2770
f 287/287/2771 337/337/2771 338/338/2771
f 288/288/2772 338/338/2772 339/339/2772
f 339/339/2773 340/340/2773 290/290/2773
f 340/340/2774 341/341/2774 291/291/2774
f 341/341/2775 342/342/2775 292/292/2775
f 342/342/2776 343/343/2776 293/293/2776
f 343/343/2777 344/344/2777 294/294/2777
f 294/294/2778 344/344/2778 345/345/2778
f 295/295/2779 345/345/2779 346/346/2779
f 296/296/2780 346/346/2780 347/347/2780
f 297/297/2781 347/347/2781 348/348/2781
f 348/348/2782 349/349/2782 299/299/2782
f 349/349/2783 350/350/2783 300/300/2783
f 300/300/2784 350/350/2784 351/351/2784
f 301/301/2785 351/351/2785 352/352/2785
f 302/302/2786 352/352/2786 353/353/2786
f 353/353/2787 354/354/2787 304/304/2787
f 354/354/2788 355/355/2788 305/305/2788
f 355/355/2789 356/356/2789 306/306/2789
f 103/103/2790 357/357/2790 307/307/2790
f 307/307/2791 357/357/2791 358/358/2791
f 308/308/2792 358/358/2792 359/359/2792
f 309/309/2793 359/359/2793 360/360/2793
f 310/310/2794 360/360/2794 361/361/2794
f 311/311/2795 361/361/2795 362/362/2795
f 312/312/2796 362/362/2796 363/363/2796
f 313/313/2797 363/363/2797 364/364/2797
f 314/314/2798 364/364/2798 365/365/2798
f 365/365/2799 366/366/2799 316/316/2799
f 316/316/2800 366/366/2800 367/367/2800
f 367/367/2801 368/368/2801 318/318/2801
f 368/368/2802 369/369/2802 319/319/2802
f 369/369/2803 370/370/2803 320/320/2803
f 320/320/2804 370/370/2804 371/371/2804
f 321/321/2805 371/371/2805 372/372/2805
f 322/322/2806 372/372/2806 373/373/2806
f 373/373/2807 374/374/2807 324/324/2807
f 374/374/2808 375/375/2808 325/325/2808
f 375/375/2809 376/376/2809 326/326/2809
f 326/326/2810 376/376/2810 377/377/2810
f 327/327/2811 377/377/2811 378/378/2811
f 328/328/2812 378/378/2812 379/379/2812
f 329/329/2813 379/379/2813 380/380/2813
f 330/330/2814 380/380/2814 381/381/2814
f 381/381/2815 382/382/2815 332/332/2815
f 382/382/2816 383/383/2816 333/333/2816
f 383/383/2817 384/384/2817 334/334/2817
f 334/334/2818 384/384/2818 385/385/2818
f 335/335/2819 385/385/2819 386/386/2819
f 336/336/2820 386/386/2820 387/387/2820
f 337/337/2821 387/387/2821 388/388/2821
f 388/388/2822 389/389/2822 339/339/2822
f 389/389/2823 390/390/2823 340/340/2823
f 390/390/2824 391/391/2824 341/341/2824
f 391/391/2825 392/392/2825 342/342/2825
f 392/392/2826 393/393/2826 343/343/2826
f 393/393/2827 394/394/2827 344/344/2827
f 344/344/2828 394/394/2828 395/395/2828
f 345/345/2829 395/395/2829 396/396/2829
f 346/346/2830 396/396/2830 397/397/2830
f 347/347/2831 397/397/2831 398/398/2831
f 398/398/2832 399/399/2832 349/349/2832
f 399/399/2833 400/400/2833 350/350/2833
f 400/400/2834 401/401/2834 351/351/2834
f 351/351/2835 401/401/2835 402/402/2835
f 352/352/2836 402/402/2836 403/403/2836
f 403/403/2837 404/404/2837 354/354/2837
f 404/404/2838 405/405/2838 355/355/2838
f 405/405/2839 406/406/2839 356/356/2839
f 102/102/2840 407/407/2840 357/357/2840
f 357/357/2841 407/407/2841 408/408/2841
f 358/358/2842 408/408/2842 409/409/2842
f 359/359/2843 409/409/2843 410/410/2843
f 360/360/2844 410/410/2844 411/411/2844
f 411/411/2845 412/412/2845 362/362/2845
f 362/362/2846 412/412/2846 413/413/2846
f 363/363/2847 413/413/2847 414/414/2847
f 364/364/2848 414/414/2848 415/415/2848
f 365/365/2849 415/415/2849 416/416/2849
f 416/416/2850 417/417/2850 367/367/2850
f 417/417/2851 418/418/2851 368/368/2851
f 418/418/2852 419/419/2852 369/369/2852
f 419/419/2853 420/420/2853 370/370/2853
f 370/370/2854 420/420/2854 421/421/2854
f 371/371/2855 421/421/2855 422/422/2855
f 372/372/2856 422/422/2856 423/423/2856
f 373/373/2857 423/423/2857 424/424/2857
f 374/374/2858 424/424/2858 425/425/2858
f 375/375/2859 425/425/2859 426/426/2859
f 426/426/2860 427/427/2860 377/377/2860
f 427/427/2861 428/428/2861 378/378/2861
f 378/378/2862 428/428/2862 429/429/2862
f 379/379/2863 429/429/2863 430/430/2863
f 380/380/2864 430/430/2864 431/431/2864
f 431/431/2865 432/432/2865 382/382/2865
f 432/432/2866 433/433/2866 383/383/2866
f 383/383/2867 433/433/2867 434/434/2867
f 384/384/2868 434/434/2868 435/435/2868
f 385/385/2869 435/435/2869 436/436/2869
f 386/386/2870 436/436/2870 437/437/2870
f 387/387/2871 437/437/2871 438/438/2871
f 438/438/2872 439/439/2872 389/389/2872
f 439/439/2873 440/440/2873 390/390/2873
f 440/440/2874 441/441/2874 391/391/2874
f 441/441/2875 442/442/2875 392/392/2875
f 442/442/2876 443/443/2876 393/393/2876
f 443/443/2877 444/444/2877 394/394/2877
f 444/444/2878 445/445/2878 395/395/2878
f 445/445/2879 446/446/2879 396/396/2879
f 446/446/2880 447/447/2880 397/397/2880
f 397/397/2881 447/447/2881 448/448/2881
f 448/448/2882 449/449/2882 399/399/2882
f 449/449/2883 450/450/2883 400/400/2883
f 450/450/2884 451/451/2884 401/401/2884
f 401/401/2885 451/451/2885 452/452/2885
f 402/402/2886 452/452/2886 453/453/2886
f 453/453/2887 454/454/2887 404/404/2887
f 454/454/2888 455/455/2888 405/405/2888
f 405/405/2889 455/455/2889 456/456/2889
f 101/101/2890 457/457/2890 407/407/2890
f 407/407/2891 457/457/2891 458/458/2891
f 408/408/2892 458/458/2892 459/459/2892
f 409/409/2893 459/459/2893 460/460/2893
f 410/410/2894 460/460/2894 461/461/2894
f 461/461/2895 462/462/2895 412/412/2895
f 412/412/2896 462/462/2896 463/463/2896
f 413/413/2897 463/463/2897 464/464/2897
f 414/414/2898 464/464/2898 465/465/2898
f 415/415/2899 465/465/2899 466/466/2899
f 466/466/2900 467/467/2900 417/417/2900
f 467/467/2901 468/468/2901 418/418/2901
f 418/418/2902 468/468/2902 469/469/2902
f 419/419/2903 469/469/2903 470/470/2903
f 470/470/2904 471/471/2904 421/421/2904
f 471/471/2905 472/472/2905 422/422/2905
f 472/472/2906 473/473/2906 423/423/2906
f 473/473/2907 474/474/2907 424/424/2907
f 424/424/2908 474/474/2908 475/475/2908
f 425/425/2909 475/475/2909 476/476/2909
f 476/476/2910 477/477/2910 427/427/2910
f 477/477/2911 478/478/2911 428/428/2911
f 428/428/2912 478/478/2912 479/479/2912
f 429/429/2913 479/479/2913 480/480/2913
f 480/480/2914 481/481/2914 431/431/2914
f 481/481/2915 482/482/2915 432/432/2915
f 482/482/2916 483/483/2916 433/433/2916
f 433/433/2917 483/483/2917 484/484/2917
f 434/434/2918 484/484/2918 485/485/2918
f 435/435/2919 485/485/2919 486/486/2919
f 436/436/2920 486/486/2920 487/487/2920
f 437/437/2921 487/487/2921 488/488/2921
f 438/438/2922 488/488/2922 489/489/2922
f 489/489/2923 490/490/2923 440/440/2923
f 490/490/2924 491/491/2924 441/441/2924
f 491/491/2925 492/492/2925 442/442/2925
f 492/492/2926 493/493/2926 443/443/2926
f 493/493/2927 494/494/2927 444/444/2927
f 494/494/2928 495/495/2928 445/445/2928
f 495/495/2929 496/496/2929 446/446/2929
f 496/496/2930 497/497/2930 447/447/2930
f 447/447/2931 497/497/2931 498/498/2931
f 498/498/2932 499/499/2932 449/449/2932
f 499/499/2933 500/500/2933 450/450/2933
f 500/500/2934 501/501/2934 451/451/2934
f 451/451/2935 501/501/2935 502/502/2935
f 452/452/2936 502/502/2936 503/503/2936
f 503/503/2937 504/504/2937 454/454/2937
f 454/454/2938 504/504/2938 505/505/2938
f 455/455/2939 505/505/2939 506/506/2939
f 100/100/2940 507/507/2940 457/457/2940
f 457/457/2941 507/507/2941 508/508/2941
f 458/458/2942 508/508/2942 509/509/2942
f 459/459/2943 509/509/2943 510/510/2943
f 460/460/2944 510/510/2944 511/511/2944
f 511/511/2945 512/512/2945 462/462/2945
f 512/512/2946 513/513/2946 463/463/2946
f 513/513/2947 514/514/2947 464/464/2947
f 514/514/2948 515/515/2948 465/465/2948
f 465/465/2949 515/515/2949 516/516/2949
f 466/466/2950 516/516/2950 517/517/2950
f 467/467/2951 517/517/2951 518/518/2951
f 468/468/2952 518/518/2952 519/519/2952
f 469/469/2953 519/519/2953 520/520/2953
f 520/520/2954 521/521/2954 471/471/2954
f 521/521/2955 522/522/2955 472/472/2955
f 522/522/2956 523/523/2956 473/473/2956
f 523/523/2957 524/524/2957 474/474/2957
f 474/474/2958 524/524/2958 525/525/2958
f 475/475/2959 525/525/2959 526/526/2959
f 476/476/2960 526/526/2960 527/527/2960
f 527/527/2961 528/528/2961 478/478/2961
f 478/478/2962 528/528/2962 529/529/2962
f 479/479/2963 529/529/2963 530/530/2963
f 530/530/2964 531/531/2964 481/481/2964
f 531/531/2965 532/532/2965 482/482/2965
f 532/532/2966 533/533/2966 483/483/2966
f 483/483/2967 533/533/2967 534/534/2967
f 484/484/2968 534/534/2968 535/535/2968
f 485/485/2969 535/535/2969 536/536/2969
f 486/486/2970 536/536/2970 537/537/2970
f 487/487/2971 537/537/2971 538/538/2971
f 538/538/2972 539/539/2972 489/489/2972
f 539/539/2973 540/540/2973 490/490/2973
f 540/540/2974 541/541/2974 491/491/2974
f 541/541/2975 542/542/2975 492/492/2975
f 542/542/2976 543/543/2976 493/493/2976
f 493/493/2977 543/543/2977 544/544/2977
f 494/494/2978 544/544/2978 545/545/2978
f 495/495/2979 545/545/2979 546/546/2979
f 496/496/2980 546/546/2980 547/547/2980
f 497/497/2981 547/547/2981 548/548/2981
f 548/548/2982 549/549/2982 499/499/2982
f 549/549/2983 550/550/2983 500/500/2983
f 550/550/2984 551/551/2984 501/501/2984
f 551/551/2985 552/552/2985 502/502/2985
f 552/552/2986 553/553/2986 503/503/2986
f 553/553/2987 554/554/2987 504/504/2987
f 504/504/2988 554/554/2988 555/555/2988
f 505/505/2989 555/555/2989 556/556/2989
f 99/99/2990 557/557/2990 507/507/2990
f 507/507/2991 557/557/2991 558/558/2991
f 508/508/2992 558/558/2992 559/559/2992
f 509/509/2993 559/559/2993 560/560/2993
f 510/510/2994 560/560/2994 561/561/2994
f 561/561/2995 562/562/2995 512/512/2995
f 512/512/2996 562/562/2996 563/563/2996
f 513/513/2997 563/563/2997 564/564/2997
f 514/514/2998 564/564/2998 565/565/2998
f 515/515/2999 565/565/2999 566/566/2999
f 516/516/3000 566/566/3000 567/567/3000
f 517/517/3001 567/567/3001 568/568/3001
f 518/518/3002 568/568/3002 569/569/3002
f 519/519/3003 569/569/3003 570/570/3003
f 570/570/3004 571/571/3004 521/521/3004
f 571/571/3005 572/572/3005 522/522/3005
f 572/572/3006 573/573/3006 523/523/3006
f 573/573/3007 574/574/3007 524/524/3007
f 524/524/3008 574/574/3008 575/575/3008
f 525/525/3009 575/575/3009 576/576/3009
f 526/526/3010 576/576/3010 577/577/3010
f 527/527/3011 577/577/3011 578/578/3011
f 528/528/3012 578/578/3012 579/579/3012
f 579/579/3013 580/580/3013 530/530/3013
f 580/580/3014 581/581/3014 531/531/3014
f 581/581/3015 582/582/3015 532/532/3015
f 582/582/3016 583/583/3016 533/533/3016
f 533/533/3017 583/583/3017 584/584/3017
f 534/534/3018 584/584/3018 585/585/3018
f 535/535/3019 585/585/3019 586/586/3019
f 536/536/3020 586/586/3020 587/587/3020
f 537/537/3021 587/587/3021 588/588/3021
f 588/588/3022 589/589/3022 539/539/3022
f 589/589/3023 590/590/3023 540/540/3023
f 590/590/3024 591/591/3024 541/541/3024
f 591/591/3025 592/592/3025 542/542/3025
f 542/542/3026 592/592/3026 593/593/3026
f 543/543/3027 593/593/3027 594/594/3027
f 544/544/3028 594/594/3028 595/595/3028
f 545/545/3029 595/595/3029 596/596/3029
f 546/546/3030 596/596/3030 597/597/3030
f 547/547/3031 597/597/3031 598/598/3031
f 598/598/3032 599/599/3032 549/549/3032
f 599/599/3033 600/600/3033 550/550/3033
f 600/600/3034 601/601/3034 551/551/3034
f 601/601/3035 602/602/3035 552/552/3035
f 602/602/3036 603/603/3036 553/553/3036
f 603/603/3037 604/604/3037 554/554/3037
f 554/554/3038 604/604/3038 605/605/3038
f 555/555/3039 605/605/3039 606/606/3039
f 98/98/3040 607/607/3040 557/557/3040
f 557/557/3041 607/607/3041 608/608/3041
f 558/558/3042 608/608/3042 609/609/3042
f 559/559/3043 609/609/3043 610/610/3043
f 560/560/3044 610/610/3044 611/611/3044
f 561/561/3045 611/611/3045 612/612/3045
f 562/562/3046 612/612/3046 613/613/3046
f 563/563/3047 613/613/3047 614/614/3047
f 564/564/3048 614/614/3048 615/615/3048
f 565/565/3049 615/615/3049 616/616/3049
f 566/566/3050 616/616/3050 617/617/3050
f 567/567/3051 617/617/3051 618/618/3051
f 568/568/3052 618/618/3052 619/619/3052
f 569/569/3053 619/619/3053 620/620/3053
f 620/620/3054 621/621/3054 571/571/3054
f 621/621/3055 622/622/3055 572/572/3055
f 622/622/3056 623/623/3056 573/573/3056
f 623/623/3057 624/624/3057 574/574/3057
f 574/574/3058 624/624/3058 625/625/3058
f 575/575/3059 625/625/3059 626/626/3059
f 576/576/3060 626/626/3060 627/627/3060
f 577/577/3061 627/627/3061 628/628/3061
f 578/578/3062 628/628/3062 629/629/3062
f 579/579/3063 629/629/3063 630/630/3063
f 580/580/3064 630/630/3064 631/631/3064
f 581/581/3065 631/631/3065 632/632/3065
f 582/582/3066 632/632/3066 633/633/3066
f 633/633/3067 634/634/3067 584/584/3067
f 634/634/3068 635/635/3068 585/585/3068
f 635/635/3069 636/636/3069 586/586/3069
f 636/636/3070 637/637/3070 587/587/3070
f 637/637/3071 638/638/3071 588/588/3071
f 638/638/3072 639/639/3072 589/589/3072
f 639/639/3073 640/640/3073 590/590/3073
f 640/640/3074 641/641/3074 591/591/3074
f 641/641/3075 642/642/3075 592/592/3075
f 592/592/3076 642/642/3076 643/643/3076
f 593/593/3077 643/643/3077 644/644/3077
f 594/594/3078 644/644/3078 645/645/3078
f 595/595/3079 645/645/3079 646/646/3079
f 596/596/3080 646/646/3080 647/647/3080
f 597/597/3081 647/647/3081 648/648/3081
f 648/648/3082 649/649/3082 599/599/3082
f 649/649/3083 650/650/3083 600/600/3083
f 650/650/3084 651/651/3084 601/601/3084
f 651/651/3085 652/652/3085 602/602/3085
f 652/652/3086 653/653/3086 603/603/3086
f 653/653/3087 654/654/3087 604/604/3087
f 604/604/3088 654/654/3088 655/655/3088
f 605/605/3089 655/655/3089 656/656/3089
f 97/97/3090 657/657/3090 607/607/3090
f 607/607/3091 657/657/3091 658/658/3091
f 608/608/3092 658/658/3092 659/659/3092
f 609/609/3093 659/659/3093 660/660/3093
f 610/610/3094 660/660/3094 661/661/3094
f 611/611/3095 661/661/3095 662/662/3095
f 612/612/3096 662/662/3096 663/663/3096
f 613/613/3097 663/663/3097 664/664/3097
f 614/614/3098 664/664/3098 665/665/3098
f 615/615/3099 665/665/3099 666/666/3099
f 666/666/3100 667/667/3100 617/617/3100
f 617/617/3101 667/667/3101 668/668/3101
f 618/618/3102 668/668/3102 669/669/3102
f 619/619/3103 669/669/3103 670/670/3103
f 620/620/3104 670/670/3104 671/671/3104
f 671/671/3105 672/672/3105 622/622/3105
f 672/672/3106 673/673/3106 623/623/3106
f 673/673/3107 674/674/3107 624/624/3107
f 674/674/3108 675/675/3108 625/625/3108
f 625/625/3109 675/675/3109 676/676/3109
f 626/626/3110 676/676/3110 677/677/3110
f 627/627/3111 677/677/3111 678/678/3111
f 628/628/3112 678/678/3112 679/679/3112
f 629/629/3113 679/679/3113 680/680/3113
f 630/630/3114 680/680/3114 681/681/3114
f 631/631/3115 681/681/3115 682/682/3115
f 632/632/3116 682/682/3116 683/683/3116
f 633/633/3117 683/683/3117 684/684/3117
f 684/684/3118 685/685/3118 635/635/3118
f 685/685/3119 686/686/3119 636/636/3119
f 636/636/3120 686/686/3120 687/687/3120
f 637/637/3121 687/687/3121 688/688/3121
f 688/688/3122 689/689/3122 639/639/3122
f 689/689/3123 690/690/3123 640/640/3123
f 690/690/3124 691/691/3124 641/641/3124
f 691/691/3125 692/692/3125 642/642/3125
f 692/692/3126 693/693/3126 643/643/3126
f 643/643/3127 693/693/3127 694/694/3127
f 644/644/3128 694/694/3128 695/695/3128
f 645/645/3129 695/695/3129 696/696/3129
f 646/646/3130 696/696/3130 697/697/3130
f 697/697/3131 698/698/3131 648/648/3131
f 698/698/3132 699/699/3132 649/649/3132
f 699/699/3133 700/700/3133 650/650/3133
f 700/700/3134 701/701/3134 651/651/3134
f 701/701/3135 702/702/3135 652/652/3135
f 702/702/3136 703/703/3136 653/653/3136
f 703/703/3137 704/704/3137 654/654/3137
f 654/654/3138 704/704/3138 705/705/3138
f 655/655/3139 705/705/3139 706/706/3139
f 97/97/3140 96/96/3140 707/707/3140
f 657/657/3141 707/707/3141 708/708/3141
f 658/658/3142 708/708/3142 709/709/3142
f 659/659/3143 709/709/3143 710/710/3143
f 660/660/3144 710/710/3144 711/711/3144
f 661/661/3145 711/711/3145 712/712/3145
f 662/662/3146 712/712/3146 713/713/3146
f 663/663/3147 713/713/3147 714/714/3147
f 664/664/3148 714/714/3148 715/715/3148
f 665/665/3149 715/715/3149 716/716/3149
f 716/716/3150 717/717/3150 667/667/3150
f 667/667/3151 717/717/3151 718/718/3151
f 668/668/3152 718/718/3152 719/719/3152
f 669/669/3153 719/719/3153 720/720/3153
f 670/670/3154 720/720/3154 721/721/3154
f 721/721/3155 722/722/3155 672/672/3155
f 722/722/3156 723/723/3156 673/673/3156
f 723/723/3157 724/724/3157 674/674/3157
f 724/724/3158 725/725/3158 675/675/3158
f 675/675/3159 725/725/3159 726/726/3159
f 676/676/3160 726/726/3160 727/727/3160
f 677/677/3161 727/727/3161 728/728/3161
f 678/678/3162 728/728/3162 729/729/3162
f 679/679/3163 729/729/3163 730/730/3163
f 680/680/3164 730/730/3164 731/731/3164
f 681/681/3165 731/731/3165 732/732/3165
f 682/682/3166 732/732/3166 733/733/3166
f 683/683/3167 733/733/3167 734/734/3167
f 734/734/3168 735/735/3168 685/685/3168
f 735/735/3169 736/736/3169 686/686/3169
f 686/686/3170 736/736/3170 737/737/3170
f 687/687/3171 737/737/3171 738/738/3171
f 738/738/3172 739/739/3172 689/689/3172
f 739/739/3173 740/740/3173 690/690/3173
f 740/740/3174 741/741/3174 691/691/3174
f 741/741/3175 742/742/3175 692/692/3175
f 692/692/3176 742/742/3176 743/743/3176
f 743/743/3177 744/744/3177 694/694/3177
f 744/744/3178 745/745/3178 695/695/3178
f 745/745/3179 746/746/3179 696/696/3179
f 746/746/3180 747/747/3180 697/697/3180
f 747/747/3181 748/748/3181 698/698/3181
f 748/748/3182 749/749/3182 699/699/3182
f 749/749/3183 750/750/3183 700/700/3183
f 750/750/3184 751/751/3184 701/701/3184
f 751/751/3185 752/752/3185 702/702/3185
f 752/752/3186 753/753/3186 703/703/3186
f 703/703/3187 753/753/3187 754/754/3187
f 704/704/3188 754/754/3188 755/755/3188
f 705/705/3189 755/755/3189 756/756/3189
f 96/96/3190 95/95/3190 757/757/3190
f 707/707/3191 757/757/3191 758/758/3191
f 758/758/3192 759/759/3192 709/709/3192
f 759/759/3193 760/760/3193 710/710/3193
f 710/710/3194 760/760/3194 761/761/3194
f 711/711/3195 761/761/3195 762/762/3195
f 712/712/3196 762/762/3196 763/763/3196
f 713/713/3197 763/763/3197 764/764/3197
f 714/714/3198 764/764/3198 765/765/3198
f 715/715/3199 765/765/3199 766/766/3199
f 716/716/3200 766/766/3200 767/767/3200
f 717/717/3201 767/767/3201 768/768/3201
f 718/718/3202 768/768/3202 769/769/3202
f 719/719/3203 769/769/3203 770/770/3203
f 770/770/3204 771/771/3204 721/721/3204
f 771/771/3205 772/772/3205 722/722/3205
f 772/772/3206 773/773/3206 723/723/3206
f 773/773/3207 774/774/3207 724/724/3207
f 774/774/3208 775/775/3208 725/725/3208
f 775/775/3209 776/776/3209 726/726/3209
f 726/726/3210 776/776/3210 777/777/3210
f 727/727/3211 777/777/3211 778/778/3211
f 728/728/3212 778/778/3212 779/779/3212
f 729/729/3213 779/779/3213 780/780/3213
f 730/730/3214 780/780/3214 781/781/3214
f 731/731/3215 781/781/3215 782/782/3215
f 732/732/3216 782/782/3216 783/783/3216
f 733/733/3217 783/783/3217 784/784/3217
f 784/784/3218 785/785/3218 735/735/3218
f 785/785/3219 786/786/3219 736/736/3219
f 786/786/3220 787/787/3220 737/737/3220
f 737/737/3221 787/787/3221 788/788/3221
f 788/788/3222 789/789/3222 739/739/3222
f 789/789/3223 790/790/3223 740/740/3223
f 790/790/3224 791/791/3224 741/741/3224
f 791/791/3225 792/792/3225 742/742/3225
f 742/742/3226 792/792/3226 793/793/3226
f 743/743/3227 793/793/3227 794/794/3227
f 794/794/3228 795/795/3228 745/745/3228
f 745/745/3229 795/795/3229 796/796/3229
f 796/796/3230 797/797/3230 747/747/3230
f 797/797/3231 798/798/3231 748/748/3231
f 798/798/3232 799/799/3232 749/749/3232
f 799/799/3233 800/800/3233 750/750/3233
f 800/800/3234 801/801/3234 751/751/3234
f 801/801/3235 802/802/3235 752/752/3235
f 752/752/3236 802/802/3236 803/803/3236
f 803/803/3237 804/804/3237 754/754/3237
f 804/804/3238 805/805/3238 755/755/3238
f 805/805/3239 806/806/3239 756/756/3239
f 95/95/696 94/94/696 807/807/696
f 807/807/3240 808/808/3240 758/758/3240
f 758/758/3241 808/808/3241 809/809/3241
f 759/759/3242 809/809/3242 810/810/3242
f 760/760/3243 810/810/3243 811/811/3243
f 811/811/3244 812/812/3244 762/762/3244
f 812/812/3245 813/813/3245 763/763/3245
f 813/813/3246 814/814/3246 764/764/3246
f 814/814/3247 815/815/3247 765/765/3247
f 815/815/3248 816/816/3248 766/766/3248
f 766/766/3249 816/816/3249 817/817/3249
f 767/767/3250 817/817/3250 818/818/3250
f 768/768/3251 818/818/3251 819/819/3251
f 769/769/3252 819/819/3252 820/820/3252
f 820/820/3253 821/821/3253 771/771/3253
f 821/821/3254 822/822/3254 772/772/3254
f 822/822/3255 823/823/3255 773/773/3255
f 823/823/3256 824/824/3256 774/774/3256
f 774/774/3257 824/824/3257 825/825/3257
f 825/825/3258 826/826/3258 776/776/3258
f 776/776/3259 826/826/3259 827/827/3259
f 827/827/3260 828/828/3260 778/778/3260
f 778/778/3261 828/828/3261 829/829/3261
f 779/779/3262 829/829/3262 830/830/3262
f 780/780/3263 830/830/3263 831/831/3263
f 781/781/3264 831/831/3264 832/832/3264
f 782/782/3265 832/832/3265 833/833/3265
f 783/783/3266 833/833/3266 834/834/3266
f 784/784/3267 834/834/3267 835/835/3267
f 835/835/3268 836/836/3268 786/786/3268
f 836/836/3269 837/837/3269 787/787/3269
f 787/787/3270 837/837/3270 838/838/3270
f 788/788/3271 838/838/3271 839/839/3271
f 789/789/3272 839/839/3272 840/840/3272
f 790/790/3273 840/840/3273 841/841/3273
f 791/791/3274 841/841/3274 842/842/3274
f 842/842/3275 843/843/3275 793/793/3275
f 843/843/3276 844/844/3276 794/794/3276
f 844/844/3277 845/845/3277 795/795/3277
f 845/845/3278 846/846/3278 796/796/3278
f 846/846/3279 847/847/3279 797/797/3279
f 847/847/3280 848/848/3280 798/798/3280
f 848/848/3281 849/849/3281 799/799/3281
f 849/849/3282 850/850/3282 800/800/3282
f 850/850/3283 851/851/3283 801/801/3283
f 801/801/3284 851/851/3284 852/852/3284
f 802/802/3285 852/852/3285 853/853/3285
f 853/853/3286 854/854/3286 804/804/3286
f 854/854/3287 855/855/3287 805/805/3287
f 855/855/3288 856/856/3288 806/806/3288
f 93/93/3289 857/857/3289 807/807/3289
f 857/857/3290 858/858/3290 808/808/3290
f 858/858/3291 859/859/3291 809/809/3291
f 809/809/3292 859/859/3292 860/860/3292
f 810/810/3293 860/860/3293 861/861/3293
f 861/861/3294 862/862/3294 812/812/3294
f 862/862/3295 863/863/3295 813/813/3295
f 863/863/3296 864/864/3296 814/814/3296
f 864/864/3297 865/865/3297 815/815/3297
f 865/865/3298 866/866/3298 816/816/3298
f 816/816/3299 866/866/3299 867/867/3299
f 817/817/3300 867/867/3300 868/868/3300
f 818/818/3301 868/868/3301 869/869/3301
f 819/819/3302 869/869/3302 870/870/3302
f 820/820/3303 870/870/3303 871/871/3303
f 821/821/3304 871/871/3304 872/872/3304
f 822/822/3305 872/872/3305 873/873/3305
f 823/823/3306 873/873/3306 874/874/3306
f 824/824/3307 874/874/3307 875/875/3307
f 825/825/3308 875/875/3308 876/876/3308
f 826/826/3309 876/876/3309 877/877/3309
f 877/877/3310 878/878/3310 828/828/3310
f 828/828/3311 878/878/3311 879/879/3311
f 879/879/3312 880/880/3312 830/830/3312
f 880/880/3313 881/881/3313 831/831/3313
f 881/881/3314 882/882/3314 832/832/3314
f 832/832/3315 882/882/3315 883/883/3315
f 833/833/3316 883/883/3316 884/884/3316
f 884/884/3317 885/885/3317 835/835/3317
f 885/885/3318 886/886/3318 836/836/3318
f 836/836/3319 886/886/3319 887/887/3319
f 837/837/3320 887/887/3320 888/888/3320
f 838/838/3321 888/888/3321 889/889/3321
f 839/839/3322 889/889/3322 890/890/3322
f 840/840/3323 890/890/3323 891/891/3323
f 841/841/3324 891/891/3324 892/892/3324
f 842/842/3325 892/892/3325 893/893/3325
f 843/843/3326 893/893/3326 894/894/3326
f 844/844/3327 894/894/3327 895/895/3327
f 895/895/3328 896/896/3328 846/846/3328
f 896/896/3329 897/897/3329 847/847/3329
f 897/897/3330 898/898/3330 848/848/3330
f 898/898/3331 899/899/3331 849/849/3331
f 899/899/3332 900/900/3332 850/850/3332
f 900/900/3333 901/901/3333 851/851/3333
f 901/901/3334 902/902/3334 852/852/3334
f 902/902/3335 903/903/3335 853/853/3335
f 903/903/3336 904/904/3336 854/854/3336
f 904/904/3337 905/905/3337 855/855/3337
f 905/905/3338 906/906/3338 856/856/3338
f 92/92/3339 907/907/3339 857/857/3339
f 857/857/3340 907/907/3340 908/908/3340
f 908/908/3341 909/909/3341 859/859/3341
f 909/909/3342 910/910/3342 860/860/3342
f 860/860/3343 910/910/3343 911/911/3343
f 911/911/3344 912/912/3344 862/862/3344
f 912/912/3345 913/913/3345 863/863/3345
f 913/913/3346 914/914/3346 864/864/3346
f 914/914/3347 915/915/3347 865/865/3347
f 915/915/3348 916/916/3348 866/866/3348
f 866/866/3349 916/916/3349 917/917/3349
f 867/867/3350 917/917/3350 918/918/3350
f 868/868/3351 918/918/3351 919/919/3351
f 869/869/3352 919/919/3352 920/920/3352
f 870/870/3353 920/920/3353 921/921/3353
f 871/871/3354 921/921/3354 922/922/3354
f 872/872/3355 922/922/3355 923/923/3355
f 873/873/3356 923/923/3356 924/924/3356
f 874/874/3357 924/924/3357 925/925/3357
f 875/875/3358 925/925/3358 926/926/3358
f 876/876/3359 926/926/3359 927/927/3359
f 877/877/3360 927/927/3360 928/928/3360
f 928/928/3361 929/929/3361 879/879/3361
f 929/929/3362 930/930/3362 880/880/3362
f 930/930/3363 931/931/3363 881/881/3363
f 931/931/3364 932/932/3364 882/882/3364
f 932/932/3365 933/933/3365 883/883/3365
f 883/883/3366 933/933/3366 934/934/3366
f 884/884/3367 934/934/3367 935/935/3367
f 935/935/3368 936/936/3368 886/886/3368
f 936/936/3369 937/937/3369 887/887/3369
f 937/937/3370 938/938/3370 888/888/3370
f 888/888/3371 938/938/3371 939/939/3371
f 889/889/3372 939/939/3372 940/940/3372
f 940/940/3373 941/941/3373 891/891/3373
f 941/941/3374 942/942/3374 892/892/3374
f 892/892/3375 942/942/3375 943/943/3375
f 893/893/3376 943/943/3376 944/944/3376
f 894/894/3377 944/944/3377 945/945/3377
f 945/945/3378 946/946/3378 896/896/3378
f 946/946/3379 947/947/3379 897/897/3379
f 947/947/3380 948/948/3380 898/898/3380
f 948/948/3381 949/949/3381 899/899/3381
f 949/949/3382 950/950/3382 900/900/3382
f 950/950/3383 951/951/3383 901/901/3383
f 951/951/3384 952/952/3384 902/902/3384
f 952/952/3385 953/953/3385 903/903/3385
f 903/903/3386 953/953/3386 954/954/3386
f 904/904/3387 954/954/3387 955/955/3387
f 955/955/3388 956/956/3388 906/906/3388
f 91/91/3389 957/957/3389 907/907/3389
f 907/907/3390 957/957/3390 958/958/3390
f 958/958/3391 959/959/3391 909/909/3391
f 959/959/3392 960/960/3392 910/910/3392
f 960/960/3393 961/961/3393 911/911/3393
f 961/961/3394 962/962/3394 912/912/3394
f 962/962/3395 963/963/3395 913/913/3395
f 963/963/3396 964/964/3396 914/914/3396
f 964/964/3397 965/965/3397 915/915/3397
f 965/965/3398 966/966/3398 916/916/3398
f 916/916/3399 966/966/3399 967/967/3399
f 917/917/3400 967/967/3400 968/968/3400
f 918/918/3401 968/968/3401 969/969/3401
f 919/919/3402 969/969/3402 970/970/3402
f 920/920/3403 970/970/3403 971/971/3403
f 921/921/3404 971/971/3404 972/972/3404
f 922/922/3405 972/972/3405 973/973/3405
f 923/923/3406 973/973/3406 974/974/3406
f 924/924/3407 974/974/3407 975/975/3407
f 925/925/3408 975/975/3408 976/976/3408
f 926/926/3409 976/976/3409 977/977/3409
f 927/927/3410 977/977/3410 978/978/3410
f 978/978/3411 979/979/3411 929/929/3411
f 979/979/3412 980/980/3412 930/930/3412
f 980/980/3413 981/981/3413 931/931/3413
f 981/981/3414 982/982/3414 932/932/3414
f 932/932/3415 982/982/3415 983/983/3415
f 933/933/3416 983/983/3416 984/984/3416
f 934/934/3417 984/984/3417 985/985/3417
f 985/985/3418 986/986/3418 936/936/3418
f 986/986/3419 987/987/3419 937/937/3419
f 987/987/3420 988/988/3420 938/938/3420
f 988/988/3421 989/989/3421 939/939/3421
f 989/989/3422 990/990/3422 940/940/3422
f 990/990/3423 991/991/3423 941/941/3423
f 991/991/3424 992/992/3424 942/942/3424
f 942/942/3425 992/992/3425 993/993/3425
f 943/943/3426 993/993/3426 994/994/3426
f 944/944/3427 994/994/3427 995/995/3427
f 945/945/3428 995/995/3428 996/996/3428
f 946/946/3429 996/996/3429 997/997/3429
f 947/947/3430 997/997/3430 998/998/3430
f 948/948/3431 998/998/3431 999/999/3431
f 999/999/3432 1000/1000/3432 950/950/3432
f 1000/1000/3433 1001/1001/3433 951/951/3433
f 1001/1001/3434 1002/1002/3434 952/952/3434
f 1002/1002/3435 1003/1003/3435 953/953/3435
f 953/953/3436 1003/1003/3436 1004/1004/3436
f 954/954/3437 1004/1004/3437 1005/1005/3437
f 955/955/3438 1005/1005/3438 1006/1006/3438
f 90/90/3439 1007/1007/3439 957/957/3439
f 957/957/3440 1007/1007/3440 1008/1008/3440
f 1008/1008/3441 1009/1009/3441 959/959/3441
f 1009/1009/3442 1010/1010/3442 960/960/3442
f 1010/1010/3443 1011/1011/3443 961/961/3443
f 1011/1011/3444 1012/1012/3444 962/962/3444
f 1012/1012/3445 1013/1013/3445 963/963/3445
f 1013/1013/3446 1014/1014/3446 964/964/3446
f 1014/1014/3447 1015/1015/3447 965/965/3447
f 1015/1015/3448 1016/1016/3448 966/966/3448
f 966/966/3449 1016/1016/3449 1017/1017/3449
f 967/967/3450 1017/1017/3450 1018/1018/3450
f 968/968/3451 1018/1018/3451 1019/1019/3451
f 969/969/3452 1019/1019/3452 1020/1020/3452
f 970/970/3453 1020/1020/3453 1021/1021/3453
f 971/971/3454 1021/1021/3454 1022/1022/3454
f 972/972/3455 1022/1022/3455 1023/1023/3455
f 973/973/3456 1023/1023/3456 1024/1024/3456
f 974/974/3457 1024/1024/3457 1025/1025/3457
f 975/975/3458 1025/1025/3458 1026/1026/3458
f 976/976/3459 1026/1026/3459 1027/1027/3459
f 977/977/3460 1027/1027/3460 1028/1028/3460
f 1028/1028/3461 1029/1029/3461 979/979/3461
f 1029/1029/3462 1030/1030/3462 980/980/3462
f 1030/1030/3463 1031/1031/3463 981/981/3463
f 1031/1031/3464 1032/1032/3464 982/982/3464
f 982/982/3465 1032/1032/3465 1033/1033/3465
f 983/983/3466 1033/1033/3466 1034/1034/3466
f 984/984/3467 1034/1034/3467 1035/1035/3467
f 1035/1035/3468 1036/1036/3468 986/986/3468
f 1036/1036/3469 1037/1037/3469 987/987/3469
f 1037/1037/3470 1038/1038/3470 988/988/3470
f 988/988/3471 1038/1038/3471 1039/1039/3471
f 1039/1039/3472 1040/1040/3472 990/990/3472
f 1040/1040/3473 1041/1041/3473 991/991/3473
f 1041/1041/3474 1042/1042/3474 992/992/3474
f 992/992/3475 1042/1042/3475 1043/1043/3475
f 993/993/3476 1043/1043/3476 1044/1044/3476
f 994/994/3477 1044/1044/3477 1045/1045/3477
f 995/995/3478 1045/1045/3478 1046/1046/3478
f 1046/1046/3479 1047/1047/3479 997/997/3479
f 1047/1047/3480 1048/1048/3480 998/998/3480
f 998/998/3481 1048/1048/3481 1049/1049/3481
f 1049/1049/3482 1050/1050/3482 1000/1000/3482
f 1050/1050/3483 1051/1051/3483 1001/1001/3483
f 1051/1051/3484 1052/1052/3484 1002/1002/3484
f 1052/1052/3485 1053/1053/3485 1003/1003/3485
f 1053/1053/3486 1054/1054/3486 1004/1004/3486
f 1004/1004/3487 1054/1054/3487 1055/1055/3487
f 1005/1005/3488 1055/1055/3488 1056/1056/3488
f 90/90/3489 89/89/3489 1057/1057/3489
f 1057/1057/3490 1058/1058/3490 1008/1008/3490
f 1058/1058/3491 1059/1059/3491 1009/1009/3491
f 1059/1059/3492 1060/1060/3492 1010/1010/3492
f 1060/1060/3493 1061/1061/3493 1011/1011/3493
f 1061/1061/3494 1062/1062/3494 1012/1012/3494
f 1062/1062/3495 1063/1063/3495 1013/1013/3495
f 1013/1013/3496 1063/1063/3496 1064/1064/3496
f 1014/1014/3497 1064/1064/3497 1065/1065/3497
f 1015/1015/3498 1065/1065/3498 1066/1066/3498
f 1066/1066/3499 1067/1067/3499 1017/1017/3499
f 1017/1017/3500 1067/1067/3500 1068/1068/3500
f 1018/1018/3501 1068/1068/3501 1069/1069/3501
f 1019/1019/3502 1069/1069/3502 1070/1070/3502
f 1020/1020/3503 1070/1070/3503 1071/1071/3503
f 1021/1021/3504 1071/1071/3504 1072/1072/3504
f 1022/1022/3505 1072/1072/3505 1073/1073/3505
f 1023/1023/3506 1073/1073/3506 1074/1074/3506
f 1024/1024/3507 1074/1074/3507 1075/1075/3507
f 1025/1025/3508 1075/1075/3508 1076/1076/3508
f 1026/1026/3509 1076/1076/3509 1077/1077/3509
f 1027/1027/3510 1077/1077/3510 1078/1078/3510
f 1078/1078/3511 1079/1079/3511 1029/1029/3511
f 1079/1079/3512 1080/1080/3512 1030/1030/3512
f 1080/1080/3513 1081/1081/3513 1031/1031/3513
f 1081/1081/3514 1082/1082/3514 1032/1032/3514
f 1082/1082/3515 1083/1083/3515 1033/1033/3515
f 1033/1033/3516 1083/1083/3516 1084/1084/3516
f 1034/1034/3517 1084/1084/3517 1085/1085/3517
f 1085/1085/3518 1086/1086/3518 1036/1036/3518
f 1086/1086/3519 1087/1087/3519 1037/1037/3519
f 1037/1037/3520 1087/1087/3520 1088/1088/3520
f 1038/1038/3521 1088/1088/3521 1089/1089/3521
f 1089/1089/3522 1090/1090/3522 1040/1040/3522
f 1090/1090/3523 1091/1091/3523 1041/1041/3523
f 1091/1091/3524 1092/1092/3524 1042/1042/3524
f 1042/1042/3525 1092/1092/3525 1093/1093/3525
f 1043/1043/3526 1093/1093/3526 1094/1094/3526
f 1044/1044/3527 1094/1094/3527 1095/1095/3527
f 1045/1045/3528 1095/1095/3528 1096/1096/3528
f 1046/1046/3529 1096/1096/3529 1097/1097/3529
f 1097/1097/3530 1098/1098/3530 1048/1048/3530
f 1098/1098/3531 1099/1099/3531 1049/1049/3531
f 1099/1099/3532 1100/1100/3532 1050/1050/3532
f 1100/1100/3533 1101/1101/3533 1051/1051/3533
f 1101/1101/3534 1102/1102/3534 1052/1052/3534
f 1102/1102/3535 1103/1103/3535 1053/1053/3535
f 1103/1103/3536 1104/1104/3536 1054/1054/3536
f 1054/1054/3537 1104/1104/3537 1105/1105/3537
f 1055/1055/3538 1105/1105/3538 1106/1106/3538
f 89/89/3539 88/88/3539 1107/1107/3539
f 1107/1107/3540 1108/1108/3540 1058/1058/3540
f 1108/1108/3541 1109/1109/3541 1059/1059/3541
f 1109/1109/3542 1110/1110/3542 1060/1060/3542
f 1110/1110/3543 1111/1111/3543 1061/1061/3543
f 1111/1111/3544 1112/1112/3544 1062/1062/3544
f 1112/1112/3545 1113/1113/3545 1063/1063/3545
f 1063/1063/3546 1113/1113/3546 1114/1114/3546
f 1064/1064/3547 1114/1114/3547 1115/1115/3547
f 1065/1065/3548 1115/1115/3548 1116/1116/3548
f 1066/1066/3549 1116/1116/3549 1117/1117/3549
f 1117/1117/3550 1118/1118/3550 1068/1068/3550
f 1068/1068/3551 1118/1118/3551 1119/1119/3551
f 1069/1069/3552 1119/1119/3552 1120/1120/3552
f 1070/1070/3553 1120/1120/3553 1121/1121/3553
f 1071/1071/3554 1121/1121/3554 1122/1122/3554
f 1072/1072/3555 1122/1122/3555 1123/1123/3555
f 1073/1073/3556 1123/1123/3556 1124/1124/3556
f 1074/1074/3557 1124/1124/3557 1125/1125/3557
f 1075/1075/3558 1125/1125/3558 1126/1126/3558
f 1076/1076/3559 1126/1126/3559 1127/1127/3559
f 1077/1077/3560 1127/1127/3560 1128/1128/3560
f 1128/1128/3561 1129/1129/3561 1079/1079/3561
f 1129/1129/3562 1130/1130/3562 1080/1080/3562
f 1130/1130/3563 1131/1131/3563 1081/1081/3563
f 1131/1131/3564 1132/1132/3564 1082/1082/3564
f 1132/1132/3565 1133/1133/3565 1083/1083/3565
f 1083/1083/3566 1133/1133/3566 1134/1134/3566
f 1084/1084/3567 1134/1134/3567 1135/1135/3567
f 1085/1085/3568 1135/1135/3568 1136/1136/3568
f 1136/1136/3569 1137/1137/3569 1087/1087/3569
f 1087/1087/3570 1137/1137/3570 1138/1138/3570
f 1138/1138/3571 1139/1139/3571 1089/1089/3571
f 1139/1139/3572 1140/1140/3572 1090/1090/3572
f 1090/1090/3573 1140/1140/3573 1141/1141/3573
f 1141/1141/3574 1142/1142/3574 1092/1092/3574
f 1142/1142/3575 1143/1143/3575 1093/1093/3575
f 1143/1143/3576 1144/1144/3576 1094/1094/3576
f 1094/1094/3577 1144/1144/3577 1145/1145/3577
f 1095/1095/3578 1145/1145/3578 1146/1146/3578
f 1096/1096/3579 1146/1146/3579 1147/1147/3579
f 1147/1147/3580 1148/1148/3580 1098/1098/3580
f 1148/1148/3581 1149/1149/3581 1099/1099/3581
f 1149/1149/3582 1150/1150/3582 1100/1100/3582
f 1150/1150/3583 1151/1151/3583 1101/1101/3583
f 1151/1151/3584 1152/1152/3584 1102/1102/3584
f 1152/1152/3585 1153/1153/3585 1103/1103/3585
f 1153/1153/3586 1154/1154/3586 1104/1104/3586
f 1104/1104/3587 1154/1154/3587 1155/1155/3587
f 1105/1105/3588 1155/1155/3588 1156/1156/3588
f 88/88/3589 87/87/3589 1157/1157/3589
f 1157/1157/3590 1158/1158/3590 1108/1108/3590
f 1158/1158/3591 1159/1159/3591 1109/1109/3591
f 1159/1159/3592 1160/1160/3592 1110/1110/3592
f 1160/1160/3593 1161/1161/3593 1111/1111/3593
f 1111/1111/3594 1161/1161/3594 1162/1162/3594
f 1112/1112/3595 1162/1162/3595 1163/1163/3595
f 1113/1113/3596 1163/1163/3596 1164/1164/3596
f 1114/1114/3597 1164/1164/3597 1165/1165/3597
f 1115/1115/3598 1165/1165/3598 1166/1166/3598
f 1116/1116/3599 1166/1166/3599 1167/1167/3599
f 1117/1117/3600 1167/1167/3600 1168/1168/3600
f 1168/1168/3601 1169/1169/3601 1119/1119/3601
f 1119/1119/3602 1169/1169/3602 1170/1170/3602
f 1120/1120/3603 1170/1170/3603 1171/1171/3603
f 1121/1121/3604 1171/1171/3604 1172/1172/3604
f 1172/1172/3605 1173/1173/3605 1123/1123/3605
f 1173/1173/3606 1174/1174/3606 1124/1124/3606
f 1174/1174/3607 1175/1175/3607 1125/1125/3607
f 1125/1125/3608 1175/1175/3608 1176/1176/3608
f 1126/1126/3609 1176/1176/3609 1177/1177/3609
f 1127/1127/3610 1177/1177/3610 1178/1178/3610
f 1128/1128/3611 1178/1178/3611 1179/1179/3611
f 1179/1179/3612 1180/1180/3612 1130/1130/3612
f 1180/1180/3613 1181/1181/3613 1131/1131/3613
f 1181/1181/3614 1182/1182/3614 1132/1132/3614
f 1182/1182/3615 1183/1183/3615 1133/1133/3615
f 1133/1133/3616 1183/1183/3616 1184/1184/3616
f 1134/1134/3617 1184/1184/3617 1185/1185/3617
f 1135/1135/3618 1185/1185/3618 1186/1186/3618
f 1186/1186/3619 1187/1187/3619 1137/1137/3619
f 1187/1187/3620 1188/1188/3620 1138/1138/3620
f 1188/1188/3621 1189/1189/3621 1139/1139/3621
f 1189/1189/3622 1190/1190/3622 1140/1140/3622
f 1140/1140/3623 1190/1190/3623 1191/1191/3623
f 1191/1191/3624 1192/1192/3624 1142/1142/3624
f 1192/1192/3625 1193/1193/3625 1143/1143/3625
f 1193/1193/3626 1194/1194/3626 1144/1144/3626
f 1144/1144/3627 1194/1194/3627 1195/1195/3627
f 1145/1145/3628 1195/1195/3628 1196/1196/3628
f 1146/1146/3629 1196/1196/3629 1197/1197/3629
f 1197/1197/3630 1198/1198/3630 1148/1148/3630
f 1198/1198/3631 1199/1199/3631 1149/1149/3631
f 1199/1199/1039 1200/1200/1039 1150/1150/1039
f 1200/1200/3632 1201/1201/3632 1151/1151/3632
f 1201/1201/3633 1202/1202/3633 1152/1152/3633
f 1202/1202/3634 1203/1203/3634 1153/1153/3634
f 1203/1203/3635 1204/1204/3635 1154/1154/3635
f 1154/1154/3636 1204/1204/3636 1205/1205/3636
f 1155/1155/3637 1205/1205/3637 1206/1206/3637
f 87/87/3638 86/86/3638 1207/1207/3638
f 1207/1207/3639 1208/1208/3639 1158/1158/3639
f 1208/1208/3640 1209/1209/3640 1159/1159/3640
f 1209/1209/3641 1210/1210/3641 1160/1160/3641
f 1160/1160/3642 1210/1210/3642 1211/1211/3642
f 1161/1161/3643 1211/1211/3643 1212/1212/3643
f 1162/1162/3644 1212/1212/3644 1213/1213/3644
f 1163/1163/3645 1213/1213/3645 1214/1214/3645
f 1214/1214/3646 1215/1215/3646 1165/1165/3646
f 1165/1165/3647 1215/1215/3647 1216/1216/3647
f 1166/1166/3648 1216/1216/3648 1217/1217/3648
f 1167/1167/3649 1217/1217/3649 1218/1218/3649
f 1218/1218/3650 1219/1219/3650 1169/1169/3650
f 1219/1219/3651 1220/1220/3651 1170/1170/3651
f 1220/1220/3652 1221/1221/3652 1171/1171/3652
f 1171/1171/3653 1221/1221/3653 1222/1222/3653
f 1222/1222/3654 1223/1223/3654 1173/1173/3654
f 1223/1223/3655 1224/1224/3655 1174/1174/3655
f 1224/1224/3656 1225/1225/3656 1175/1175/3656
f 1175/1175/3657 1225/1225/3657 1226/1226/3657
f 1176/1176/3658 1226/1226/3658 1227/1227/3658
f 1177/1177/3659 1227/1227/3659 1228/1228/3659
f 1178/1178/3660 1228/1228/3660 1229/1229/3660
f 1229/1229/3661 1230/1230/3661 1180/1180/3661
f 1230/1230/3662 1231/1231/3662 1181/1181/3662
f 1231/1231/3663 1232/1232/3663 1182/1182/3663
f 1182/1182/3664 1232/1232/3664 1233/1233/3664
f 1183/1183/3665 1233/1233/3665 1234/1234/3665
f 1184/1184/3666 1234/1234/3666 1235/1235/3666
f 1185/1185/3667 1235/1235/3667 1236/1236/3667
f 1236/1236/3668 1237/1237/3668 1187/1187/3668
f 1237/1237/3669 1238/1238/3669 1188/1188/3669
f 1238/1238/3670 1239/1239/3670 1189/1189/3670
f 1239/1239/3671 1240/1240/3671 1190/1190/3671
f 1240/1240/3672 1241/1241/3672 1191/1191/3672
f 1191/1191/3673 1241/1241/3673 1242/1242/3673
f 1192/1192/3674 1242/1242/3674 1243/1243/3674
f 1193/1193/3675 1243/1243/3675 1244/1244/3675
f 1194/1194/3676 1244/1244/3676 1245/1245/3676
f 1245/1245/3677 1246/1246/3677 1196/1196/3677
f 1246/1246/3678 1247/1247/3678 1197/1197/3678
f 1247/1247/3679 1248/1248/3679 1198/1198/3679
f 1248/1248/3680 1249/1249/3680 1199/1199/3680
f 1249/1249/3681 1250/1250/3681 1200/1200/3681
f 1250/1250/3682 1251/1251/3682 1201/1201/3682
f 1251/1251/3683 1252/1252/3683 1202/1202/3683
f 1252/1252/3684 1253/1253/3684 1203/1203/3684
f 1253/1253/3685 1254/1254/3685 1204/1204/3685
f 1204/1204/3686 1254/1254/3686 1255/1255/3686
f 1205/1205/3687 1255/1255/3687 1256/1256/3687
f 86/86/3688 85/85/3688 1257/1257/3688
f 1257/1257/3689 1258/1258/3689 1208/1208/3689
f 1258/1258/3690 1259/1259/3690 1209/1209/3690
f 1259/1259/3691 1260/1260/3691 1210/1210/3691
f 1210/1210/3692 1260/1260/3692 1261/1261/3692
f 1211/1211/3693 1261/1261/3693 1262/1262/3693
f 1212/1212/3694 1262/1262/3694 1263/1263/3694
f 1213/1213/3695 1263/1263/3695 1264/1264/3695
f 1214/1214/3696 1264/1264/3696 1265/1265/3696
f 1265/1265/3697 1266/1266/3697 1216/1216/3697
f 1266/1266/3698 1267/1267/3698 1217/1217/3698
f 1217/1217/3699 1267/1267/3699 1268/1268/3699
f 1268/1268/3700 1269/1269/3700 1219/1219/3700
f 1269/1269/3701 1270/1270/3701 1220/1220/3701
f 1270/1270/3702 1271/1271/3702 1221/1221/3702
f 1221/1221/3703 1271/1271/3703 1272/1272/3703
f 1272/1272/3704 1273/1273/3704 1223/1223/3704
f 1273/1273/3705 1274/1274/3705 1224/1224/3705
f 1274/1274/3706 1275/1275/3706 1225/1225/3706
f 1275/1275/3707 1276/1276/3707 1226/1226/3707
f 1226/1226/3708 1276/1276/3708 1277/1277/3708
f 1227/1227/3709 1277/1277/3709 1278/1278/3709
f 1228/1228/3710 1278/1278/3710 1279/1279/3710
f 1279/1279/3711 1280/1280/3711 1230/1230/3711
f 1280/1280/3712 1281/1281/3712 1231/1231/3712
f 1281/1281/3713 1282/1282/3713 1232/1232/3713
f 1232/1232/3714 1282/1282/3714 1283/1283/3714
f 1233/1233/3715 1283/1283/3715 1284/1284/3715
f 1234/1234/3716 1284/1284/3716 1285/1285/3716
f 1235/1235/3717 1285/1285/3717 1286/1286/3717
f 1236/1236/3718 1286/1286/3718 1287/1287/3718
f 1237/1237/3719 1287/1287/3719 1288/1288/3719
f 1238/1238/3720 1288/1288/3720 1289/1289/3720
f 1239/1239/3721 1289/1289/3721 1290/1290/3721
f 1240/1240/3722 1290/1290/3722 1291/1291/3722
f 1241/1241/3723 1291/1291/3723 1292/1292/3723
f 1242/1242/3724 1292/1292/3724 1293/1293/3724
f 1243/1243/3725 1293/1293/3725 1294/1294/3725
f 1244/1244/3726 1294/1294/3726 1295/1295/3726
f 1295/1295/3727 1296/1296/3727 1246/1246/3727
f 1296/1296/3728 1297/1297/3728 1247/1247/3728
f 1297/1297/3729 1298/1298/3729 1248/1248/3729
f 1298/1298/3730 1299/1299/3730 1249/1249/3730
f 1299/1299/3731 1300/1300/3731 1250/1250/3731
f 1300/1300/3732 1301/1301/3732 1251/1251/3732
f 1301/1301/3733 1302/1302/3733 1252/1252/3733
f 1302/1302/3734 1303/1303/3734 1253/1253/3734
f 1253/1253/3735 1303/1303/3735 1304/1304/3735
f 1304/1304/3736 1305/1305/3736 1255/1255/3736
f 1305/1305/3737 1306/1306/3737 1256/1256/3737
f 85/85/3738 84/84/3738 1307/1307/3738
f 1307/1307/3739 1308/1308/3739 1258/1258/3739
f 1308/1308/3740 1309/1309/3740 1259/1259/3740
f 1309/1309/3741 1310/1310/3741 1260/1260/3741
f 1260/1260/3742 1310/1310/3742 1311/1311/3742
f 1261/1261/3743 1311/1311/3743 1312/1312/3743
f 1262/1262/3744 1312/1312/3744 1313/1313/3744
f 1263/1263/3745 1313/1313/3745 1314/1314/3745
f 1264/1264/3746 1314/1314/3746 1315/1315/3746
f 1315/1315/3747 1316/1316/3747 1266/1266/3747
f 1316/1316/3748 1317/1317/3748 1267/1267/3748
f 1267/1267/3749 1317/1317/3749 1318/1318/3749
f 1318/1318/3750 1319/1319/3750 1269/1269/3750
f 1319/1319/3751 1320/1320/3751 1270/1270/3751
f 1320/1320/3752 1321/1321/3752 1271/1271/3752
f 1321/1321/3753 1322/1322/3753 1272/1272/3753
f 1322/1322/3754 1323/1323/3754 1273/1273/3754
f 1323/1323/3755 1324/1324/3755 1274/1274/3755
f 1324/1324/3756 1325/1325/3756 1275/1275/3756
f 1325/1325/3757 1326/1326/3757 1276/1276/3757
f 1276/1276/3758 1326/1326/3758 1327/1327/3758
f 1277/1277/3759 1327/1327/3759 1328/1328/3759
f 1278/1278/3760 1328/1328/3760 1329/1329/3760
f 1329/1329/3761 1330/1330/3761 1280/1280/3761
f 1330/1330/3762 1331/1331/3762 1281/1281/3762
f 1281/1281/3763 1331/1331/3763 1332/1332/3763
f 1282/1282/3764 1332/1332/3764 1333/1333/3764
f 1283/1283/3765 1333/1333/3765 1334/1334/3765
f 1284/1284/3766 1334/1334/3766 1335/1335/3766
f 1285/1285/3767 1335/1335/3767 1336/1336/3767
f 1286/1286/3768 1336/1336/3768 1337/1337/3768
f 1287/1287/3769 1337/1337/3769 1338/1338/3769
f 1288/1288/3770 1338/1338/3770 1339/1339/3770
f 1289/1289/3771 1339/1339/3771 1340/1340/3771
f 1290/1290/3772 1340/1340/3772 1341/1341/3772
f 1291/1291/3773 1341/1341/3773 1342/1342/3773
f 1292/1292/3774 1342/1342/3774 1343/1343/3774
f 1293/1293/3775 1343/1343/3775 1344/1344/3775
f 1294/1294/3776 1344/1344/3776 1345/1345/3776
f 1295/1295/3777 1345/1345/3777 1346/1346/3777
f 1296/1296/3778 1346/1346/3778 1347/1347/3778
f 1347/1347/3779 1348/1348/3779 1298/1298/3779
f 1348/1348/3780 1349/1349/3780 1299/1299/3780
f 1349/1349/3781 1350/1350/3781 1300/1300/3781
f 1350/1350/3782 1351/1351/3782 1301/1301/3782
f 1351/1351/3783 1352/1352/3783 1302/1302/3783
f 1302/1302/3784 1352/1352/3784 1353/1353/3784
f 1303/1303/3785 1353/1353/3785 1354/1354/3785
f 1354/1354/3786 1355/1355/3786 1305/1305/3786
f 1355/1355/3787 1356/1356/3787 1306/1306/3787
f 84/84/3788 83/83/3788 1357/1357/3788
f 1357/1357/3789 1358/1358/3789 1308/1308/3789
f 1358/1358/3790 1359/1359/3790 1309/1309/3790
f 1359/1359/3791 1360/1360/3791 1310/1310/3791
f 1310/1310/3792 1360/1360/3792 1361/1361/3792
f 1311/1311/3793 1361/1361/3793 1362/1362/3793
f 1312/1312/3794 1362/1362/3794 1363/1363/3794
f 1313/1313/3795 1363/1363/3795 1364/1364/3795
f 1314/1314/3796 1364/1364/3796 1365/1365/3796
f 1365/1365/3797 1366/1366/3797 1316/1316/3797
f 1366/1366/3798 1367/1367/3798 1317/1317/3798
f 1317/1317/3799 1367/1367/3799 1368/1368/3799
f 1318/1318/3800 1368/1368/3800 1369/1369/3800
f 1319/1319/3801 1369/1369/3801 1370/1370/3801
f 1370/1370/3802 1371/1371/3802 1321/1321/3802
f 1371/1371/3803 1372/1372/3803 1322/1322/3803
f 1372/1372/3804 1373/1373/3804 1323/1323/3804
f 1373/1373/3805 1374/1374/3805 1324/1324/3805
f 1374/1374/3806 1375/1375/3806 1325/1325/3806
f 1375/1375/3807 1376/1376/3807 1326/1326/3807
f 1326/1326/3808 1376/1376/3808 1377/1377/3808
f 1327/1327/3809 1377/1377/3809 1378/1378/3809
f 1328/1328/3810 1378/1378/3810 1379/1379/3810
f 1329/1329/3811 1379/1379/3811 1380/1380/3811
f 1330/1330/3812 1380/1380/3812 1381/1381/3812
f 1331/1331/3813 1381/1381/3813 1382/1382/3813
f 1332/1332/3814 1382/1382/3814 1383/1383/3814
f 1333/1333/3815 1383/1383/3815 1384/1384/3815
f 1334/1334/3816 1384/1384/3816 1385/1385/3816
f 1385/1385/3817 1386/1386/3817 1336/1336/3817
f 1386/1386/3818 1387/1387/3818 1337/1337/3818
f 1337/1337/3819 1387/1387/3819 1388/1388/3819
f 1338/1338/3820 1388/1388/3820 1389/1389/3820
f 1339/1339/3821 1389/1389/3821 1390/1390/3821
f 1340/1340/3822 1390/1390/3822 1391/1391/3822
f 1341/1341/3823 1391/1391/3823 1392/1392/3823
f 1342/1342/3824 1392/1392/3824 1393/1393/3824
f 1343/1343/3825 1393/1393/3825 1394/1394/3825
f 1344/1344/3826 1394/1394/3826 1395/1395/3826
f 1345/1345/3827 1395/1395/3827 1396/1396/3827
f 1346/1346/3828 1396/1396/3828 1397/1397/3828
f 1347/1347/3829 1397/1397/3829 1398/1398/3829
f 1348/1348/3830 1398/1398/3830 1399/1399/3830
f 1349/1349/3831 1399/1399/3831 1400/1400/3831
f 1350/1350/3832 1400/1400/3832 1401/1401/3832
f 1351/1351/3833 1401/1401/3833 1402/1402/3833
f 1352/1352/3834 1402/1402/3834 1403/1403/3834
f 1353/1353/3835 1403/1403/3835 1404/1404/3835
f 1404/1404/3836 1405/1405/3836 1355/1355/3836
f 1355/1355/3837 1405/1405/3837 1406/1406/3837
f 83/83/1296 82/82/1296 1407/1407/1296
f 1407/1407/3838 1408/1408/3838 1358/1358/3838
f 1408/1408/3839 1409/1409/3839 1359/1359/3839
f 1409/1409/3840 1410/1410/3840 1360/1360/3840
f 1360/1360/3841 1410/1410/3841 1411/1411/3841
f 1361/1361/3842 1411/1411/3842 1412/1412/3842
f 1362/1362/3843 1412/1412/3843 1413/1413/3843
f 1363/1363/3844 1413/1413/3844 1414/1414/3844
f 1364/1364/3845 1414/1414/3845 1415/1415/3845
f 1415/1415/3846 1416/1416/3846 1366/1366/3846
f 1366/1366/3847 1416/1416/3847 1417/1417/3847
f 1367/1367/3848 1417/1417/3848 1418/1418/3848
f 1368/1368/3849 1418/1418/3849 1419/1419/3849
f 1369/1369/3850 1419/1419/3850 1420/1420/3850
f 1420/1420/3851 1421/1421/3851 1371/1371/3851
f 1421/1421/3852 1422/1422/3852 1372/1372/3852
f 1422/1422/3853 1423/1423/3853 1373/1373/3853
f 1423/1423/3854 1424/1424/3854 1374/1374/3854
f 1424/1424/3855 1425/1425/3855 1375/1375/3855
f 1425/1425/3856 1426/1426/3856 1376/1376/3856
f 1426/1426/3857 1427/1427/3857 1377/1377/3857
f 1427/1427/3858 1428/1428/3858 1378/1378/3858
f 1428/1428/3859 1429/1429/3859 1379/1379/3859
f 1429/1429/3860 1430/1430/3860 1380/1380/3860
f 1380/1380/3861 1430/1430/3861 1431/1431/3861
f 1381/1381/3862 1431/1431/3862 1432/1432/3862
f 1382/1382/3863 1432/1432/3863 1433/1433/3863
f 1383/1383/3864 1433/1433/3864 1434/1434/3864
f 1384/1384/3865 1434/1434/3865 1435/1435/3865
f 1435/1435/3866 1436/1436/3866 1386/1386/3866
f 1436/1436/3867 1437/1437/3867 1387/1387/3867
f 1387/1387/3868 1437/1437/3868 1438/1438/3868
f 1388/1388/3869 1438/1438/3869 1439/1439/3869
f 1389/1389/3870 1439/1439/3870 1440/1440/3870
f 1390/1390/3871 1440/1440/3871 1441/1441/3871
f 1391/1391/3872 1441/1441/3872 1442/1442/3872
f 1392/1392/3873 1442/1442/3873 1443/1443/3873
f 1393/1393/3874 1443/1443/3874 1444/1444/3874
f 1444/1444/3875 1445/1445/3875 1395/1395/3875
f 1395/1395/3876 1445/1445/3876 1446/1446/3876
f 1396/1396/3877 1446/1446/3877 1447/1447/3877
f 1397/1397/3878 1447/1447/3878 1448/1448/3878
f 1398/1398/3879 1448/1448/3879 1449/1449/3879
f 1399/1399/3880 1449/1449/3880 1450/1450/3880
f 1400/1400/3881 1450/1450/3881 1451/1451/3881
f 1401/1401/3882 1451/1451/3882 1452/1452/3882
f 1402/1402/3883 1452/1452/3883 1453/1453/3883
f 1403/1403/3884 1453/1453/3884 1454/1454/3884
f 1454/1454/3885 1455/1455/3885 1405/1405/3885
f 1405/1405/3886 1455/1455/3886 1456/1456/3886
f 81/81/3887 1457/1457/3887 1407/1407/3887
f 1457/1457/3888 1458/1458/3888 1408/1408/3888
f 1458/1458/3889 1459/1459/3889 1409/1409/3889
f 1459/1459/3890 1460/1460/3890 1410/1410/3890
f 1410/1410/3891 1460/1460/3891 1461/1461/3891
f 1411/1411/3892 1461/1461/3892 1462/1462/3892
f 1412/1412/3893 1462/1462/3893 1463/1463/3893
f 1413/1413/3894 1463/1463/3894 1464/1464/3894
f 1464/1464/3895 1465/1465/3895 1415/1415/3895
f 1465/1465/3896 1466/1466/3896 1416/1416/3896
f 1416/1416/3897 1466/1466/3897 1467/1467/3897
f 1417/1417/3898 1467/1467/3898 1468/1468/3898
f 1418/1418/3899 1468/1468/3899 1469/1469/3899
f 1419/1419/3900 1469/1469/3900 1470/1470/3900
f 1470/1470/3901 1471/1471/3901 1421/1421/3901
f 1471/1471/3902 1472/1472/3902 1422/1422/3902
f 1472/1472/3903 1473/1473/3903 1423/1423/3903
f 1473/1473/3904 1474/1474/3904 1424/1424/3904
f 1424/1424/3905 1474/1474/3905 1475/1475/3905
f 1475/1475/3906 1476/1476/3906 1426/1426/3906
f 1476/1476/3907 1477/1477/3907 1427/1427/3907
f 1427/1427/3908 1477/1477/3908 1478/1478/3908
f 1478/1478/3909 1479/1479/3909 1429/1429/3909
f 1479/1479/3910 1480/1480/3910 1430/1430/3910
f 1430/1430/3911 1480/1480/3911 1481/1481/3911
f 1431/1431/3912 1481/1481/3912 1482/1482/3912
f 1432/1432/3913 1482/1482/3913 1483/1483/3913
f 1433/1433/3914 1483/1483/3914 1484/1484/3914
f 1434/1434/3915 1484/1484/3915 1485/1485/3915
f 1435/1435/3916 1485/1485/3916 1486/1486/3916
f 1436/1436/3917 1486/1486/3917 1487/1487/3917
f 1487/1487/3918 1488/1488/3918 1438/1438/3918
f 1438/1438/3919 1488/1488/3919 1489/1489/3919
f 1439/1439/3920 1489/1489/3920 1490/1490/3920
f 1440/1440/3921 1490/1490/3921 1491/1491/3921
f 1441/1441/3922 1491/1491/3922 1492/1492/3922
f 1442/1442/3923 1492/1492/3923 1493/1493/3923
f 1443/1443/3924 1493/1493/3924 1494/1494/3924
f 1494/1494/3925 1495/1495/3925 1445/1445/3925
f 1445/1445/3926 1495/1495/3926 1496/1496/3926
f 1446/1446/3927 1496/1496/3927 1497/1497/3927
f 1447/1447/3928 1497/1497/3928 1498/1498/3928
f 1448/1448/3929 1498/1498/3929 1499/1499/3929
f 1449/1449/3930 1499/1499/3930 1500/1500/3930
f 1450/1450/3931 1500/1500/3931 1501/1501/3931
f 1451/1451/3932 1501/1501/3932 1502/1502/3932
f 1452/1452/3933 1502/1502/3933 1503/1503/3933
f 1453/1453/3934 1503/1503/3934 1504/1504/3934
f 1504/1504/3935 1505/1505/3935 1455/1455/3935
f 1455/1455/3936 1505/1505/3936 1506/1506/3936
f 80/80/3937 1507/1507/3937 1457/1457/3937
f 1507/1507/3938 1508/1508/3938 1458/1458/3938
f 1508/1508/3939 1509/1509/3939 1459/1459/3939
f 1509/1509/3940 1510/1510/3940 1460/1460/3940
f 1510/1510/3941 1511/1511/3941 1461/1461/3941
f 1461/1461/3942 1511/1511/3942 1512/1512/3942
f 1462/1462/3943 1512/1512/3943 1513/1513/3943
f 1463/1463/3944 1513/1513/3944 1514/1514/3944
f 1514/1514/3945 1515/1515/3945 1465/1465/3945
f 1465/1465/3946 1515/1515/3946 1516/1516/3946
f 1466/1466/3947 1516/1516/3947 1517/1517/3947
f 1467/1467/3948 1517/1517/3948 1518/1518/3948
f 1468/1468/3949 1518/1518/3949 1519/1519/3949
f 1469/1469/3950 1519/1519/3950 1520/1520/3950
f 1520/1520/3951 1521/1521/3951 1471/1471/3951
f 1521/1521/3952 1522/1522/3952 1472/1472/3952
f 1522/1522/3953 1523/1523/3953 1473/1473/3953
f 1523/1523/3954 1524/1524/3954 1474/1474/3954
f 1524/1524/3955 1525/1525/3955 1475/1475/3955
f 1525/1525/3956 1526/1526/3956 1476/1476/3956
f 1526/1526/3957 1527/1527/3957 1477/1477/3957
f 1527/1527/3958 1528/1528/3958 1478/1478/3958
f 1528/1528/3959 1529/1529/3959 1479/1479/3959
f 1529/1529/3960 1530/1530/3960 1480/1480/3960
f 1480/1480/3961 1530/1530/3961 1531/1531/3961
f 1531/1531/3962 1532/1532/3962 1482/1482/3962
f 1532/1532/3963 1533/1533/3963 1483/1483/3963
f 1533/1533/3964 1534/1534/3964 1484/1484/3964
f 1534/1534/3965 1535/1535/3965 1485/1485/3965
f 1485/1485/3966 1535/1535/3966 1536/1536/3966
f 1486/1486/3967 1536/1536/3967 1537/1537/3967
f 1537/1537/3968 1538/1538/3968 1488/1488/3968
f 1538/1538/3969 1539/1539/3969 1489/1489/3969
f 1539/1539/3970 1540/1540/3970 1490/1490/3970
f 1490/1490/3971 1540/1540/3971 1541/1541/3971
f 1491/1491/3972 1541/1541/3972 1542/1542/3972
f 1542/1542/3973 1543/1543/3973 1493/1493/3973
f 1543/1543/3974 1544/1544/3974 1494/1494/3974
f 1544/1544/3975 1545/1545/3975 1495/1495/3975
f 1495/1495/3976 1545/1545/3976 1546/1546/3976
f 1496/1496/3977 1546/1546/3977 1547/1547/3977
f 1497/1497/3978 1547/1547/3978 1548/1548/3978
f 1498/1498/3979 1548/1548/3979 1549/1549/3979
f 1499/1499/3980 1549/1549/3980 1550/1550/3980
f 1500/1500/3981 1550/1550/3981 1551/1551/3981
f 1551/1551/3982 1552/1552/3982 1502/1502/3982
f 1552/1552/3983 1553/1553/3983 1503/1503/3983
f 1553/1553/3984 1554/1554/3984 1504/1504/3984
f 1554/1554/3985 1555/1555/3985 1505/1505/3985
f 1505/1505/3986 1555/1555/3986 1556/1556/3986
f 79/79/3987 1557/1557/3987 1507/1507/3987
f 1557/1557/3988 1558/1558/3988 1508/1508/3988
f 1558/1558/3989 1559/1559/3989 1509/1509/3989
f 1559/1559/3990 1560/1560/3990 1510/1510/3990
f 1560/1560/3991 1561/1561/3991 1511/1511/3991
f 1561/1561/3992 1562/1562/3992 1512/1512/3992
f 1512/1512/3993 1562/1562/3993 1563/1563/3993
f 1513/1513/3994 1563/1563/3994 1564/1564/3994
f 1514/1514/3995 1564/1564/3995 1565/1565/3995
f 1515/1515/3996 1565/1565/3996 1566/1566/3996
f 1516/1516/3997 1566/1566/3997 1567/1567/3997
f 1517/1517/3998 1567/1567/3998 1568/1568/3998
f 1518/1518/3999 1568/1568/3999 1569/1569/3999
f 1519/1519/4000 1569/1569/4000 1570/1570/4000
f 1570/1570/4001 1571/1571/4001 1521/1521/4001
f 1521/1521/4002 1571/1571/4002 1572/1572/4002
f 1522/1522/4003 1572/1572/4003 1573/1573/4003
f 1523/1523/4004 1573/1573/4004 1574/1574/4004
f 1574/1574/4005 1575/1575/4005 1525/1525/4005
f 1525/1525/4006 1575/1575/4006 1576/1576/4006
f 1576/1576/4007 1577/1577/4007 1527/1527/4007
f 1577/1577/4008 1578/1578/4008 1528/1528/4008
f 1578/1578/4009 1579/1579/4009 1529/1529/4009
f 1579/1579/4010 1580/1580/4010 1530/1530/4010
f 1580/1580/4011 1581/1581/4011 1531/1531/4011
f 1581/1581/4012 1582/1582/4012 1532/1532/4012
f 1582/1582/4013 1583/1583/4013 1533/1533/4013
f 1583/1583/4014 1584/1584/4014 1534/1534/4014
f 1584/1584/4015 1585/1585/4015 1535/1535/4015
f 1535/1535/4016 1585/1585/4016 1586/1586/4016
f 1536/1536/4017 1586/1586/4017 1587/1587/4017
f 1587/1587/4018 1588/1588/4018 1538/1538/4018
f 1588/1588/4019 1589/1589/4019 1539/1539/4019
f 1589/1589/4020 1590/1590/4020 1540/1540/4020
f 1590/1590/4021 1591/1591/4021 1541/1541/4021
f 1591/1591/4022 1592/1592/4022 1542/1542/4022
f 1592/1592/4023 1593/1593/4023 1543/1543/4023
f 1593/1593/4024 1594/1594/4024 1544/1544/4024
f 1594/1594/4025 1595/1595/4025 1545/1545/4025
f 1545/1545/4026 1595/1595/4026 1596/1596/4026
f 1546/1546/4027 1596/1596/4027 1597/1597/4027
f 1547/1547/4028 1597/1597/4028 1598/1598/4028
f 1548/1548/4029 1598/1598/4029 1599/1599/4029
f 1549/1549/4030 1599/1599/4030 1600/1600/4030
f 1550/1550/4031 1600/1600/4031 1601/1601/4031
f 1601/1601/4032 1602/1602/4032 1552/1552/4032
f 1602/1602/4033 1603/1603/4033 1553/1553/4033
f 1603/1603/4034 1604/1604/4034 1554/1554/4034
f 1604/1604/4035 1605/1605/4035 1555/1555/4035
f 1605/1605/4036 1606/1606/4036 1556/1556/4036
f 78/78/4037 1607/1607/4037 1557/1557/4037
f 1607/1607/4038 1608/1608/4038 1558/1558/4038
f 1608/1608/4039 1609/1609/4039 1559/1559/4039
f 1609/1609/4040 1610/1610/4040 1560/1560/4040
f 1610/1610/4041 1611/1611/4041 1561/1561/4041
f 1611/1611/4042 1612/1612/4042 1562/1562/4042
f 1612/1612/4043 1613/1613/4043 1563/1563/4043
f 1563/1563/4044 1613/1613/4044 1614/1614/4044
f 1564/1564/4045 1614/1614/4045 1615/1615/4045
f 1565/1565/4046 1615/1615/4046 1616/1616/4046
f 1566/1566/4047 1616/1616/4047 1617/1617/4047
f 1617/1617/4048 1618/1618/4048 1568/1568/4048
f 1618/1618/4049 1619/1619/4049 1569/1569/4049
f 1619/1619/4050 1620/1620/4050 1570/1570/4050
f 1570/1570/4051 1620/1620/4051 1621/1621/4051
f 1571/1571/4052 1621/1621/4052 1622/1622/4052
f 1572/1572/4053 1622/1622/4053 1623/1623/4053
f 1573/1573/4054 1623/1623/4054 1624/1624/4054
f 1624/1624/4055 1625/1625/4055 1575/1575/4055
f 1575/1575/4056 1625/1625/4056 1626/1626/4056
f 1626/1626/4057 1627/1627/4057 1577/1577/4057
f 1627/1627/4058 1628/1628/4058 1578/1578/4058
f 1628/1628/4059 1629/1629/4059 1579/1579/4059
f 1629/1629/4060 1630/1630/4060 1580/1580/4060
f 1630/1630/4061 1631/1631/4061 1581/1581/4061
f 1631/1631/4062 1632/1632/4062 1582/1582/4062
f 1632/1632/4063 1633/1633/4063 1583/1583/4063
f 1633/1633/4064 1634/1634/4064 1584/1584/4064
f 1634/1634/4065 1635/1635/4065 1585/1585/4065
f 1635/1635/4066 1636/1636/4066 1586/1586/4066
f 1636/1636/4067 1637/1637/4067 1587/1587/4067
f 1637/1637/4068 1638/1638/4068 1588/1588/4068
f 1638/1638/4069 1639/1639/4069 1589/1589/4069
f 1639/1639/4070 1640/1640/4070 1590/1590/4070
f 1640/1640/4071 1641/1641/4071 1591/1591/4071
f 1641/1641/4072 1642/1642/4072 1592/1592/4072
f 1642/1642/4073 1643/1643/4073 1593/1593/4073
f 1643/1643/4074 1644/1644/4074 1594/1594/4074
f 1644/1644/4075 1645/1645/4075 1595/1595/4075
f 1595/1595/4076 1645/1645/4076 1646/1646/4076
f 1596/1596/4077 1646/1646/4077 1647/1647/4077
f 1597/1597/4078 1647/1647/4078 1648/1648/4078
f 1598/1598/4079 1648/1648/4079 1649/1649/4079
f 1599/1599/4080 1649/1649/4080 1650/1650/4080
f 1600/1600/4081 1650/1650/4081 1651/1651/4081
f 1651/1651/4082 1652/1652/4082 1602/1602/4082
f 1652/1652/4083 1653/1653/4083 1603/1603/4083
f 1653/1653/4084 1654/1654/4084 1604/1604/4084
f 1654/1654/4085 1655/1655/4085 1605/1605/4085
f 1655/1655/4086 1656/1656/4086 1606/1606/4086
f 77/77/4087 1657/1657/4087 1607/1607/4087
f 1657/1657/4088 1658/1658/4088 1608/1608/4088
f 1658/1658/4089 1659/1659/4089 1609/1609/4089
f 1659/1659/4090 1660/1660/4090 1610/1610/4090
f 1660/1660/4091 1661/1661/4091 1611/1611/4091
f 1661/1661/4092 1662/1662/4092 1612/1612/4092
f 1662/1662/4093 1663/1663/4093 1613/1613/4093
f 1613/1613/4094 1663/1663/4094 1664/1664/4094
f 1614/1614/4095 1664/1664/4095 1665/1665/4095
f 1665/1665/4096 1666/1666/4096 1616/1616/4096
f 1666/1666/4097 1667/1667/4097 1617/1617/4097
f 1667/1667/4098 1668/1668/4098 1618/1618/4098
f 1668/1668/4099 1669/1669/4099 1619/1619/4099
f 1669/1669/4100 1670/1670/4100 1620/1620/4100
f 1620/1620/4101 1670/1670/4101 1671/1671/4101
f 1621/1621/4102 1671/1671/4102 1672/1672/4102
f 1622/1622/4103 1672/1672/4103 1673/1673/4103
f 1623/1623/4104 1673/1673/4104 1674/1674/4104
f 1674/1674/4105 1675/1675/4105 1625/1625/4105
f 1675/1675/4106 1676/1676/4106 1626/1626/4106
f 1676/1676/4107 1677/1677/4107 1627/1627/4107
f 1677/1677/4108 1678/1678/4108 1628/1628/4108
f 1678/1678/4109 1679/1679/4109 1629/1629/4109
f 1679/1679/4110 1680/1680/4110 1630/1630/4110
f 1680/1680/4111 1681/1681/4111 1631/1631/4111
f 1681/1681/4112 1682/1682/4112 1632/1632/4112
f 1682/1682/4113 1683/1683/4113 1633/1633/4113
f 1683/1683/4114 1684/1684/4114 1634/1634/4114
f 1684/1684/4115 1685/1685/4115 1635/1635/4115
f 1685/1685/4116 1686/1686/4116 1636/1636/4116
f 1686/1686/4117 1687/1687/4117 1637/1637/4117
f 1687/1687/4118 1688/1688/4118 1638/1638/4118
f 1688/1688/4119 1689/1689/4119 1639/1639/4119
f 1689/1689/4120 1690/1690/4120 1640/1640/4120
f 1690/1690/4121 1691/1691/4121 1641/1641/4121
f 1691/1691/4122 1692/1692/4122 1642/1642/4122
f 1692/1692/4123 1693/1693/4123 1643/1643/4123
f 1693/1693/4124 1694/1694/4124 1644/1644/4124
f 1644/1644/4125 1694/1694/4125 1695/1695/4125
f 1645/1645/4126 1695/1695/4126 1696/1696/4126
f 1646/1646/4127 1696/1696/4127 1697/1697/4127
f 1647/1647/4128 1697/1697/4128 1698/1698/4128
f 1648/1648/4129 1698/1698/4129 1699/1699/4129
f 1649/1649/4130 1699/1699/4130 1700/1700/4130
f 1650/1650/4131 1700/1700/4131 1701/1701/4131
f 1651/1651/4132 1701/1701/4132 1702/1702/4132
f 1702/1702/4133 1703/1703/4133 1653/1653/4133
f 1703/1703/4134 1704/1704/4134 1654/1654/4134
f 1654/1654/4135 1704/1704/4135 1705/1705/4135
f 1655/1655/4136 1705/1705/4136 1706/1706/4136
f 76/76/4137 1707/1707/4137 1657/1657/4137
f 1707/1707/4138 1708/1708/4138 1658/1658/4138
f 1708/1708/4139 1709/1709/4139 1659/1659/4139
f 1659/1659/4140 1709/1709/4140 1710/1710/4140
f 1660/1660/4141 1710/1710/4141 1711/1711/4141
f 1661/1661/4142 1711/1711/4142 1712/1712/4142
f 1662/1662/4143 1712/1712/4143 1713/1713/4143
f 1713/1713/4144 1714/1714/4144 1664/1664/4144
f 1714/1714/4145 1715/1715/4145 1665/1665/4145
f 1715/1715/4146 1716/1716/4146 1666/1666/4146
f 1716/1716/4147 1717/1717/4147 1667/1667/4147
f 1717/1717/4148 1718/1718/4148 1668/1668/4148
f 1718/1718/4149 1719/1719/4149 1669/1669/4149
f 1719/1719/4150 1720/1720/4150 1670/1670/4150
f 1720/1720/4151 1721/1721/4151 1671/1671/4151
f 1721/1721/4152 1722/1722/4152 1672/1672/4152
f 1722/1722/4153 1723/1723/4153 1673/1673/4153
f 1723/1723/4154 1724/1724/4154 1674/1674/4154
f 1724/1724/4155 1725/1725/4155 1675/1675/4155
f 1675/1675/4156 1725/1725/4156 1726/1726/4156
f 1676/1676/4157 1726/1726/4157 1727/1727/4157
f 1677/1677/4158 1727/1727/4158 1728/1728/4158
f 1678/1678/4159 1728/1728/4159 1729/1729/4159
f 1729/1729/4160 1730/1730/4160 1680/1680/4160
f 1730/1730/4161 1731/1731/4161 1681/1681/4161
f 1731/1731/4162 1732/1732/4162 1682/1682/4162
f 1732/1732/4163 1733/1733/4163 1683/1683/4163
f 1733/1733/4164 1734/1734/4164 1684/1684/4164
f 1734/1734/4165 1735/1735/4165 1685/1685/4165
f 1735/1735/4166 1736/1736/4166 1686/1686/4166
f 1736/1736/4167 1737/1737/4167 1687/1687/4167
f 1737/1737/4168 1738/1738/4168 1688/1688/4168
f 1738/1738/4169 1739/1739/4169 1689/1689/4169
f 1739/1739/4170 1740/1740/4170 1690/1690/4170
f 1740/1740/4171 1741/1741/4171 1691/1691/4171
f 1741/1741/4172 1742/1742/4172 1692/1692/4172
f 1742/1742/4173 1743/1743/4173 1693/1693/4173
f 1743/1743/4174 1744/1744/4174 1694/1694/4174
f 1694/1694/4175 1744/1744/4175 1745/1745/4175
f 1695/1695/4176 1745/1745/4176 1746/1746/4176
f 1696/1696/4177 1746/1746/4177 1747/1747/4177
f 1697/1697/4178 1747/1747/4178 1748/1748/4178
f 1698/1698/4179 1748/1748/4179 1749/1749/4179
f 1699/1699/4180 1749/1749/4180 1750/1750/4180
f 1700/1700/4181 1750/1750/4181 1751/1751/4181
f 1701/1701/4182 1751/1751/4182 1752/1752/4182
f 1702/1702/4183 1752/1752/4183 1753/1753/4183
f 1703/1703/4184 1753/1753/4184 1754/1754/4184
f 1704/1704/4185 1754/1754/4185 1755/1755/4185
f 1705/1705/4186 1755/1755/4186 1756/1756/4186
f 75/75/4187 1757/1757/4187 1707/1707/4187
f 1757/1757/4188 1758/1758/4188 1708/1708/4188
f 1758/1758/4189 1759/1759/4189 1709/1709/4189
f 1709/1709/4190 1759/1759/4190 1760/1760/4190
f 1710/1710/4191 1760/1760/4191 1761/1761/4191
f 1711/1711/4192 1761/1761/4192 1762/1762/4192
f 1712/1712/4193 1762/1762/4193 1763/1763/4193
f 1763/1763/4194 1764/1764/4194 1714/1714/4194
f 1764/1764/4195 1765/1765/4195 1715/1715/4195
f 1765/1765/4196 1766/1766/4196 1716/1716/4196
f 1766/1766/4197 1767/1767/4197 1717/1717/4197
f 1767/1767/4198 1768/1768/4198 1718/1718/4198
f 1768/1768/4199 1769/1769/4199 1719/1719/4199
f 1769/1769/4200 1770/1770/4200 1720/1720/4200
f 1720/1720/4201 1770/1770/4201 1771/1771/4201
f 1721/1721/4202 1771/1771/4202 1772/1772/4202
f 1772/1772/4203 1773/1773/4203 1723/1723/4203
f 1773/1773/4204 1774/1774/4204 1724/1724/4204
f 1774/1774/4205 1775/1775/4205 1725/1725/4205
f 1775/1775/4206 1776/1776/4206 1726/1726/4206
f 1776/1776/4207 1777/1777/4207 1727/1727/4207
f 1777/1777/4208 1778/1778/4208 1728/1728/4208
f 1778/1778/4209 1779/1779/4209 1729/1729/4209
f 1729/1729/4210 1779/1779/4210 1780/1780/4210
f 1730/1730/4211 1780/1780/4211 1781/1781/4211
f 1731/1731/4212 1781/1781/4212 1782/1782/4212
f 1782/1782/4213 1783/1783/4213 1733/1733/4213
f 1783/1783/4214 1784/1784/4214 1734/1734/4214
f 1784/1784/4215 1785/1785/4215 1735/1735/4215
f 1785/1785/4216 1786/1786/4216 1736/1736/4216
f 1786/1786/4217 1787/1787/4217 1737/1737/4217
f 1787/1787/4218 1788/1788/4218 1738/1738/4218
f 1788/1788/4219 1789/1789/4219 1739/1739/4219
f 1789/1789/4220 1790/1790/4220 1740/1740/4220
f 1790/1790/4221 1791/1791/4221 1741/1741/4221
f 1791/1791/4222 1792/1792/4222 1742/1742/4222
f 1792/1792/4223 1793/1793/4223 1743/1743/4223
f 1793/1793/4224 1794/1794/4224 1744/1744/4224
f 1744/1744/4225 1794/1794/4225 1795/1795/4225
f 1745/1745/4226 1795/1795/4226 1796/1796/4226
f 1746/1746/4227 1796/1796/4227 1797/1797/4227
f 1747/1747/4228 1797/1797/4228 1798/1798/4228
f 1748/1748/4229 1798/1798/4229 1799/1799/4229
f 1749/1749/4230 1799/1799/4230 1800/1800/4230
f 1750/1750/4231 1800/1800/4231 1801/1801/4231
f 1751/1751/4232 1801/1801/4232 1802/1802/4232
f 1752/1752/4233 1802/1802/4233 1803/1803/4233
f 1753/1753/4234 1803/1803/4234 1804/1804/4234
f 1754/1754/4235 1804/1804/4235 1805/1805/4235
f 1755/1755/4236 1805/1805/4236 1806/1806/4236
f 74/74/4237 1807/1807/4237 1757/1757/4237
f 1807/1807/4238 1808/1808/4238 1758/1758/4238
f 1758/1758/4239 1808/1808/4239 1809/1809/4239
f 1759/1759/4240 1809/1809/4240 1810/1810/4240
f 1760/1760/4241 1810/1810/4241 1811/1811/4241
f 1761/1761/4242 1811/1811/4242 1812/1812/4242
f 1762/1762/4243 1812/1812/4243 1813/1813/4243
f 1763/1763/4244 1813/1813/4244 1814/1814/4244
f 1814/1814/4245 1815/1815/4245 1765/1765/4245
f 1815/1815/4246 1816/1816/4246 1766/1766/4246
f 1816/1816/4247 1817/1817/4247 1767/1767/4247
f 1817/1817/4248 1818/1818/4248 1768/1768/4248
f 1818/1818/4249 1819/1819/4249 1769/1769/4249
f 1819/1819/4250 1820/1820/4250 1770/1770/4250
f 1770/1770/4251 1820/1820/4251 1821/1821/4251
f 1771/1771/4252 1821/1821/4252 1822/1822/4252
f 1822/1822/4253 1823/1823/4253 1773/1773/4253
f 1823/1823/4254 1824/1824/4254 1774/1774/4254
f 1824/1824/4255 1825/1825/4255 1775/1775/4255
f 1825/1825/4256 1826/1826/4256 1776/1776/4256
f 1826/1826/4257 1827/1827/4257 1777/1777/4257
f 1827/1827/4258 1828/1828/4258 1778/1778/4258
f 1828/1828/4259 1829/1829/4259 1779/1779/4259
f 1779/1779/4260 1829/1829/4260 1830/1830/4260
f 1780/1780/4261 1830/1830/4261 1831/1831/4261
f 1781/1781/4262 1831/1831/4262 1832/1832/4262
f 1782/1782/4263 1832/1832/4263 1833/1833/4263
f 1783/1783/4264 1833/1833/4264 1834/1834/4264
f 1834/1834/4265 1835/1835/4265 1785/1785/4265
f 1835/1835/4266 1836/1836/4266 1786/1786/4266
f 1836/1836/4267 1837/1837/4267 1787/1787/4267
f 1837/1837/4268 1838/1838/4268 1788/1788/4268
f 1838/1838/4269 1839/1839/4269 1789/1789/4269
f 1839/1839/4270 1840/1840/4270 1790/1790/4270
f 1840/1840/4271 1841/1841/4271 1791/1791/4271
f 1841/1841/4272 1842/1842/4272 1792/1792/4272
f 1842/1842/4273 1843/1843/4273 1793/1793/4273
f 1793/1793/4274 1843/1843/4274 1844/1844/4274
f 1794/1794/4275 1844/1844/4275 1845/1845/4275
f 1795/1795/4276 1845/1845/4276 1846/1846/4276
f 1796/1796/4277 1846/1846/4277 1847/1847/4277
f 1797/1797/4278 1847/1847/4278 1848/1848/4278
f 1798/1798/4279 1848/1848/4279 1849/1849/4279
f 1799/1799/4280 1849/1849/4280 1850/1850/4280
f 1800/1800/4281 1850/1850/4281 1851/1851/4281
f 1851/1851/4282 1852/1852/4282 1802/1802/4282
f 1852/1852/4283 1853/1853/4283 1803/1803/4283
f 1853/1853/4284 1854/1854/4284 1804/1804/4284
f 1854/1854/4285 1855/1855/4285 1805/1805/4285
f 1855/1855/4286 1856/1856/4286 1806/1806/4286
f 74/74/4287 73/73/4287 1857/1857/4287
f 1807/1807/4288 1857/1857/4288 1858/1858/4288
f 1808/1808/4289 1858/1858/4289 1859/1859/4289
f 1859/1859/4290 1860/1860/4290 1810/1810/4290
f 1810/1810/4291 1860/1860/4291 1861/1861/4291
f 1811/1811/4292 1861/1861/4292 1862/1862/4292
f 1812/1812/4293 1862/1862/4293 1863/1863/4293
f 1813/1813/4294 1863/1863/4294 1864/1864/4294
f 1864/1864/4295 1865/1865/4295 1815/1815/4295
f 1865/1865/4296 1866/1866/4296 1816/1816/4296
f 1866/1866/4297 1867/1867/4297 1817/1817/4297
f 1867/1867/4298 1868/1868/4298 1818/1818/4298
f 1818/1818/4299 1868/1868/4299 1869/1869/4299
f 1819/1819/4300 1869/1869/4300 1870/1870/4300
f 1870/1870/4301 1871/1871/4301 1821/1821/4301
f 1871/1871/4302 1872/1872/4302 1822/1822/4302
f 1872/1872/4303 1873/1873/4303 1823/1823/4303
f 1873/1873/4304 1874/1874/4304 1824/1824/4304
f 1874/1874/4305 1875/1875/4305 1825/1825/4305
f 1875/1875/4306 1876/1876/4306 1826/1826/4306
f 1826/1826/4307 1876/1876/4307 1877/1877/4307
f 1877/1877/4308 1878/1878/4308 1828/1828/4308
f 1878/1878/4309 1879/1879/4309 1829/1829/4309
f 1829/1829/4310 1879/1879/4310 1880/1880/4310
f 1830/1830/4311 1880/1880/4311 1881/1881/4311
f 1831/1831/4312 1881/1881/4312 1882/1882/4312
f 1832/1832/4313 1882/1882/4313 1883/1883/4313
f 1833/1833/4314 1883/1883/4314 1884/1884/4314
f 1834/1834/4315 1884/1884/4315 1885/1885/4315
f 1835/1835/4316 1885/1885/4316 1886/1886/4316
f 1886/1886/4317 1887/1887/4317 1837/1837/4317
f 1887/1887/4318 1888/1888/4318 1838/1838/4318
f 1888/1888/4319 1889/1889/4319 1839/1839/4319
f 1889/1889/4320 1890/1890/4320 1840/1840/4320
f 1890/1890/4321 1891/1891/4321 1841/1841/4321
f 1891/1891/4322 1892/1892/4322 1842/1842/4322
f 1842/1842/4323 1892/1892/4323 1893/1893/4323
f 1893/1893/4324 1894/1894/4324 1844/1844/4324
f 1894/1894/4325 1895/1895/4325 1845/1845/4325
f 1895/1895/4326 1896/1896/4326 1846/1846/4326
f 1896/1896/4327 1897/1897/4327 1847/1847/4327
f 1897/1897/4328 1898/1898/4328 1848/1848/4328
f 1898/1898/4329 1899/1899/4329 1849/1849/4329
f 1849/1849/4330 1899/1899/4330 1900/1900/4330
f 1900/1900/4331 1901/1901/4331 1851/1851/4331
f 1901/1901/4332 1902/1902/4332 1852/1852/4332
f 1902/1902/4333 1903/1903/4333 1853/1853/4333
f 1903/1903/4334 1904/1904/4334 1854/1854/4334
f 1904/1904/4335 1905/1905/4335 1855/1855/4335
f 1905/1905/4336 1906/1906/4336 1856/1856/4336
f 73/73/4337 72/72/4337 1907/1907/4337
f 1857/1857/4338 1907/1907/4338 1908/1908/4338
f 1858/1858/4339 1908/1908/4339 1909/1909/4339
f 1859/1859/4340 1909/1909/4340 1910/1910/4340
f 1910/1910/4341 1911/1911/4341 1861/1861/4341
f 1911/1911/4342 1912/1912/4342 1862/1862/4342
f 1912/1912/4343 1913/1913/4343 1863/1863/4343
f 1913/1913/4344 1914/1914/4344 1864/1864/4344
f 1914/1914/4345 1915/1915/4345 1865/1865/4345
f 1915/1915/4346 1916/1916/4346 1866/1866/4346
f 1916/1916/4347 1917/1917/4347 1867/1867/4347
f 1917/1917/4348 1918/1918/4348 1868/1868/4348
f 1868/1868/4349 1918/1918/4349 1919/1919/4349
f 1869/1869/4350 1919/1919/4350 1920/1920/4350
f 1920/1920/4351 1921/1921/4351 1871/1871/4351
f 1921/1921/4352 1922/1922/4352 1872/1872/4352
f 1922/1922/4353 1923/1923/4353 1873/1873/4353
f 1923/1923/4354 1924/1924/4354 1874/1874/4354
f 1924/1924/4355 1925/1925/4355 1875/1875/4355
f 1875/1875/4356 1925/1925/4356 1926/1926/4356
f 1876/1876/4357 1926/1926/4357 1927/1927/4357
f 1877/1877/4358 1927/1927/4358 1928/1928/4358
f 1878/1878/4359 1928/1928/4359 1929/1929/4359
f 1879/1879/4360 1929/1929/4360 1930/1930/4360
f 1880/1880/4361 1930/1930/4361 1931/1931/4361
f 1881/1881/4362 1931/1931/4362 1932/1932/4362
f 1882/1882/4363 1932/1932/4363 1933/1933/4363
f 1883/1883/4364 1933/1933/4364 1934/1934/4364
f 1884/1884/4365 1934/1934/4365 1935/1935/4365
f 1885/1885/4366 1935/1935/4366 1936/1936/4366
f 1886/1886/4367 1936/1936/4367 1937/1937/4367
f 1887/1887/4368 1937/1937/4368 1938/1938/4368
f 1888/1888/4369 1938/1938/4369 1939/1939/4369
f 1889/1889/4370 1939/1939/4370 1940/1940/4370
f 1940/1940/4371 1941/1941/4371 1891/1891/4371
f 1891/1891/4372 1941/1941/4372 1942/1942/4372
f 1892/1892/4373 1942/1942/4373 1943/1943/4373
f 1943/1943/4374 1944/1944/4374 1894/1894/4374
f 1944/1944/4375 1945/1945/4375 1895/1895/4375
f 1945/1945/4376 1946/1946/4376 1896/1896/4376
f 1946/1946/4377 1947/1947/4377 1897/1897/4377
f 1947/1947/4378 1948/1948/4378 1898/1898/4378
f 1948/1948/4379 1949/1949/4379 1899/1899/4379
f 1949/1949/4380 1950/1950/4380 1900/1900/4380
f 1900/1900/4381 1950/1950/4381 1951/1951/4381
f 1901/1901/4382 1951/1951/4382 1952/1952/4382
f 1902/1902/4383 1952/1952/4383 1953/1953/4383
f 1903/1903/4384 1953/1953/4384 1954/1954/4384
f 1904/1904/4385 1954/1954/4385 1955/1955/4385
f 1905/1905/4386 1955/1955/4386 1956/1956/4386
f 72/72/4387 71/71/4387 1957/1957/4387
f 1907/1907/4388 1957/1957/4388 1958/1958/4388
f 1908/1908/4389 1958/1958/4389 1959/1959/4389
f 1959/1959/4390 1960/1960/4390 1910/1910/4390
f 1960/1960/4391 1961/1961/4391 1911/1911/4391
f 1961/1961/4392 1962/1962/4392 1912/1912/4392
f 1912/1912/4393 1962/1962/4393 1963/1963/4393
f 1913/1913/4394 1963/1963/4394 1964/1964/4394
f 1964/1964/4395 1965/1965/4395 1915/1915/4395
f 1965/1965/4396 1966/1966/4396 1916/1916/4396
f 1966/1966/4397 1967/1967/4397 1917/1917/4397
f 1967/1967/4398 1968/1968/4398 1918/1918/4398
f 1918/1918/4399 1968/1968/4399 1969/1969/4399
f 1919/1919/4400 1969/1969/4400 1970/1970/4400
f 1970/1970/4401 1971/1971/4401 1921/1921/4401
f 1971/1971/4402 1972/1972/4402 1922/1922/4402
f 1972/1972/4403 1973/1973/4403 1923/1923/4403
f 1973/1973/4404 1974/1974/4404 1924/1924/4404
f 1974/1974/4405 1975/1975/4405 1925/1925/4405
f 1925/1925/4406 1975/1975/4406 1976/1976/4406
f 1926/1926/4407 1976/1976/4407 1977/1977/4407
f 1927/1927/4408 1977/1977/4408 1978/1978/4408
f 1928/1928/4409 1978/1978/4409 1979/1979/4409
f 1929/1929/4410 1979/1979/4410 1980/1980/4410
f 1930/1930/4411 1980/1980/4411 1981/1981/4411
f 1931/1931/4412 1981/1981/4412 1982/1982/4412
f 1932/1932/4413 1982/1982/4413 1983/1983/4413
f 1933/1933/4414 1983/1983/4414 1984/1984/4414
f 1934/1934/4415 1984/1984/4415 1985/1985/4415
f 1935/1935/4416 1985/1985/4416 1986/1986/4416
f 1936/1936/4417 1986/1986/4417 1987/1987/4417
f 1937/1937/4418 1987/1987/4418 1988/1988/4418
f 1938/1938/4419 1988/1988/4419 1989/1989/4419
f 1989/1989/1829 1990/1990/1829 1940/1940/1829
f 1990/1990/4420 1991/1991/4420 1941/1941/4420
f 1941/1941/4421 1991/1991/4421 1992/1992/4421
f 1992/1992/4422 1993/1993/4422 1943/1943/4422
f 1993/1993/4423 1994/1994/4423 1944/1944/4423
f 1994/1994/4424 1995/1995/4424 1945/1945/4424
f 1995/1995/4425 1996/1996/4425 1946/1946/4425
f 1996/1996/4426 1997/1997/4426 1947/1947/4426
f 1997/1997/4427 1998/1998/4427 1948/1948/4427
f 1998/1998/4428 1999/1999/4428 1949/1949/4428
f 1949/1949/4429 1999/1999/4429 2000/2000/4429
f 1950/1950/4430 2000/2000/4430 2001/2001/4430
f 1951/1951/4431 2001/2001/4431 2002/2002/4431
f 1952/1952/4432 2002/2002/4432 2003/2003/4432
f 1953/1953/4433 2003/2003/4433 2004/2004/4433
f 1954/1954/4434 2004/2004/4434 2005/2005/4434
f 1955/1955/4435 2005/2005/4435 2006/2006/4435
f 71/71/4436 70/70/4436 2007/2007/4436
f 1957/1957/4437 2007/2007/4437 2008/2008/4437
f 1958/1958/4438 2008/2008/4438 2009/2009/4438
f 1959/1959/4439 2009/2009/4439 2010/2010/4439
f 2010/2010/4440 2011/2011/4440 1961/1961/4440
f 2011/2011/4441 2012/2012/4441 1962/1962/4441
f 1962/1962/4442 2012/2012/4442 2013/2013/4442
f 1963/1963/4443 2013/2013/4443 2014/2014/4443
f 1964/1964/4444 2014/2014/4444 2015/2015/4444
f 1965/1965/4445 2015/2015/4445 2016/2016/4445
f 1966/1966/4446 2016/2016/4446 2017/2017/4446
f 1967/1967/4447 2017/2017/4447 2018/2018/4447
f 1968/1968/4448 2018/2018/4448 2019/2019/4448
f 2019/2019/4449 2020/2020/4449 1970/1970/4449
f 2020/2020/4450 2021/2021/4450 1971/1971/4450
f 2021/2021/4451 2022/2022/4451 1972/1972/4451
f 2022/2022/4452 2023/2023/4452 1973/1973/4452
f 1973/1973/4453 2023/2023/4453 2024/2024/4453
f 1974/1974/4454 2024/2024/4454 2025/2025/4454
f 2025/2025/4455 2026/2026/4455 1976/1976/4455
f 2026/2026/4456 2027/2027/4456 1977/1977/4456
f 2027/2027/4457 2028/2028/4457 1978/1978/4457
f 2028/2028/4458 2029/2029/4458 1979/1979/4458
f 1979/1979/4459 2029/2029/4459 2030/2030/4459
f 1980/1980/4460 2030/2030/4460 2031/2031/4460
f 1981/1981/4461 2031/2031/4461 2032/2032/4461
f 1982/1982/4462 2032/2032/4462 2033/2033/4462
f 1983/1983/4463 2033/2033/4463 2034/2034/4463
f 1984/1984/4464 2034/2034/4464 2035/2035/4464
f 1985/1985/4465 2035/2035/4465 2036/2036/4465
f 1986/1986/4466 2036/2036/4466 2037/2037/4466
f 1987/1987/4467 2037/2037/4467 2038/2038/4467
f 1988/1988/4468 2038/2038/4468 2039/2039/4468
f 1989/1989/4469 2039/2039/4469 2040/2040/4469
f 2040/2040/4470 2041/2041/4470 1991/1991/4470
f 1991/1991/4471 2041/2041/4471 2042/2042/4471
f 2042/2042/4472 2043/2043/4472 1993/1993/4472
f 2043/2043/4473 2044/2044/4473 1994/1994/4473
f 2044/2044/4474 2045/2045/4474 1995/1995/4474
f 2045/2045/4475 2046/2046/4475 1996/1996/4475
f 2046/2046/4476 2047/2047/4476 1997/1997/4476
f 2047/2047/4477 2048/2048/4477 1998/1998/4477
f 2048/2048/4478 2049/2049/4478 1999/1999/4478
f 1999/1999/4479 2049/2049/4479 2050/2050/4479
f 2000/2000/4480 2050/2050/4480 2051/2051/4480
f 2001/2001/4481 2051/2051/4481 2052/2052/4481
f 2002/2002/4482 2052/2052/4482 2053/2053/4482
f 2003/2003/4483 2053/2053/4483 2054/2054/4483
f 2004/2004/4484 2054/2054/4484 2055/2055/4484
f 2005/2005/4485 2055/2055/4485 2056/2056/4485
f 70/70/4486 69/69/4486 2057/2057/4486
f 2007/2007/4487 2057/2057/4487 2058/2058/4487
f 2008/2008/4488 2058/2058/4488 2059/2059/4488
f 2009/2009/4489 2059/2059/4489 2060/2060/4489
f 2060/2060/4490 2061/2061/4490 2011/2011/4490
f 2061/2061/4491 2062/2062/4491 2012/2012/4491
f 2012/2012/4492 2062/2062/4492 2063/2063/4492
f 2013/2013/4493 2063/2063/4493 2064/2064/4493
f 2014/2014/4494 2064/2064/4494 2065/2065/4494
f 2015/2015/4495 2065/2065/4495 2066/2066/4495
f 2066/2066/4496 2067/2067/4496 2017/2017/4496
f 2067/2067/4497 2068/2068/4497 2018/2018/4497
f 2018/2018/4498 2068/2068/4498 2069/2069/4498
f 2019/2019/4499 2069/2069/4499 2070/2070/4499
f 2070/2070/4500 2071/2071/4500 2021/2021/4500
f 2071/2071/4501 2072/2072/4501 2022/2022/4501
f 2022/2022/4502 2072/2072/4502 2073/2073/4502
f 2023/2023/4503 2073/2073/4503 2074/2074/4503
f 2024/2024/4504 2074/2074/4504 2075/2075/4504
f 2025/2025/4505 2075/2075/4505 2076/2076/4505
f 2076/2076/4506 2077/2077/4506 2027/2027/4506
f 2077/2077/4507 2078/2078/4507 2028/2028/4507
f 2078/2078/4508 2079/2079/4508 2029/2029/4508
f 2079/2079/4509 2080/2080/4509 2030/2030/4509
f 2030/2030/4510 2080/2080/4510 2081/2081/4510
f 2031/2031/4511 2081/2081/4511 2082/2082/4511
f 2032/2032/4512 2082/2082/4512 2083/2083/4512
f 2033/2033/4513 2083/2083/4513 2084/2084/4513
f 2034/2034/4514 2084/2084/4514 2085/2085/4514
f 2035/2035/4515 2085/2085/4515 2086/2086/4515
f 2036/2036/4516 2086/2086/4516 2087/2087/4516
f 2037/2037/4517 2087/2087/4517 2088/2088/4517
f 2038/2038/4518 2088/2088/4518 2089/2089/4518
f 2039/2039/4519 2089/2089/4519 2090/2090/4519
f 2040/2040/4520 2090/2090/4520 2091/2091/4520
f 2041/2041/4521 2091/2091/4521 2092/2092/4521
f 2092/2092/4522 2093/2093/4522 2043/2043/4522
f 2093/2093/4523 2094/2094/4523 2044/2044/4523
f 2094/2094/4524 2095/2095/4524 2045/2045/4524
f 2095/2095/4525 2096/2096/4525 2046/2046/4525
f 2096/2096/4526 2097/2097/4526 2047/2047/4526
f 2047/2047/4527 2097/2097/4527 2098/2098/4527
f 2048/2048/4528 2098/2098/4528 2099/2099/4528
f 2099/2099/4529 2100/2100/4529 2050/2050/4529
f 2050/2050/4530 2100/2100/4530 2101/2101/4530
f 2051/2051/4531 2101/2101/4531 2102/2102/4531
f 2052/2052/4532 2102/2102/4532 2103/2103/4532
f 2053/2053/4533 2103/2103/4533 2104/2104/4533
f 2054/2054/4534 2104/2104/4534 2105/2105/4534
f 2055/2055/4535 2105/2105/4535 2106/2106/4535
f 69/69/1996 68/68/1996 2107/2107/1996
f 2057/2057/4536 2107/2107/4536 2108/2108/4536
f 2058/2058/4537 2108/2108/4537 2109/2109/4537
f 2059/2059/4538 2109/2109/4538 2110/2110/4538
f 2060/2060/4539 2110/2110/4539 2111/2111/4539
f 2111/2111/4540 2112/2112/4540 2062/2062/4540
f 2062/2062/4541 2112/2112/4541 2113/2113/4541
f 2063/2063/4542 2113/2113/4542 2114/2114/4542
f 2064/2064/4543 2114/2114/4543 2115/2115/4543
f 2065/2065/4544 2115/2115/4544 2116/2116/4544
f 2116/2116/4545 2117/2117/4545 2067/2067/4545
f 2117/2117/4546 2118/2118/4546 2068/2068/4546
f 2068/2068/4547 2118/2118/4547 2119/2119/4547
f 2069/2069/4548 2119/2119/4548 2120/2120/4548
f 2070/2070/4549 2120/2120/4549 2121/2121/4549
f 2071/2071/4550 2121/2121/4550 2122/2122/4550
f 2072/2072/4551 2122/2122/4551 2123/2123/4551
f 2073/2073/4552 2123/2123/4552 2124/2124/4552
f 2074/2074/4553 2124/2124/4553 2125/2125/4553
f 2075/2075/4554 2125/2125/4554 2126/2126/4554
f 2126/2126/4555 2127/2127/4555 2077/2077/4555
f 2127/2127/4556 2128/2128/4556 2078/2078/4556
f 2078/2078/4557 2128/2128/4557 2129/2129/4557
f 2079/2079/4558 2129/2129/4558 2130/2130/4558
f 2080/2080/4559 2130/2130/4559 2131/2131/4559
f 2081/2081/4560 2131/2131/4560 2132/2132/4560
f 2082/2082/4561 2132/2132/4561 2133/2133/4561
f 2083/2083/4562 2133/2133/4562 2134/2134/4562
f 2084/2084/4563 2134/2134/4563 2135/2135/4563
f 2085/2085/4564 2135/2135/4564 2136/2136/4564
f 2086/2086/4565 2136/2136/4565 2137/2137/4565
f 2087/2087/4566 2137/2137/4566 2138/2138/4566
f 2088/2088/4567 2138/2138/4567 2139/2139/4567
f 2089/2089/4568 2139/2139/4568 2140/2140/4568
f 2090/2090/4569 2140/2140/4569 2141/2141/4569
f 2141/2141/4570 2142/2142/4570 2092/2092/4570
f 2142/2142/4571 2143/2143/4571 2093/2093/4571
f 2143/2143/4572 2144/2144/4572 2094/2094/4572
f 2144/2144/4573 2145/2145/4573 2095/2095/4573
f 2095/2095/4574 2145/2145/4574 2146/2146/4574
f 2096/2096/4575 2146/2146/4575 2147/2147/4575
f 2147/2147/4576 2148/2148/4576 2098/2098/4576
f 2148/2148/4577 2149/2149/4577 2099/2099/4577
f 2149/2149/4578 2150/2150/4578 2100/2100/4578
f 2100/2100/4579 2150/2150/4579 2151/2151/4579
f 2101/2101/4580 2151/2151/4580 2152/2152/4580
f 2102/2102/4581 2152/2152/4581 2153/2153/4581
f 2103/2103/4582 2153/2153/4582 2154/2154/4582
f 2154/2154/4583 2155/2155/4583 2105/2105/4583
f 2155/2155/4584 2156/2156/4584 2106/2106/4584
f 67/67/4585 2157/2157/4585 2107/2107/4585
f 2107/2107/4586 2157/2157/4586 2158/2158/4586
f 2108/2108/4587 2158/2158/4587 2159/2159/4587
f 2109/2109/4588 2159/2159/4588 2160/2160/4588
f 2110/2110/4589 2160/2160/4589 2161/2161/4589
f 2111/2111/4590 2161/2161/4590 2162/2162/4590
f 2162/2162/4591 2163/2163/4591 2113/2113/4591
f 2113/2113/4592 2163/2163/4592 2164/2164/4592
f 2114/2114/4593 2164/2164/4593 2165/2165/4593
f 2165/2165/4594 2166/2166/4594 2116/2116/4594
f 2166/2166/4595 2167/2167/4595 2117/2117/4595
f 2167/2167/4596 2168/2168/4596 2118/2118/4596
f 2118/2118/4597 2168/2168/4597 2169/2169/4597
f 2119/2119/4598 2169/2169/4598 2170/2170/4598
f 2120/2120/4599 2170/2170/4599 2171/2171/4599
f 2171/2171/4600 2172/2172/4600 2122/2122/4600
f 2122/2122/4601 2172/2172/4601 2173/2173/4601
f 2123/2123/4602 2173/2173/4602 2174/2174/4602
f 2124/2124/4603 2174/2174/4603 2175/2175/4603
f 2125/2125/4604 2175/2175/4604 2176/2176/4604
f 2126/2126/4605 2176/2176/4605 2177/2177/4605
f 2177/2177/4606 2178/2178/4606 2128/2128/4606
f 2128/2128/4607 2178/2178/4607 2179/2179/4607
f 2129/2129/4608 2179/2179/4608 2180/2180/4608
f 2130/2130/4609 2180/2180/4609 2181/2181/4609
f 2131/2131/4610 2181/2181/4610 2182/2182/4610
f 2132/2132/4611 2182/2182/4611 2183/2183/4611
f 2133/2133/4612 2183/2183/4612 2184/2184/4612
f 2134/2134/4613 2184/2184/4613 2185/2185/4613
f 2135/2135/4614 2185/2185/4614 2186/2186/4614
f 2136/2136/4615 2186/2186/4615 2187/2187/4615
f 2137/2137/4616 2187/2187/4616 2188/2188/4616
f 2138/2138/4617 2188/2188/4617 2189/2189/4617
f 2139/2139/4618 2189/2189/4618 2190/2190/4618
f 2140/2140/4619 2190/2190/4619 2191/2191/4619
f 2191/2191/4620 2192/2192/4620 2142/2142/4620
f 2192/2192/4621 2193/2193/4621 2143/2143/4621
f 2193/2193/4622 2194/2194/4622 2144/2144/4622
f 2144/2144/4623 2194/2194/4623 2195/2195/4623
f 2145/2145/4624 2195/2195/4624 2196/2196/4624
f 2146/2146/4625 2196/2196/4625 2197/2197/4625
f 2197/2197/4626 2198/2198/4626 2148/2148/4626
f 2198/2198/4627 2199/2199/4627 2149/2149/4627
f 2199/2199/4628 2200/2200/4628 2150/2150/4628
f 2200/2200/4629 2201/2201/4629 2151/2151/4629
f 2201/2201/4630 2202/2202/4630 2152/2152/4630
f 2202/2202/4631 2203/2203/4631 2153/2153/4631
f 2203/2203/4632 2204/2204/4632 2154/2154/4632
f 2204/2204/4633 2205/2205/4633 2155/2155/4633
f 2205/2205/4634 2206/2206/4634 2156/2156/4634
f 66/66/4635 2207/2207/4635 2157/2157/4635
f 2157/2157/4636 2207/2207/4636 2208/2208/4636
f 2208/2208/4637 2209/2209/4637 2159/2159/4637
f 2159/2159/4638 2209/2209/4638 2210/2210/4638
f 2160/2160/4639 2210/2210/4639 2211/2211/4639
f 2161/2161/4640 2211/2211/4640 2212/2212/4640
f 2162/2162/4641 2212/2212/4641 2213/2213/4641
f 2213/2213/4642 2214/2214/4642 2164/2164/4642
f 2214/2214/4643 2215/2215/4643 2165/2165/4643
f 2215/2215/4644 2216/2216/4644 2166/2166/4644
f 2216/2216/4645 2217/2217/4645 2167/2167/4645
f 2217/2217/4646 2218/2218/4646 2168/2168/4646
f 2168/2168/4647 2218/2218/4647 2219/2219/4647
f 2169/2169/4648 2219/2219/4648 2220/2220/4648
f 2170/2170/4649 2220/2220/4649 2221/2221/4649
f 2171/2171/4650 2221/2221/4650 2222/2222/4650
f 2222/2222/4651 2223/2223/4651 2173/2173/4651
f 2223/2223/4652 2224/2224/4652 2174/2174/4652
f 2224/2224/4653 2225/2225/4653 2175/2175/4653
f 2225/2225/4654 2226/2226/4654 2176/2176/4654
f 2226/2226/4655 2227/2227/4655 2177/2177/4655
f 2227/2227/4656 2228/2228/4656 2178/2178/4656
f 2228/2228/4657 2229/2229/4657 2179/2179/4657
f 2179/2179/4658 2229/2229/4658 2230/2230/4658
f 2180/2180/4659 2230/2230/4659 2231/2231/4659
f 2181/2181/4660 2231/2231/4660 2232/2232/4660
f 2182/2182/4661 2232/2232/4661 2233/2233/4661
f 2183/2183/4662 2233/2233/4662 2234/2234/4662
f 2184/2184/4663 2234/2234/4663 2235/2235/4663
f 2185/2185/4664 2235/2235/4664 2236/2236/4664
f 2186/2186/4665 2236/2236/4665 2237/2237/4665
f 2187/2187/4666 2237/2237/4666 2238/2238/4666
f 2188/2188/4667 2238/2238/4667 2239/2239/4667
f 2189/2189/4668 2239/2239/4668 2240/2240/4668
f 2190/2190/4669 2240/2240/4669 2241/2241/4669
f 2241/2241/4670 2242/2242/4670 2192/2192/4670
f 2242/2242/4671 2243/2243/4671 2193/2193/4671
f 2243/2243/4672 2244/2244/4672 2194/2194/4672
f 2194/2194/4673 2244/2244/4673 2245/2245/4673
f 2195/2195/4674 2245/2245/4674 2246/2246/4674
f 2196/2196/4675 2246/2246/4675 2247/2247/4675
f 2197/2197/4676 2247/2247/4676 2248/2248/4676
f 2198/2198/4677 2248/2248/4677 2249/2249/4677
f 2199/2199/4678 2249/2249/4678 2250/2250/4678
f 2250/2250/4679 2251/2251/4679 2201/2201/4679
f 2251/2251/4680 2252/2252/4680 2202/2202/4680
f 2252/2252/4681 2253/2253/4681 2203/2203/4681
f 2253/2253/4682 2254/2254/4682 2204/2204/4682
f 2254/2254/4683 2255/2255/4683 2205/2205/4683
f 2255/2255/4684 2256/2256/4684 2206/2206/4684
f 65/65/4685 2257/2257/4685 2207/2207/4685
f 2207/2207/4686 2257/2257/4686 2258/2258/4686
f 2258/2258/4687 2259/2259/4687 2209/2209/4687
f 2209/2209/4688 2259/2259/4688 2260/2260/4688
f 2210/2210/4689 2260/2260/4689 2261/2261/4689
f 2211/2211/4690 2261/2261/4690 2262/2262/4690
f 2212/2212/4691 2262/2262/4691 2263/2263/4691
f 2213/2213/4692 2263/2263/4692 2264/2264/4692
f 2264/2264/4693 2265/2265/4693 2215/2215/4693
f 2265/2265/4694 2266/2266/4694 2216/2216/4694
f 2266/2266/4695 2267/2267/4695 2217/2217/4695
f 2267/2267/4696 2268/2268/4696 2218/2218/4696
f 2218/2218/4697 2268/2268/4697 2269/2269/4697
f 2219/2219/4698 2269/2269/4698 2270/2270/4698
f 2220/2220/4699 2270/2270/4699 2271/2271/4699
f 2221/2221/4700 2271/2271/4700 2272/2272/4700
f 2222/2222/4701 2272/2272/4701 2273/2273/4701
f 2273/2273/4702 2274/2274/4702 2224/2224/4702
f 2274/2274/4703 2275/2275/4703 2225/2225/4703
f 2275/2275/4704 2276/2276/4704 2226/2226/4704
f 2276/2276/4705 2277/2277/4705 2227/2227/4705
f 2277/2277/4706 2278/2278/4706 2228/2228/4706
f 2228/2228/4707 2278/2278/4707 2279/2279/4707
f 2279/2279/4708 2280/2280/4708 2230/2230/4708
f 2280/2280/4709 2281/2281/4709 2231/2231/4709
f 2281/2281/4710 2282/2282/4710 2232/2232/4710
f 2282/2282/4711 2283/2283/4711 2233/2233/4711
f 2283/2283/4712 2284/2284/4712 2234/2234/4712
f 2234/2234/4713 2284/2284/4713 2285/2285/4713
f 2235/2235/4714 2285/2285/4714 2286/2286/4714
f 2236/2236/4715 2286/2286/4715 2287/2287/4715
f 2237/2237/4716 2287/2287/4716 2288/2288/4716
f 2238/2238/4717 2288/2288/4717 2289/2289/4717
f 2239/2239/4718 2289/2289/4718 2290/2290/4718
f 2240/2240/4719 2290/2290/4719 2291/2291/4719
f 2291/2291/4720 2292/2292/4720 2242/2242/4720
f 2292/2292/4721 2293/2293/4721 2243/2243/4721
f 2243/2243/4722 2293/2293/4722 2294/2294/4722
f 2244/2244/4723 2294/2294/4723 2295/2295/4723
f 2245/2245/4724 2295/2295/4724 2296/2296/4724
f 2246/2246/4725 2296/2296/4725 2297/2297/4725
f 2247/2247/4726 2297/2297/4726 2298/2298/4726
f 2298/2298/4727 2299/2299/4727 2249/2249/4727
f 2299/2299/4728 2300/2300/4728 2250/2250/4728
f 2300/2300/4729 2301/2301/4729 2251/2251/4729
f 2301/2301/4730 2302/2302/4730 2252/2252/4730
f 2302/2302/4731 2303/2303/4731 2253/2253/4731
f 2303/2303/4732 2304/2304/4732 2254/2254/4732
f 2304/2304/4733 2305/2305/4733 2255/2255/4733
f 2305/2305/4734 2306/2306/4734 2256/2256/4734
f 64/64/4735 2307/2307/4735 2257/2257/4735
f 2257/2257/4736 2307/2307/4736 2308/2308/4736
f 2308/2308/4737 2309/2309/4737 2259/2259/4737
f 2259/2259/4738 2309/2309/4738 2310/2310/4738
f 2260/2260/4739 2310/2310/4739 2311/2311/4739
f 2261/2261/4740 2311/2311/4740 2312/2312/4740
f 2262/2262/4741 2312/2312/4741 2313/2313/4741
f 2263/2263/4742 2313/2313/4742 2314/2314/4742
f 2264/2264/4743 2314/2314/4743 2315/2315/4743
f 2265/2265/4744 2315/2315/4744 2316/2316/4744
f 2266/2266/4745 2316/2316/4745 2317/2317/4745
f 2267/2267/4746 2317/2317/4746 2318/2318/4746
f 2268/2268/4747 2318/2318/4747 2319/2319/4747
f 2269/2269/4748 2319/2319/4748 2320/2320/4748
f 2270/2270/4749 2320/2320/4749 2321/2321/4749
f 2271/2271/4750 2321/2321/4750 2322/2322/4750
f 2272/2272/4751 2322/2322/4751 2323/2323/4751
f 2323/2323/4752 2324/2324/4752 2274/2274/4752
f 2324/2324/4753 2325/2325/4753 2275/2275/4753
f 2325/2325/4754 2326/2326/4754 2276/2276/4754
f 2326/2326/4755 2327/2327/4755 2277/2277/4755
f 2277/2277/4756 2327/2327/4756 2328/2328/4756
f 2328/2328/4757 2329/2329/4757 2279/2279/4757
f 2329/2329/4758 2330/2330/4758 2280/2280/4758
f 2330/2330/4759 2331/2331/4759 2281/2281/4759
f 2331/2331/4760 2332/2332/4760 2282/2282/4760
f 2332/2332/4761 2333/2333/4761 2283/2283/4761
f 2333/2333/4762 2334/2334/4762 2284/2284/4762
f 2334/2334/4763 2335/2335/4763 2285/2285/4763
f 2335/2335/4764 2336/2336/4764 2286/2286/4764
f 2336/2336/4765 2337/2337/4765 2287/2287/4765
f 2337/2337/4766 2338/2338/4766 2288/2288/4766
f 2338/2338/4767 2339/2339/4767 2289/2289/4767
f 2339/2339/4768 2340/2340/4768 2290/2290/4768
f 2340/2340/4769 2341/2341/4769 2291/2291/4769
f 2291/2291/4770 2341/2341/4770 2342/2342/4770
f 2292/2292/4771 2342/2342/4771 2343/2343/4771
f 2343/2343/4772 2344/2344/4772 2294/2294/4772
f 2294/2294/4773 2344/2344/4773 2345/2345/4773
f 2295/2295/4774 2345/2345/4774 2346/2346/4774
f 2346/2346/4775 2347/2347/4775 2297/2297/4775
f 2347/2347/4776 2348/2348/4776 2298/2298/4776
f 2348/2348/4777 2349/2349/4777 2299/2299/4777
f 2349/2349/4778 2350/2350/4778 2300/2300/4778
f 2350/2350/4779 2351/2351/4779 2301/2301/4779
f 2351/2351/4780 2352/2352/4780 2302/2302/4780
f 2352/2352/4781 2353/2353/4781 2303/2303/4781
f 2353/2353/4782 2354/2354/4782 2304/2304/4782
f 2354/2354/4783 2355/2355/4783 2305/2305/4783
f 2355/2355/4784 2356/2356/4784 2306/2306/4784
f 63/63/4785 2357/2357/4785 2307/2307/4785
f 2307/2307/4786 2357/2357/4786 2358/2358/4786
f 2358/2358/4787 2359/2359/4787 2309/2309/4787
f 2359/2359/4788 2360/2360/4788 2310/2310/4788
f 2360/2360/4789 2361/2361/4789 2311/2311/4789
f 2361/2361/4790 2362/2362/4790 2312/2312/4790
f 2312/2312/4791 2362/2362/4791 2363/2363/4791
f 2313/2313/4792 2363/2363/4792 2364/2364/4792
f 2314/2314/4793 2364/2364/4793 2365/2365/4793
f 2315/2315/4794 2365/2365/4794 2366/2366/4794
f 2316/2316/4795 2366/2366/4795 2367/2367/4795
f 2317/2317/4796 2367/2367/4796 2368/2368/4796
f 2368/2368/4797 2369/2369/4797 2319/2319/4797
f 2369/2369/4798 2370/2370/4798 2320/2320/4798
f 2370/2370/4799 2371/2371/4799 2321/2321/4799
f 2371/2371/4800 2372/2372/4800 2322/2322/4800
f 2372/2372/4801 2373/2373/4801 2323/2323/4801
f 2373/2373/4802 2374/2374/4802 2324/2324/4802
f 2374/2374/4803 2375/2375/4803 2325/2325/4803
f 2325/2325/4804 2375/2375/4804 2376/2376/4804
f 2376/2376/4805 2377/2377/4805 2327/2327/4805
f 2377/2377/4806 2378/2378/4806 2328/2328/4806
f 2378/2378/4807 2379/2379/4807 2329/2329/4807
f 2379/2379/4808 2380/2380/4808 2330/2330/4808
f 2380/2380/4809 2381/2381/4809 2331/2331/4809
f 2381/2381/4810 2382/2382/4810 2332/2332/4810
f 2382/2382/4811 2383/2383/4811 2333/2333/4811
f 2383/2383/4812 2384/2384/4812 2334/2334/4812
f 2384/2384/4813 2385/2385/4813 2335/2335/4813
f 2385/2385/4814 2386/2386/4814 2336/2336/4814
f 2386/2386/4815 2387/2387/4815 2337/2337/4815
f 2387/2387/4816 2388/2388/4816 2338/2338/4816
f 2388/2388/4817 2389/2389/4817 2339/2339/4817
f 2389/2389/4818 2390/2390/4818 2340/2340/4818
f 2390/2390/4819 2391/2391/4819 2341/2341/4819
f 2341/2341/4820 2391/2391/4820 2392/2392/4820
f 2392/2392/4821 2393/2393/4821 2343/2343/4821
f 2343/2343/4822 2393/2393/4822 2394/2394/4822
f 2344/2344/4823 2394/2394/4823 2395/2395/4823
f 2395/2395/4824 2396/2396/4824 2346/2346/4824
f 2396/2396/4825 2397/2397/4825 2347/2347/4825
f 2397/2397/4826 2398/2398/4826 2348/2348/4826
f 2398/2398/4827 2399/2399/4827 2349/2349/4827
f 2399/2399/4828 2400/2400/4828 2350/2350/4828
f 2400/2400/4829 2401/2401/4829 2351/2351/4829
f 2401/2401/4830 2402/2402/4830 2352/2352/4830
f 2402/2402/4831 2403/2403/4831 2353/2353/4831
f 2403/2403/4832 2404/2404/4832 2354/2354/4832
f 2354/2354/4833 2404/2404/4833 2405/2405/4833
f 2355/2355/4834 2405/2405/4834 2406/2406/4834
f 63/63/4835 62/62/4835 2407/2407/4835
f 2407/2407/4836 2408/2408/4836 2358/2358/4836
f 2408/2408/4837 2409/2409/4837 2359/2359/4837
f 2409/2409/4838 2410/2410/4838 2360/2360/4838
f 2410/2410/4839 2411/2411/4839 2361/2361/4839
f 2411/2411/4840 2412/2412/4840 2362/2362/4840
f 2412/2412/4841 2413/2413/4841 2363/2363/4841
f 2363/2363/4842 2413/2413/4842 2414/2414/4842
f 2364/2364/4843 2414/2414/4843 2415/2415/4843
f 2365/2365/4844 2415/2415/4844 2416/2416/4844
f 2366/2366/4845 2416/2416/4845 2417/2417/4845
f 2367/2367/2307 2417/2417/2307 2418/2418/2307
f 2418/2418/4846 2419/2419/4846 2369/2369/4846
f 2419/2419/4847 2420/2420/4847 2370/2370/4847
f 2420/2420/4848 2421/2421/4848 2371/2371/4848
f 2421/2421/4849 2422/2422/4849 2372/2372/4849
f 2372/2372/4850 2422/2422/4850 2423/2423/4850
f 2373/2373/4851 2423/2423/4851 2424/2424/4851
f 2374/2374/4852 2424/2424/4852 2425/2425/4852
f 2425/2425/4853 2426/2426/4853 2376/2376/4853
f 2426/2426/4854 2427/2427/4854 2377/2377/4854
f 2427/2427/4855 2428/2428/4855 2378/2378/4855
f 2428/2428/4856 2429/2429/4856 2379/2379/4856
f 2429/2429/4857 2430/2430/4857 2380/2380/4857
f 2430/2430/4858 2431/2431/4858 2381/2381/4858
f 2431/2431/4859 2432/2432/4859 2382/2382/4859
f 2432/2432/4860 2433/2433/4860 2383/2383/4860
f 2433/2433/4861 2434/2434/4861 2384/2384/4861
f 2434/2434/4862 2435/2435/4862 2385/2385/4862
f 2435/2435/4863 2436/2436/4863 2386/2386/4863
f 2436/2436/4864 2437/2437/4864 2387/2387/4864
f 2437/2437/4865 2438/2438/4865 2388/2388/4865
f 2438/2438/4866 2439/2439/4866 2389/2389/4866
f 2439/2439/4867 2440/2440/4867 2390/2390/4867
f 2440/2440/4868 2441/2441/4868 2391/2391/4868
f 2391/2391/4869 2441/2441/4869 2442/2442/4869
f 2442/2442/4870 2443/2443/4870 2393/2393/4870
f 2393/2393/4871 2443/2443/4871 2444/2444/4871
f 2444/2444/4872 2445/2445/4872 2395/2395/4872
f 2445/2445/4873 2446/2446/4873 2396/2396/4873
f 2446/2446/4874 2447/2447/4874 2397/2397/4874
f 2447/2447/4875 2448/2448/4875 2398/2398/4875
f 2448/2448/4876 2449/2449/4876 2399/2399/4876
f 2449/2449/4877 2450/2450/4877 2400/2400/4877
f 2450/2450/4878 2451/2451/4878 2401/2401/4878
f 2451/2451/4879 2452/2452/4879 2402/2402/4879
f 2452/2452/4880 2453/2453/4880 2403/2403/4880
f 2403/2403/4881 2453/2453/4881 2454/2454/4881
f 2404/2404/4882 2454/2454/4882 2455/2455/4882
f 2405/2405/4883 2455/2455/4883 2456/2456/4883
f 62/62/4884 61/61/4884 2457/2457/4884
f 2457/2457/4885 2458/2458/4885 2408/2408/4885
f 2408/2408/4886 2458/2458/4886 2459/2459/4886
f 2459/2459/4887 2460/2460/4887 2410/2410/4887
f 2460/2460/4888 2461/2461/4888 2411/2411/4888
f 2461/2461/4889 2462/2462/4889 2412/2412/4889
f 2412/2412/4890 2462/2462/4890 2463/2463/4890
f 2463/2463/4891 2464/2464/4891 2414/2414/4891
f 2414/2414/4892 2464/2464/4892 2465/2465/4892
f 2415/2415/4893 2465/2465/4893 2466/2466/4893
f 2416/2416/4894 2466/2466/4894 2467/2467/4894
f 2417/2417/4895 2467/2467/4895 2468/2468/4895
f 2468/2468/4896 2469/2469/4896 2419/2419/4896
f 2469/2469/4897 2470/2470/4897 2420/2420/4897
f 2470/2470/4898 2471/2471/4898 2421/2421/4898
f 2421/2421/4899 2471/2471/4899 2472/2472/4899
f 2422/2422/4900 2472/2472/4900 2473/2473/4900
f 2423/2423/4901 2473/2473/4901 2474/2474/4901
f 2474/2474/4902 2475/2475/4902 2425/2425/4902
f 2475/2475/4903 2476/2476/4903 2426/2426/4903
f 2476/2476/4904 2477/2477/4904 2427/2427/4904
f 2477/2477/4905 2478/2478/4905 2428/2428/4905
f 2478/2478/4906 2479/2479/4906 2429/2429/4906
f 2479/2479/4907 2480/2480/4907 2430/2430/4907
f 2480/2480/4908 2481/2481/4908 2431/2431/4908
f 2431/2431/4909 2481/2481/4909 2482/2482/4909
f 2432/2432/4910 2482/2482/4910 2483/2483/4910
f 2433/2433/4911 2483/2483/4911 2484/2484/4911
f 2434/2434/4912 2484/2484/4912 2485/2485/4912
f 2435/2435/4913 2485/2485/4913 2486/2486/4913
f 2436/2436/4914 2486/2486/4914 2487/2487/4914
f 2437/2437/4915 2487/2487/4915 2488/2488/4915
f 2438/2438/4916 2488/2488/4916 2489/2489/4916
f 2439/2439/4917 2489/2489/4917 2490/2490/4917
f 2440/2440/4918 2490/2490/4918 2491/2491/4918
f 2441/2441/4919 2491/2491/4919 2492/2492/4919
f 2442/2442/4920 2492/2492/4920 2493/2493/4920
f 2493/2493/4921 2494/2494/4921 2444/2444/4921
f 2494/2494/4922 2495/2495/4922 2445/2445/4922
f 2495/2495/4923 2496/2496/4923 2446/2446/4923
f 2496/2496/4924 2497/2497/4924 2447/2447/4924
f 2497/2497/4925 2498/2498/4925 2448/2448/4925
f 2498/2498/4926 2499/2499/4926 2449/2449/4926
f 2499/2499/4927 2500/2500/4927 2450/2450/4927
f 2500/2500/4928 2501/2501/4928 2451/2451/4928
f 2501/2501/4929 2502/2502/4929 2452/2452/4929
f 2502/2502/4930 2503/2503/4930 2453/2453/4930
f 2503/2503/4931 2504/2504/4931 2454/2454/4931
f 2454/2454/4932 2504/2504/4932 2505/2505/4932
f 2455/2455/4933 2505/2505/4933 2506/2506/4933
f 61/61/4934 60/60/4934 2507/2507/4934
f 2507/2507/4935 2508/2508/4935 2458/2458/4935
f 2458/2458/4936 2508/2508/4936 2509/2509/4936
f 2459/2459/4937 2509/2509/4937 2510/2510/4937
f 2460/2460/4938 2510/2510/4938 2511/2511/4938
f 2461/2461/4939 2511/2511/4939 2512/2512/4939
f 2512/2512/4940 2513/2513/4940 2463/2463/4940
f 2513/2513/4941 2514/2514/4941 2464/2464/4941
f 2514/2514/4942 2515/2515/4942 2465/2465/4942
f 2465/2465/4943 2515/2515/4943 2516/2516/4943
f 2466/2466/4944 2516/2516/4944 2517/2517/4944
f 2467/2467/4945 2517/2517/4945 2518/2518/4945
f 2518/2518/4946 2519/2519/4946 2469/2469/4946
f 2519/2519/4947 2520/2520/4947 2470/2470/4947
f 2520/2520/4948 2521/2521/4948 2471/2471/4948
f 2471/2471/4949 2521/2521/4949 2522/2522/4949
f 2472/2472/4950 2522/2522/4950 2523/2523/4950
f 2473/2473/4951 2523/2523/4951 2524/2524/4951
f 2524/2524/4952 2525/2525/4952 2475/2475/4952
f 2525/2525/4953 2526/2526/4953 2476/2476/4953
f 2526/2526/4954 2527/2527/4954 2477/2477/4954
f 2527/2527/4955 2528/2528/4955 2478/2478/4955
f 2478/2478/4956 2528/2528/4956 2529/2529/4956
f 2529/2529/4957 2530/2530/4957 2480/2480/4957
f 2480/2480/4958 2530/2530/4958 2531/2531/4958
f 2481/2481/4959 2531/2531/4959 2532/2532/4959
f 2482/2482/4960 2532/2532/4960 2533/2533/4960
f 2483/2483/4961 2533/2533/4961 2534/2534/4961
f 2484/2484/4962 2534/2534/4962 2535/2535/4962
f 2485/2485/4963 2535/2535/4963 2536/2536/4963
f 2486/2486/4964 2536/2536/4964 2537/2537/4964
f 2487/2487/4965 2537/2537/4965 2538/2538/4965
f 2488/2488/4966 2538/2538/4966 2539/2539/4966
f 2489/2489/4967 2539/2539/4967 2540/2540/4967
f 2490/2490/4968 2540/2540/4968 2541/2541/4968
f 2491/2491/4969 2541/2541/4969 2542/2542/4969
f 2492/2492/4970 2542/2542/4970 2543/2543/4970
f 2543/2543/4971 2544/2544/4971 2494/2494/4971
f 2544/2544/4972 2545/2545/4972 2495/2495/4972
f 2545/2545/4973 2546/2546/4973 2496/2496/4973
f 2546/2546/4974 2547/2547/4974 2497/2497/4974
f 2547/2547/4975 2548/2548/4975 2498/2498/4975
f 2548/2548/4976 2549/2549/4976 2499/2499/4976
f 2549/2549/4977 2550/2550/4977 2500/2500/4977
f 2550/2550/4978 2551/2551/4978 2501/2501/4978
f 2551/2551/4979 2552/2552/4979 2502/2502/4979
f 2552/2552/4980 2553/2553/4980 2503/2503/4980
f 2553/2553/4981 2554/2554/4981 2504/2504/4981
f 2554/2554/4982 2555/2555/4982 2505/2505/4982
f 2555/2555/4983 2556/2556/4983 2506/2506/4983
f 60/60/4984 59/59/4984 2557/2557/4984
f 2507/2507/4985 2557/2557/4985 2558/2558/4985
f 2508/2508/4986 2558/2558/4986 2559/2559/4986
f 2509/2509/4987 2559/2559/4987 2560/2560/4987
f 2510/2510/4988 2560/2560/4988 2561/2561/4988
f 2511/2511/4989 2561/2561/4989 2562/2562/4989
f 2512/2512/4990 2562/2562/4990 2563/2563/4990
f 2513/2513/4991 2563/2563/4991 2564/2564/4991
f 2514/2514/4992 2564/2564/4992 2565/2565/4992
f 2515/2515/4993 2565/2565/4993 2566/2566/4993
f 2516/2516/4994 2566/2566/4994 2567/2567/4994
f 2517/2517/4995 2567/2567/4995 2568/2568/4995
f 2568/2568/4996 2569/2569/4996 2519/2519/4996
f 2569/2569/4997 2570/2570/4997 2520/2520/4997
f 2520/2520/4998 2570/2570/4998 2571/2571/4998
f 2571/2571/4999 2572/2572/4999 2522/2522/4999
f 2572/2572/5000 2573/2573/5000 2523/2523/5000
f 2523/2523/5001 2573/2573/5001 2574/2574/5001
f 2524/2524/5002 2574/2574/5002 2575/2575/5002
f 2575/2575/5003 2576/2576/5003 2526/2526/5003
f 2526/2526/5004 2576/2576/5004 2577/2577/5004
f 2577/2577/5005 2578/2578/5005 2528/2528/5005
f 2578/2578/5006 2579/2579/5006 2529/2529/5006
f 2579/2579/5007 2580/2580/5007 2530/2530/5007
f 2530/2530/5008 2580/2580/5008 2581/2581/5008
f 2531/2531/5009 2581/2581/5009 2582/2582/5009
f 2532/2532/5010 2582/2582/5010 2583/2583/5010
f 2533/2533/5011 2583/2583/5011 2584/2584/5011
f 2534/2534/5012 2584/2584/5012 2585/2585/5012
f 2535/2535/5013 2585/2585/5013 2586/2586/5013
f 2536/2536/5014 2586/2586/5014 2587/2587/5014
f 2537/2537/5015 2587/2587/5015 2588/2588/5015
f 2538/2538/5016 2588/2588/5016 2589/2589/5016
f 2539/2539/5017 2589/2589/5017 2590/2590/5017
f 2540/2540/5018 2590/2590/5018 2591/2591/5018
f 2541/2541/5019 2591/2591/5019 2592/2592/5019
f 2542/2542/5020 2592/2592/5020 2593/2593/5020
f 2593/2593/5021 2594/2594/5021 2544/2544/5021
f 2594/2594/5022 2595/2595/5022 2545/2545/5022
f 2595/2595/5023 2596/2596/5023 2546/2546/5023
f 2596/2596/5024 2597/2597/5024 2547/2547/5024
f 2597/2597/5025 2598/2598/5025 2548/2548/5025
f 2598/2598/5026 2599/2599/5026 2549/2549/5026
f 2599/2599/5027 2600/2600/5027 2550/2550/5027
f 2600/2600/5028 2601/2601/5028 2551/2551/5028
f 2601/2601/5029 2602/2602/5029 2552/2552/5029
f 2602/2602/5030 2603/2603/5030 2553/2553/5030
f 2553/2553/5031 2603/2603/5031 2604/2604/5031
f 2604/2604/5032 2605/2605/5032 2555/2555/5032
f 2605/2605/5033 2606/2606/5033 2556/2556/5033
f 59/59/2496 58/58/2496 2607/2607/2496
f 2557/2557/5034 2607/2607/5034 2608/2608/5034
f 2608/2608/5035 2609/2609/5035 2559/2559/5035
f 2559/2559/5036 2609/2609/5036 2610/2610/5036
f 2560/2560/5037 2610/2610/5037 2611/2611/5037
f 2561/2561/5038 2611/2611/5038 2612/2612/5038
f 2562/2562/5039 2612/2612/5039 2613/2613/5039
f 2563/2563/5040 2613/2613/5040 2614/2614/5040
f 2564/2564/5041 2614/2614/5041 2615/2615/5041
f 2615/2615/5042 2616/2616/5042 2566/2566/5042
f 2566/2566/5043 2616/2616/5043 2617/2617/5043
f 2617/2617/5044 2618/2618/5044 2568/2568/5044
f 2568/2568/5045 2618/2618/5045 2619/2619/5045
f 2569/2569/5046 2619/2619/5046 2620/2620/5046
f 2620/2620/5047 2621/2621/5047 2571/2571/5047
f 2621/2621/5048 2622/2622/5048 2572/2572/5048
f 2622/2622/5049 2623/2623/5049 2573/2573/5049
f 2573/2573/5050 2623/2623/5050 2624/2624/5050
f 2574/2574/5051 2624/2624/5051 2625/2625/5051
f 2575/2575/5052 2625/2625/5052 2626/2626/5052
f 2576/2576/5053 2626/2626/5053 2627/2627/5053
f 2627/2627/5054 2628/2628/5054 2578/2578/5054
f 2628/2628/5055 2629/2629/5055 2579/2579/5055
f 2629/2629/5056 2630/2630/5056 2580/2580/5056
f 2580/2580/5057 2630/2630/5057 2631/2631/5057
f 2581/2581/5058 2631/2631/5058 2632/2632/5058
f 2582/2582/5059 2632/2632/5059 2633/2633/5059
f 2583/2583/5060 2633/2633/5060 2634/2634/5060
f 2584/2584/5061 2634/2634/5061 2635/2635/5061
f 2585/2585/5062 2635/2635/5062 2636/2636/5062
f 2586/2586/5063 2636/2636/5063 2637/2637/5063
f 2587/2587/5064 2637/2637/5064 2638/2638/5064
f 2588/2588/5065 2638/2638/5065 2639/2639/5065
f 2589/2589/5066 2639/2639/5066 2640/2640/5066
f 2590/2590/5067 2640/2640/5067 2641/2641/5067
f 2591/2591/5068 2641/2641/5068 2642/2642/5068
f 2642/2642/5069 2643/2643/5069 2593/2593/5069
f 2643/2643/5070 2644/2644/5070 2594/2594/5070
f 2644/2644/5071 2645/2645/5071 2595/2595/5071
f 2645/2645/5072 2646/2646/5072 2596/2596/5072
f 2646/2646/5073 2647/2647/5073 2597/2597/5073
f 2647/2647/5074 2648/2648/5074 2598/2598/5074
f 2648/2648/5075 2649/2649/5075 2599/2599/5075
f 2649/2649/5076 2650/2650/5076 2600/2600/5076
f 2650/2650/5077 2651/2651/5077 2601/2601/5077
f 2651/2651/5078 2652/2652/5078 2602/2602/5078
f 2652/2652/5079 2653/2653/5079 2603/2603/5079
f 2603/2603/5080 2653/2653/5080 2654/2654/5080
f 2604/2604/5081 2654/2654/5081 2655/2655/5081
f 2655/2655/5082 2656/2656/5082 2606/2606/5082
f 57/57/5083 2657/2657/5083 2607/2607/5083
f 2657/2657/5084 2658/2658/5084 2608/2608/5084
f 2658/2658/5085 2659/2659/5085 2609/2609/5085
f 2609/2609/5086 2659/2659/5086 2660/2660/5086
f 2610/2610/5087 2660/2660/5087 2661/2661/5087
f 2611/2611/5088 2661/2661/5088 2662/2662/5088
f 2662/2662/5089 2663/2663/5089 2613/2613/5089
f 2663/2663/5090 2664/2664/5090 2614/2614/5090
f 2614/2614/5091 2664/2664/5091 2665/2665/5091
f 2665/2665/5092 2666/2666/5092 2616/2616/5092
f 2666/2666/5093 2667/2667/5093 2617/2617/5093
f 2667/2667/5094 2668/2668/5094 2618/2618/5094
f 2618/2618/5095 2668/2668/5095 2669/2669/5095
f 2619/2619/5096 2669/2669/5096 2670/2670/5096
f 2670/2670/5097 2671/2671/5097 2621/2621/5097
f 2671/2671/5098 2672/2672/5098 2622/2622/5098
f 2672/2672/5099 2673/2673/5099 2623/2623/5099
f 2623/2623/5100 2673/2673/5100 2674/2674/5100
f 2624/2624/5101 2674/2674/5101 2675/2675/5101
f 2625/2625/5102 2675/2675/5102 2676/2676/5102
f 2626/2626/5103 2676/2676/5103 2677/2677/5103
f 2677/2677/5104 2678/2678/5104 2628/2628/5104
f 2678/2678/5105 2679/2679/5105 2629/2629/5105
f 2629/2629/5106 2679/2679/5106 2680/2680/5106
f 2680/2680/5107 2681/2681/5107 2631/2631/5107
f 2681/2681/5108 2682/2682/5108 2632/2632/5108
f 2632/2632/5109 2682/2682/5109 2683/2683/5109
f 2633/2633/5110 2683/2683/5110 2684/2684/5110
f 2634/2634/5111 2684/2684/5111 2685/2685/5111
f 2635/2635/5112 2685/2685/5112 2686/2686/5112
f 2636/2636/5113 2686/2686/5113 2687/2687/5113
f 2637/2637/5114 2687/2687/5114 2688/2688/5114
f 2638/2638/5115 2688/2688/5115 2689/2689/5115
f 2639/2639/5116 2689/2689/5116 2690/2690/5116
f 2640/2640/5117 2690/2690/5117 2691/2691/5117
f 2641/2641/5118 2691/2691/5118 2692/2692/5118
f 2692/2692/5119 2693/2693/5119 2643/2643/5119
f 2693/2693/5120 2694/2694/5120 2644/2644/5120
f 2694/2694/5121 2695/2695/5121 2645/2645/5121
f 2695/2695/5122 2696/2696/5122 2646/2646/5122
f 2696/2696/5123 2697/2697/5123 2647/2647/5123
f 2697/2697/5124 2698/2698/5124 2648/2648/5124
f 2698/2698/5125 2699/2699/5125 2649/2649/5125
f 2699/2699/5126 2700/2700/5126 2650/2650/5126
f 2700/2700/5127 2701/2701/5127 2651/2651/5127
f 2701/2701/5128 2702/2702/5128 2652/2652/5128
f 2652/2652/5129 2702/2702/5129 2703/2703/5129
f 2653/2653/5130 2703/2703/5130 2704/2704/5130
f 2654/2654/5131 2704/2704/5131 2705/2705/5131
f 2705/2705/5132 2706/2706/5132 2656/2656/5132
f 57/57/3 2/2/3 56/56/3
f 2657/2657/5133 56/56/5133 55/55/5133
f 2658/2658/5134 55/55/5134 54/54/5134
f 2659/2659/5135 54/54/5135 53/53/5135
f 2660/2660/5136 53/53/5136 52/52/5136
f 2661/2661/5137 52/52/5137 51/51/5137
f 2662/2662/5138 51/51/5138 50/50/5138
f 2663/2663/5139 50/50/5139 49/49/5139
f 49/49/5140 48/48/5140 2665/2665/5140
f 48/48/5141 47/47/5141 2666/2666/5141
f 47/47/5142 46/46/5142 2667/2667/5142
f 46/46/5143 45/45/5143 2668/2668/5143
f 2668/2668/5143 45/45/5143 44/44/5143
f 2669/2669/5144 44/44/5144 43/43/5144
f 2670/2670/5145 43/43/5145 42/42/5145
f 2671/2671/5146 42/42/5146 41/41/5146
f 2672/2672/5147 41/41/5147 40/40/5147
f 40/40/5148 39/39/5148 2674/2674/5148
f 39/39/5149 38/38/5149 2675/2675/5149
f 38/38/5150 37/37/5150 2676/2676/5150
f 2676/2676/5150 37/37/5150 36/36/5150
f 2677/2677/5151 36/36/5151 35/35/5151
f 35/35/5152 34/34/5152 2679/2679/5152
f 34/34/5153 33/33/5153 2680/2680/5153
f 33/33/5154 32/32/5154 2681/2681/5154
f 32/32/5155 31/31/5155 2682/2682/5155
f 31/31/5156 30/30/5156 2683/2683/5156
f 30/30/5157 29/29/5157 2684/2684/5157
f 29/29/5158 28/28/5158 2685/2685/5158
f 28/28/5159 27/27/5159 2686/2686/5159
f 27/27/5160 26/26/5160 2687/2687/5160
f 2687/2687/5160 26/26/5160 25/25/5160
f 2688/2688/5161 25/25/5161 24/24/5161
f 2689/2689/5162 24/24/5162 23/23/5162
f 2690/2690/5163 23/23/5163 22/22/5163
f 2691/2691/5164 22/22/5164 21/21/5164
f 21/21/5165 20/20/5165 2693/2693/5165
f 20/20/5166 19/19/5166 2694/2694/5166
f 19/19/5167 18/18/5167 2695/2695/5167
f 18/18/5168 17/17/5168 2696/2696/5168
f 17/17/5169 16/16/5169 2697/2697/5169
f 2697/2697/5169 16/16/5169 15/15/5169
f 2698/2698/5170 15/15/5170 14/14/5170
f 2699/2699/5171 14/14/5171 13/13/5171
f 2700/2700/5172 13/13/5172 12/12/5172
f 2701/2701/5173 12/12/5173 11/11/5173
f 11/11/5174 10/10/5174 2703/2703/5174
f 10/10/5175 9/9/5175 2704/2704/5175
f 9/9/5176 8/8/5176 2705/2705/5176
f 8/8/5177 7/7/5177 2706/2706/5177
